{"type": "FeatureCollection", "features": [{"type": "Feature", "properties": {"Index": 5032}, "geometry": {"type": "Polygon", "coordinates": [[[-6.988933, 42.3554681], [-6.9908762, 42.354546], [-6.9979694, 42.3547646], [-7.0006946, 42.3560316], [-7.0194401, 42.3604166], [-7.0265537, 42.3634424], [-7.0333429, 42.3719835], [-7.0434584, 42.3780282], [-7.0469794, 42.3785883], [-7.0565826, 42.3761158], [-7.0627332, 42.3801285], [-7.0722784, 42.3839124], [-7.09337, 42.3882735], [-7.0847606, 42.4012406], [-7.0873355, 42.4068414], [-7.0855631, 42.4103794], [-7.0898456, 42.4183127], [-7.088787, 42.4252112], [-7.0904877, 42.4304363], [-7.0895246, 42.4361531], [-7.0911126, 42.4381305], [-7.0959723, 42.4403503], [-7.1021434, 42.4411938], [-7.1085399, 42.4392165], [-7.1136523, 42.4405825], [-7.1149261, 42.4424096], [-7.1192838, 42.4417573], [-7.1195535, 42.4427374], [-7.1215241, 42.4518318], [-7.1126687, 42.457337], [-7.1001046, 42.4587781], [-7.1006373, 42.4678521], [-7.0937013, 42.4724488], [-7.0846752, 42.4901697], [-7.0765507, 42.4967438], [-7.0774181, 42.5081843], [-7.0741806, 42.5067056], [-7.0602402, 42.5065963], [-7.0522455, 42.5086351], [-7.0440287, 42.5072247], [-7.0330082, 42.5043355], [-7.0290501, 42.4978571], [-7.0199899, 42.5015522], [-7.00482, 42.5039223], [-7.0013196, 42.5056913], [-7.0011454, 42.5019962], [-6.9976996, 42.4994895], [-6.9810578, 42.4934414], [-6.9739168, 42.4940048], [-6.9701841, 42.4909927], [-6.9722776, 42.4809968], [-6.9784999, 42.4757648], [-6.9812969, 42.4700036], [-6.979381, 42.4683609], [-6.9736778, 42.4685692], [-6.9699109, 42.4666738], [-6.9665505, 42.4627636], [-6.9636408, 42.4619747], [-6.9639892, 42.4568828], [-6.9611649, 42.4514425], [-6.9613015, 42.448386], [-6.9630329, 42.4479045], [-6.9616976, 42.4460057], [-6.9655055, 42.4446943], [-6.961339, 42.4424267], [-6.9603589, 42.4384891], [-6.9481056, 42.4288004], [-6.936361, 42.4378675], [-6.9328298, 42.4385198], [-6.9276457, 42.4370684], [-6.9146479, 42.4458042], [-6.9113421, 42.4407328], [-6.9070186, 42.4388818], [-6.9093169, 42.4381271], [-6.9085861, 42.4330113], [-6.9053486, 42.429825], [-6.9118338, 42.4257952], [-6.9230149, 42.4223049], [-6.9232266, 42.4210209], [-6.926768, 42.418982], [-6.9175883, 42.4138321], [-6.9208599, 42.4097647], [-6.9217513, 42.4104204], [-6.9314809, 42.4078693], [-6.9360434, 42.4048401], [-6.9383725, 42.3945402], [-6.9533819, 42.3898274], [-6.9546523, 42.3874266], [-6.9522754, 42.3828162], [-6.9535185, 42.3802071], [-6.9530267, 42.3791176], [-6.9495775, 42.3785166], [-6.9489013, 42.3764505], [-6.9536858, 42.3753406], [-6.9557417, 42.3707473], [-6.960475, 42.3697125], [-6.9656011, 42.3668575], [-6.9689547, 42.3622573], [-6.9693884, 42.3591291], [-6.9753512, 42.3574625], [-6.9854496, 42.354727], [-6.988933, 42.3554681]]]}}, {"type": "Feature", "properties": {"Index": 5805}, "geometry": {"type": "Polygon", "coordinates": [[[-4.0700722, 43.3645364], [-4.0751743, 43.3619853], [-4.0820011, 43.3635323], [-4.0899173, 43.3727667], [-4.0972461, 43.3670704], [-4.1114153, 43.3745802], [-4.1312741, 43.3783743], [-4.1441968, 43.3795218], [-4.1266637, 43.3913927], [-4.1279136, 43.3975603], [-4.1319605, 43.4041002], [-4.1319059, 43.4137171], [-4.1336339, 43.4141235], [-4.1257245, 43.4148475], [-4.1202604, 43.4173064], [-4.1155988, 43.4173508], [-4.1157934, 43.4180748], [-4.1112445, 43.4189252], [-4.1129282, 43.4195501], [-4.112211, 43.4199633], [-4.1057565, 43.4213089], [-4.1050052, 43.4234058], [-4.101631, 43.4242595], [-4.100849, 43.4257349], [-4.0983252, 43.4247308], [-4.0977993, 43.4265579], [-4.0923693, 43.4212782], [-4.089504, 43.4138503], [-4.0955351, 43.4071021], [-4.08878, 43.4058522], [-4.0780191, 43.3965085], [-4.0630849, 43.3948487], [-4.046368, 43.382872], [-4.044114, 43.3837565], [-4.0443292, 43.3819363], [-4.0502168, 43.372555], [-4.0503124, 43.3667357], [-4.0479082, 43.3624497], [-4.0518424, 43.3630849], [-4.0555614, 43.3654892], [-4.0583413, 43.3692014], [-4.0637611, 43.36789], [-4.067043, 43.3685252], [-4.0700722, 43.3645364]]]}}, {"type": "Feature", "properties": {"Index": 7458}, "geometry": {"type": "Polygon", "coordinates": [[[-2.9713133, 43.3460505], [-2.9753021, 43.3440287], [-2.9879209, 43.3469076], [-2.9929821, 43.3460812], [-2.9982072, 43.3516444], [-2.9997883, 43.3613876], [-2.9985862, 43.3625795], [-3.0040811, 43.3677705], [-3.0050578, 43.3673846], [-3.0089032, 43.3698434], [-3.0062873, 43.3750514], [-3.0009187, 43.3782924], [-2.9975207, 43.3762843], [-2.9961581, 43.3727292], [-2.9895431, 43.3696044], [-2.9847005, 43.3687438], [-2.974462, 43.364509], [-2.9658935, 43.3630474], [-2.9600366, 43.3592566], [-2.9544154, 43.3531334], [-2.9467485, 43.3492094], [-2.9494089, 43.3476316], [-2.9528274, 43.3477853], [-2.9556722, 43.3498344], [-2.9667507, 43.3447664], [-2.9713133, 43.3460505]]]}}, {"type": "Feature", "properties": {"Index": 10028}, "geometry": {"type": "Polygon", "coordinates": [[[-5.656165, 40.9665662], [-5.6562163, 40.9664911], [-5.6563733, 40.9665765], [-5.6569061, 40.9668668], [-5.6569983, 40.9669146], [-5.657152, 40.9669965], [-5.6571725, 40.9670068], [-5.6573125, 40.9670853], [-5.6573364, 40.967099], [-5.6573501, 40.9671058], [-5.6577565, 40.9673278], [-5.6579272, 40.9674234], [-5.6581458, 40.9675361], [-5.6581731, 40.9676181], [-5.6581765, 40.9676215], [-5.6582141, 40.967683], [-5.6582482, 40.9677342], [-5.6582858, 40.9677991], [-5.6583234, 40.9678605], [-5.658337, 40.967881], [-5.6583712, 40.9679357], [-5.6584053, 40.9679869], [-5.6584087, 40.9679937], [-5.6584361, 40.9680279], [-5.6584429, 40.9680347], [-5.658477, 40.9680791], [-5.6584975, 40.968103], [-5.6585078, 40.9681167], [-5.6585727, 40.9681782], [-5.6585829, 40.9681884], [-5.6585727, 40.9681952], [-5.6583951, 40.9683113], [-5.6580058, 40.9685641], [-5.6579989, 40.9685709], [-5.6580433, 40.9686221], [-5.6581253, 40.9687212], [-5.6581629, 40.9687655], [-5.6585966, 40.9687553], [-5.6587434, 40.9687519], [-5.6588117, 40.9687485], [-5.6588254, 40.9687553], [-5.659365, 40.9690866], [-5.6595084, 40.9687451], [-5.6597953, 40.9689295], [-5.6601539, 40.9691549], [-5.6602119, 40.9691788], [-5.6603827, 40.9692437], [-5.6605944, 40.9693051], [-5.6610213, 40.9694281], [-5.6614277, 40.9695339], [-5.6616599, 40.9695886], [-5.6619058, 40.9696569], [-5.6622166, 40.9697354], [-5.6623498, 40.9697696], [-5.6628928, 40.9698994], [-5.6630225, 40.9699369], [-5.6630464, 40.9699403], [-5.6630772, 40.9699438], [-5.6631318, 40.9699472], [-5.663265, 40.9699472], [-5.6633504, 40.9699438], [-5.663405, 40.9699403], [-5.6634494, 40.9699403], [-5.6636236, 40.9699335], [-5.6636134, 40.9699882], [-5.6635587, 40.9702511], [-5.6635246, 40.9704458], [-5.663487, 40.9706541], [-5.6634426, 40.9709], [-5.6633709, 40.9713576], [-5.6632957, 40.9718016], [-5.6632479, 40.9721021], [-5.6633231, 40.9721192], [-5.6634802, 40.9718494], [-5.663487, 40.9718494], [-5.6635143, 40.9717982], [-5.6635109, 40.9717982], [-5.663627, 40.9716035], [-5.664211, 40.9717811], [-5.6645184, 40.9718699], [-5.6646652, 40.9719108], [-5.6648974, 40.9719757], [-5.6649179, 40.9719826], [-5.6653072, 40.9720953], [-5.6654985, 40.9721533], [-5.6658741, 40.972266], [-5.6661303, 40.9723412], [-5.666103, 40.9723787], [-5.6661405, 40.9726348], [-5.6661713, 40.9728295], [-5.6661849, 40.9729251], [-5.6668338, 40.9729251], [-5.6670045, 40.9729285], [-5.6670933, 40.9729285], [-5.6676705, 40.972932], [-5.6678788, 40.972932], [-5.6682852, 40.9729285], [-5.6688726, 40.9729217], [-5.6691868, 40.972932], [-5.6694839, 40.9730378], [-5.6700576, 40.9733349], [-5.6701669, 40.9733896], [-5.6702933, 40.9734476], [-5.6703957, 40.9734989], [-5.6705289, 40.9735569], [-5.6705972, 40.9735911], [-5.6706758, 40.9736321], [-5.6708977, 40.9737413], [-5.6708909, 40.9737482], [-5.6706894, 40.9739087], [-5.6706621, 40.9739292], [-5.6705597, 40.9740077], [-5.6704196, 40.974117], [-5.6701294, 40.9743424], [-5.6700132, 40.9744278], [-5.6699859, 40.9744483], [-5.6697674, 40.9746156], [-5.669542, 40.9747898], [-5.669518, 40.9748103], [-5.6693678, 40.9749298], [-5.6695522, 40.9750118], [-5.6698391, 40.9751074], [-5.6701669, 40.9752201], [-5.6702386, 40.9752474], [-5.6703138, 40.9752747], [-5.6704265, 40.9753123], [-5.6704265, 40.9753225], [-5.6704128, 40.975466], [-5.6704094, 40.9755104], [-5.6703957, 40.9756401], [-5.6703718, 40.9756333], [-5.6703582, 40.9756299], [-5.6702181, 40.9755923], [-5.670184, 40.9755821], [-5.6700645, 40.9755513], [-5.6699381, 40.9755069], [-5.6699415, 40.9755377], [-5.6699415, 40.9755479], [-5.6699449, 40.9757084], [-5.6699449, 40.9757665], [-5.6699484, 40.9758997], [-5.6699518, 40.9760397], [-5.6695932, 40.9760465], [-5.6693883, 40.9760431], [-5.6689409, 40.9760431], [-5.6684116, 40.9760397], [-5.6679813, 40.9760397], [-5.6679198, 40.9760909], [-5.6677764, 40.9762036], [-5.6672436, 40.9766408], [-5.6672163, 40.9766612], [-5.6670592, 40.9767876], [-5.6670967, 40.9768388], [-5.6671138, 40.9768593], [-5.6671582, 40.9769276], [-5.6672607, 40.9770711], [-5.667288, 40.977112], [-5.6673119, 40.9771496], [-5.6672231, 40.9772179], [-5.6669397, 40.9774296], [-5.6669431, 40.977655], [-5.6669465, 40.9778019], [-5.6669499, 40.9780341], [-5.6669499, 40.9780888], [-5.6669567, 40.9783756], [-5.6669601, 40.9784747], [-5.6669738, 40.9786181], [-5.6669738, 40.9786386], [-5.6669977, 40.9788708], [-5.6670011, 40.9789152], [-5.6668987, 40.9789152], [-5.6668918, 40.9789186], [-5.6665947, 40.9789255], [-5.6665879, 40.9789255], [-5.6661439, 40.9789391], [-5.6661371, 40.9789391], [-5.6660449, 40.9789425], [-5.6660415, 40.9789425], [-5.6655121, 40.9789596], [-5.6655053, 40.9789596], [-5.665116, 40.9789699], [-5.6651092, 40.9789699], [-5.6651262, 40.979226], [-5.6651399, 40.9794616], [-5.6651399, 40.9794685], [-5.6651706, 40.9799466], [-5.6652116, 40.9806637], [-5.6652184, 40.9807662], [-5.6652355, 40.9810326], [-5.6652389, 40.9811009], [-5.6650306, 40.9811077], [-5.6638729, 40.9811487], [-5.6638592, 40.9811487], [-5.6636919, 40.9811555], [-5.6637056, 40.9812443], [-5.6637841, 40.9816985], [-5.6638148, 40.9818863], [-5.6638592, 40.9821493], [-5.6639002, 40.9823884], [-5.6639344, 40.9826001], [-5.6639924, 40.9829314], [-5.6640129, 40.9830441], [-5.664088, 40.983488], [-5.6640983, 40.9835529], [-5.6641324, 40.9837544], [-5.6641666, 40.9839388], [-5.6642247, 40.9842906], [-5.6642349, 40.9843213], [-5.6644671, 40.9859162], [-5.6647198, 40.9872651], [-5.6650511, 40.9890888], [-5.6651945, 40.9898469], [-5.6653243, 40.9905982], [-5.665437, 40.9914964], [-5.6654917, 40.9918618], [-5.6647916, 40.9914964], [-5.6637363, 40.9920804], [-5.6612091, 40.9929547], [-5.661175, 40.9930093], [-5.6606764, 40.9937743], [-5.6606081, 40.9938802], [-5.6604544, 40.9941192], [-5.6604476, 40.9941226], [-5.6573945, 40.9939382], [-5.6532724, 40.9918652], [-5.6530436, 40.9916911], [-5.6530163, 40.991674], [-5.6508819, 40.9916535], [-5.6508716, 40.9916535], [-5.6508648, 40.9916501], [-5.6503355, 40.9915647], [-5.6503116, 40.9915374], [-5.6488567, 40.989823], [-5.6488294, 40.9897991], [-5.6488226, 40.9897957], [-5.6464764, 40.9887302], [-5.6464764, 40.9887268], [-5.6422963, 40.9868314], [-5.642187, 40.98552], [-5.6397999, 40.9853458], [-5.6356267, 40.9846765], [-5.6354696, 40.9845945], [-5.6351212, 40.9844921], [-5.634667, 40.9844852], [-5.6345031, 40.9844955], [-5.634042, 40.9844238], [-5.6339464, 40.9845365], [-5.6335571, 40.9845638], [-5.6335537, 40.9845638], [-5.6332976, 40.9846492], [-5.6327443, 40.9848267], [-5.62936, 40.983266], [-5.6244251, 40.9809882], [-5.6236089, 40.9762275], [-5.6255863, 40.9739462], [-5.6236328, 40.9717367], [-5.6236567, 40.9717333], [-5.6240461, 40.9716513], [-5.6240939, 40.9716376], [-5.6241383, 40.9716274], [-5.624753, 40.9715181], [-5.625074, 40.9714601], [-5.6251389, 40.9714498], [-5.6254872, 40.9713883], [-5.6255282, 40.9713781], [-5.6260439, 40.9712791], [-5.6265527, 40.9711732], [-5.6270479, 40.9710776], [-5.6273246, 40.9710263], [-5.627386, 40.9710195], [-5.6274065, 40.9710161], [-5.6278949, 40.9709273], [-5.6285984, 40.9708009], [-5.6291209, 40.9707053], [-5.6291892, 40.9706917], [-5.6292199, 40.9706814], [-5.6292473, 40.9706746], [-5.629377, 40.9706336], [-5.6297493, 40.9705755], [-5.6301044, 40.9705175], [-5.6305518, 40.9704389], [-5.6310265, 40.9703331], [-5.6314363, 40.9702818], [-5.6321296, 40.9701623], [-5.6325223, 40.9700838], [-5.6326316, 40.9700633], [-5.6331029, 40.9699779], [-5.6332941, 40.9699438], [-5.6335127, 40.9699062], [-5.6341069, 40.9697969], [-5.6355208, 40.9696979], [-5.6364941, 40.9696057], [-5.6373137, 40.9695271], [-5.6380958, 40.969452], [-5.6383246, 40.9694281], [-5.6387276, 40.9693905], [-5.6411215, 40.9691719], [-5.6412479, 40.9691583], [-5.6413674, 40.969148], [-5.6419787, 40.96909], [-5.6420914, 40.9690797], [-5.643133, 40.9689807], [-5.6431672, 40.9689773], [-5.6437102, 40.9689261], [-5.6443351, 40.968868], [-5.6443556, 40.9688646], [-5.644844, 40.9688202], [-5.6455338, 40.9687553], [-5.6456534, 40.9687416], [-5.645749, 40.9687314], [-5.6462544, 40.9686802], [-5.6466403, 40.9686426], [-5.6467086, 40.9686358], [-5.6470023, 40.9686119], [-5.6471458, 40.968605], [-5.6471458, 40.9686016], [-5.6471423, 40.968588], [-5.6471423, 40.9685777], [-5.6471458, 40.9685709], [-5.6471458, 40.9685641], [-5.6471492, 40.9685538], [-5.6471526, 40.9685402], [-5.6471731, 40.9685094], [-5.6472038, 40.9684787], [-5.6472175, 40.9684718], [-5.6472209, 40.9684718], [-5.6472311, 40.968465], [-5.6472448, 40.9684582], [-5.6472585, 40.9684548], [-5.6472755, 40.9684514], [-5.6472892, 40.9684479], [-5.6473063, 40.9684445], [-5.647337, 40.9684445], [-5.6473541, 40.9684479], [-5.6473712, 40.9684479], [-5.6473985, 40.9684548], [-5.6474156, 40.9684616], [-5.6474292, 40.9684684], [-5.6474326, 40.9684684], [-5.6474531, 40.9684821], [-5.6474702, 40.9684992], [-5.6474736, 40.9684992], [-5.6474839, 40.9685094], [-5.6474907, 40.9685231], [-5.6475043, 40.9685436], [-5.6475078, 40.9685572], [-5.6475078, 40.9685606], [-5.6475112, 40.9685675], [-5.6475112, 40.9685811], [-5.6479005, 40.9685777], [-5.6480371, 40.9685743], [-5.6484264, 40.9685743], [-5.6487645, 40.9685811], [-5.6490924, 40.968588], [-5.6491333, 40.968588], [-5.6493622, 40.9685948], [-5.6499905, 40.9685982], [-5.6505062, 40.9685982], [-5.6509638, 40.9686119], [-5.6514693, 40.9686221], [-5.6529378, 40.9686221], [-5.6534364, 40.9686255], [-5.6537608, 40.9684172], [-5.6538325, 40.9683728], [-5.6544814, 40.9679562], [-5.654495, 40.9679459], [-5.6548024, 40.9677547], [-5.6549971, 40.9676352], [-5.6552361, 40.9674849], [-5.6552498, 40.9674746], [-5.6553181, 40.96742], [-5.6554854, 40.9672834], [-5.6556289, 40.96714], [-5.6556733, 40.9670922], [-5.6557347, 40.9670273], [-5.6558406, 40.966918], [-5.6559499, 40.9668121], [-5.6560797, 40.9666823], [-5.656148, 40.9665901], [-5.656165, 40.9665662]]]}}, {"type": "Feature", "properties": {"Index": 10531}, "geometry": {"type": "Polygon", "coordinates": [[[-3.5327173, 40.4467308], [-3.5349098, 40.4466317], [-3.5372798, 40.4472191], [-3.5504894, 40.4487764], [-3.5554003, 40.4493092], [-3.5576782, 40.449456], [-3.563279, 40.4496029], [-3.5819185, 40.4498146], [-3.5933386, 40.4500263], [-3.5903094, 40.4506069], [-3.5885063, 40.4516212], [-3.5863889, 40.4536259], [-3.5842989, 40.4552856], [-3.5778512, 40.46062], [-3.5804705, 40.4624641], [-3.5808189, 40.4622251], [-3.5834622, 40.4647454], [-3.5845277, 40.4653806], [-3.5831685, 40.4663232], [-3.5822361, 40.4676243], [-3.5838139, 40.4684064], [-3.5857093, 40.4686386], [-3.5887214, 40.4686249], [-3.5916413, 40.4687308], [-3.5985535, 40.468584], [-3.5998307, 40.4687069], [-3.6021701, 40.4693489], [-3.6042635, 40.4705647], [-3.6064936, 40.4714458], [-3.608488, 40.4718146], [-3.6232924, 40.4723884], [-3.6253859, 40.4728187], [-3.6265265, 40.4747516], [-3.6257854, 40.4754415], [-3.6231695, 40.4765958], [-3.6219298, 40.4773881], [-3.620837, 40.4783887], [-3.6183883, 40.4798572], [-3.6176814, 40.4804651], [-3.6162676, 40.482982], [-3.6147376, 40.4842592], [-3.6148742, 40.4855058], [-3.6142083, 40.4866976], [-3.6139077, 40.4880159], [-3.613194, 40.4882856], [-3.6123436, 40.4891497], [-3.6107932, 40.4897917], [-3.6054485, 40.4910246], [-3.6028257, 40.4923906], [-3.6016236, 40.4935756], [-3.5998717, 40.4939308], [-3.6007016, 40.4952285], [-3.6007016, 40.4967346], [-3.601569, 40.4979367], [-3.6026413, 40.5007951], [-3.6031946, 40.5016045], [-3.6023989, 40.5012801], [-3.601289, 40.5017275], [-3.5994653, 40.501707], [-3.5977953, 40.5012357], [-3.5948891, 40.501181], [-3.5932669, 40.5015772], [-3.5891688, 40.5044937], [-3.5869182, 40.505344], [-3.5847189, 40.5067306], [-3.5829943, 40.5084893], [-3.57794, 40.5103676], [-3.5759524, 40.5103642], [-3.5721275, 40.5123689], [-3.5649558, 40.5120615], [-3.561708, 40.5111531], [-3.5616295, 40.5106989], [-3.5585012, 40.5112317], [-3.5542597, 40.5113341], [-3.5551271, 40.5085679], [-3.5549461, 40.5054567], [-3.5552125, 40.5031584], [-3.5552125, 40.503155], [-3.5534059, 40.5024617], [-3.5535835, 40.5017821], [-3.5533035, 40.4999926], [-3.5528424, 40.4993471], [-3.5524258, 40.4990671], [-3.5524087, 40.4990056], [-3.5521628, 40.4988929], [-3.5510939, 40.4981758], [-3.549721, 40.4975849], [-3.5486282, 40.4972571], [-3.5417775, 40.4940879], [-3.5416717, 40.4922984], [-3.5414736, 40.4919603], [-3.5410979, 40.4893409], [-3.5410569, 40.4887945], [-3.541016, 40.4887706], [-3.5409886, 40.4885862], [-3.5369486, 40.4864347], [-3.5373037, 40.4845256], [-3.536829, 40.4835387], [-3.5362143, 40.4827532], [-3.5343804, 40.4735598], [-3.5343463, 40.4729553], [-3.5341823, 40.472566], [-3.5341243, 40.4722723], [-3.5340492, 40.4722484], [-3.5339467, 40.4720025], [-3.5326524, 40.4713809], [-3.530839, 40.4712819], [-3.5269082, 40.4704008], [-3.5267067, 40.4702813], [-3.5249104, 40.468765], [-3.5265291, 40.4659646], [-3.5276629, 40.464964], [-3.5286909, 40.4635877], [-3.5294456, 40.4613474], [-3.5294661, 40.4608932], [-3.5295549, 40.4607395], [-3.5294798, 40.4606029], [-3.5295037, 40.4600531], [-3.5290256, 40.4583762], [-3.5276015, 40.4571878], [-3.5266589, 40.4554768], [-3.5266999, 40.4552583], [-3.5317132, 40.4547119], [-3.5318669, 40.4547426], [-3.5320103, 40.4546811], [-3.5321572, 40.454664], [-3.5322528, 40.4545718], [-3.5328231, 40.4543225], [-3.5345204, 40.4524852], [-3.5345102, 40.4524408], [-3.5345512, 40.4524032], [-3.5344829, 40.452294], [-3.5343668, 40.4516929], [-3.5334447, 40.4505762], [-3.5327924, 40.4491965], [-3.5315117, 40.4472635], [-3.532526, 40.4467478], [-3.5327173, 40.4467308]]]}}, {"type": "Feature", "properties": {"Index": 4548}, "geometry": {"type": "Polygon", "coordinates": [[[-4.6683216, 36.9186785], [-4.6716001, 36.9114112], [-4.6829963, 36.9151883], [-4.6996961, 36.9306997], [-4.7120177, 36.9324857], [-4.7119255, 36.9398863], [-4.713435, 36.9425705], [-4.6885287, 36.9547624], [-4.683126, 36.9526826], [-4.6772008, 36.9559235], [-4.6725563, 36.9567705], [-4.6708863, 36.9595094], [-4.6578817, 36.9605305], [-4.6527932, 36.9590688], [-4.6394333, 36.9587751], [-4.6400105, 36.9516376], [-4.6464035, 36.9397155], [-4.6533942, 36.9333703], [-4.6538792, 36.9277046], [-4.6576836, 36.9224215], [-4.658008, 36.9171998], [-4.6683216, 36.9186785]]]}}, {"type": "Feature", "properties": {"Index": 10290}, "geometry": {"type": "Polygon", "coordinates": [[[-4.5090348, 36.690178], [-4.5108482, 36.6895393], [-4.5120127, 36.6901165], [-4.5142701, 36.6923636], [-4.5156771, 36.6934291], [-4.516104, 36.6945937], [-4.5160733, 36.696028], [-4.5172139, 36.6963422], [-4.5184263, 36.6966735], [-4.5234601, 36.6954577], [-4.5261068, 36.69444], [-4.5277631, 36.6939585], [-4.533036, 36.6957992], [-4.534344, 36.6967213], [-4.5357545, 36.6972814], [-4.5371615, 36.697237], [-4.5428647, 36.6935487], [-4.546471, 36.6935999], [-4.5515971, 36.6964003], [-4.5517098, 36.6964617], [-4.5513478, 36.698825], [-4.5508321, 36.7000681], [-4.550996, 36.7011233], [-4.5541208, 36.7017585], [-4.5554903, 36.7017927], [-4.5577443, 36.7011677], [-4.5615213, 36.7011916], [-4.5621122, 36.7022196], [-4.5634475, 36.7045384], [-4.5625425, 36.7065294], [-4.561296, 36.7082541], [-4.5612925, 36.709282], [-4.5651243, 36.7129601], [-4.5656878, 36.7139641], [-4.5673543, 36.7155009], [-4.5689765, 36.716662], [-4.5719784, 36.7172801], [-4.5745465, 36.7174441], [-4.5756872, 36.7170548], [-4.5772479, 36.717147], [-4.5775245, 36.717164], [-4.577586, 36.7171674], [-4.5755403, 36.7228468], [-4.5757213, 36.7232088], [-4.5761038, 36.7239635], [-4.5770225, 36.7257837], [-4.5770805, 36.7312376], [-4.5772854, 36.7320368], [-4.5781699, 36.7331159], [-4.5795189, 36.7338809], [-4.5824286, 36.7343385], [-4.5825378, 36.7345161], [-4.58611, 36.7402671], [-4.5858744, 36.7411995], [-4.5862603, 36.7426611], [-4.5846757, 36.7438906], [-4.5844981, 36.7443858], [-4.5844947, 36.7443892], [-4.5844947, 36.7443926], [-4.5847781, 36.7456596], [-4.5848499, 36.745984], [-4.5849011, 36.746206], [-4.5846347, 36.7474149], [-4.5852597, 36.7478111], [-4.5854236, 36.7485419], [-4.5857514, 36.7500138], [-4.5858266, 36.7503485], [-4.5858266, 36.7503519], [-4.5842795, 36.7548223], [-4.5826847, 36.7594258], [-4.581404, 36.7614134], [-4.581083, 36.762578], [-4.5806356, 36.765351], [-4.5810079, 36.7661126], [-4.5813494, 36.7668093], [-4.5812947, 36.7685441], [-4.5839756, 36.7726081], [-4.5851367, 36.774524], [-4.5851333, 36.7745684], [-4.5850411, 36.7766994], [-4.5846996, 36.7794759], [-4.5848396, 36.7813678], [-4.5856866, 36.7827646], [-4.5867452, 36.7830856], [-4.5878825, 36.7841101], [-4.5778592, 36.7808795], [-4.5777601, 36.7808487], [-4.577726, 36.7808829], [-4.5766263, 36.7820338], [-4.5752569, 36.7834681], [-4.5752466, 36.7834715], [-4.5727604, 36.7841067], [-4.5609544, 36.7815932], [-4.5534515, 36.7715938], [-4.5534446, 36.771587], [-4.5534344, 36.7715802], [-4.552123, 36.7703712], [-4.5500193, 36.7694252], [-4.5500056, 36.7694457], [-4.5489504, 36.771324], [-4.5488411, 36.7715221], [-4.5473419, 36.7711533], [-4.5438346, 36.7713718], [-4.5397945, 36.7712523], [-4.5397911, 36.7712523], [-4.5362462, 36.7727208], [-4.5349519, 36.7736019], [-4.5327184, 36.7744522], [-4.5326296, 36.7751797], [-4.5247818, 36.7805209], [-4.5174735, 36.7798413], [-4.5153254, 36.7799949], [-4.5135119, 36.7806643], [-4.5115756, 36.7835466], [-4.5069584, 36.7847419], [-4.5059817, 36.7851586], [-4.504964, 36.7838062], [-4.5037516, 36.7832222], [-4.5033111, 36.7820133], [-4.5010878, 36.7802647], [-4.5003229, 36.7790148], [-4.4996706, 36.7758729], [-4.4981645, 36.7727618], [-4.4975908, 36.7712523], [-4.4985777, 36.7692886], [-4.4988202, 36.7682129], [-4.4999472, 36.7664541], [-4.5015215, 36.7653613], [-4.5029866, 36.7647329], [-4.5037038, 36.7638791], [-4.5050254, 36.7630151], [-4.5065144, 36.762455], [-4.5074911, 36.7618027], [-4.5089186, 36.7598869], [-4.5106979, 36.7594019], [-4.512204, 36.7581759], [-4.5125421, 36.7574792], [-4.5126343, 36.7557205], [-4.5127572, 36.7457723], [-4.5125694, 36.7329042], [-4.4895687, 36.7328701], [-4.4896678, 36.7315211], [-4.4902142, 36.7293218], [-4.4901834, 36.7278191], [-4.4885715, 36.7246977], [-4.4914368, 36.7249265], [-4.4923691, 36.7256984], [-4.4923486, 36.7270473], [-4.4945206, 36.7262755], [-4.4953197, 36.72535], [-4.4953095, 36.7248036], [-4.4945752, 36.7236835], [-4.4946094, 36.7207635], [-4.4929565, 36.7208558], [-4.4916519, 36.7202444], [-4.4918022, 36.7183901], [-4.4916349, 36.7172118], [-4.4911362, 36.716341], [-4.4910987, 36.7144012], [-4.4914231, 36.7128098], [-4.4937829, 36.712359], [-4.5005551, 36.711734], [-4.5029388, 36.7103885], [-4.5043219, 36.7092752], [-4.5048, 36.7082336], [-4.5046908, 36.7075984], [-4.5056265, 36.7065431], [-4.505384, 36.706246], [-4.5036116, 36.7068026], [-4.5006131, 36.7071544], [-4.5004799, 36.7027558], [-4.5047283, 36.702667], [-4.504199, 36.6992484], [-4.5020202, 36.69959], [-4.5004492, 36.6996002], [-4.500439, 36.697418], [-4.5010161, 36.6951777], [-4.5011527, 36.6934189], [-4.5019997, 36.6933301], [-4.5032632, 36.6941907], [-4.5046634, 36.6946312], [-4.5057529, 36.693675], [-4.5062515, 36.6924285], [-4.507235, 36.6913801], [-4.5090348, 36.690178]]]}}, {"type": "Feature", "properties": {"Index": 354}, "geometry": {"type": "Polygon", "coordinates": [[[-2.6504993, 36.6997914], [-2.6571826, 36.6977185], [-2.6645046, 36.7231712], [-2.661291, 36.7331672], [-2.6587877, 36.739912], [-2.6576949, 36.7689027], [-2.6554034, 36.7746572], [-2.6378122, 36.7887205], [-2.6208016, 36.7906398], [-2.6138041, 36.7932148], [-2.6031422, 36.8024287], [-2.5981869, 36.8217581], [-2.6099724, 36.8326523], [-2.6105734, 36.8357464], [-2.6137051, 36.837792], [-2.6150677, 36.8408895], [-2.6093986, 36.8422214], [-2.6092006, 36.843123], [-2.6095352, 36.8460634], [-2.6109115, 36.8467532], [-2.6100987, 36.8475353], [-2.6113999, 36.8479075], [-2.6104402, 36.8490311], [-2.6132304, 36.8495194], [-2.6162118, 36.8566399], [-2.6101124, 36.8535458], [-2.6046278, 36.8536654], [-2.6026436, 36.8510528], [-2.6031558, 36.8477265], [-2.5978932, 36.8502059], [-2.5957178, 36.8479553], [-2.5932794, 36.8484164], [-2.5908649, 36.8472006], [-2.5898677, 36.8450593], [-2.5863433, 36.8435225], [-2.5883924, 36.8398172], [-2.5877504, 36.8381916], [-2.5844514, 36.8366821], [-2.580524, 36.836624], [-2.5761834, 36.8408383], [-2.5734718, 36.8406299], [-2.5742266, 36.8421463], [-2.5699611, 36.8426005], [-2.5682604, 36.8417194], [-2.5671027, 36.8400118], [-2.5680965, 36.8372456], [-2.5653371, 36.8369314], [-2.5523597, 36.820375], [-2.5518509, 36.8188792], [-2.5537872, 36.8175166], [-2.5622054, 36.8129233], [-2.5578341, 36.8155188], [-2.5600164, 36.8149792], [-2.5605013, 36.8157476], [-2.5606755, 36.8149006], [-2.5620586, 36.8159764], [-2.5618674, 36.8148494], [-2.5629021, 36.8153309], [-2.5615737, 36.8142825], [-2.5640667, 36.814443], [-2.5683799, 36.8109903], [-2.5855442, 36.7929621], [-2.5985933, 36.7763613], [-2.6057001, 36.7606928], [-2.6059084, 36.7585823], [-2.6037501, 36.7572504], [-2.6066085, 36.7572777], [-2.605181, 36.7561986], [-2.6065436, 36.7562054], [-2.6063011, 36.7550204], [-2.6051981, 36.7546925], [-2.6029885, 36.7574724], [-2.6074623, 36.7511101], [-2.6125849, 36.7373131], [-2.617226, 36.729957], [-2.6461997, 36.7025816], [-2.6504993, 36.6997914]]]}}, {"type": "Feature", "properties": {"Index": 380}, "geometry": {"type": "Polygon", "coordinates": [[[-2.7425327, 36.6838361], [-2.7594784, 36.6803288], [-2.7679683, 36.6823301], [-2.7714312, 36.6806942], [-2.7862698, 36.6931457], [-2.7882062, 36.6938697], [-2.7922257, 36.6931013], [-2.7976045, 36.6956626], [-2.7908494, 36.6935691], [-2.7899786, 36.6958675], [-2.7876939, 36.6964481], [-2.7912763, 36.6963115], [-2.7890224, 36.6982717], [-2.7918569, 36.6966188], [-2.7915188, 36.69834], [-2.7950398, 36.6954953], [-2.7942953, 36.6976058], [-2.7963717, 36.6997914], [-2.8144921, 36.7059864], [-2.8331522, 36.7040023], [-2.8449889, 36.6955909], [-2.8472634, 36.6950786], [-2.8506887, 36.6960485], [-2.8547015, 36.6993338], [-2.8576248, 36.6985108], [-2.8817661, 36.7237688], [-2.8988484, 36.7385596], [-2.9071198, 36.7430573], [-2.9013312, 36.7488834], [-2.9011843, 36.7505705], [-2.8973628, 36.7516497], [-2.8994324, 36.7541734], [-2.8971784, 36.7563557], [-2.8981415, 36.7628819], [-2.8954845, 36.7651256], [-2.8965432, 36.7691896], [-2.8941048, 36.7736975], [-2.8947435, 36.7745718], [-2.8969974, 36.7742132], [-2.8985342, 36.7807941], [-2.8807655, 36.7848785], [-2.8740343, 36.7877848], [-2.8720467, 36.7911896], [-2.8622181, 36.7840657], [-2.8588167, 36.7871257], [-2.8560129, 36.7930816], [-2.8540082, 36.7929621], [-2.850617, 36.7957454], [-2.8479293, 36.8006358], [-2.8389408, 36.7997581], [-2.8303109, 36.8087774], [-2.8180029, 36.8075889], [-2.7960848, 36.8126911], [-2.7916657, 36.8213722], [-2.7709531, 36.8183226], [-2.7519037, 36.8186197], [-2.7255187, 36.8157373], [-2.7229369, 36.8196374], [-2.7205839, 36.8285269], [-2.7189378, 36.8186982], [-2.7183128, 36.8147401], [-2.7117422, 36.7792334], [-2.7039865, 36.7559356], [-2.6959542, 36.7446658], [-2.6645046, 36.7231712], [-2.6571826, 36.6977185], [-2.672554, 36.6949967], [-2.6825807, 36.689956], [-2.6907803, 36.6882279], [-2.700609, 36.6827296], [-2.7142216, 36.684987], [-2.7244737, 36.6851134], [-2.7425327, 36.6838361]]]}}, {"type": "Feature", "properties": {"Index": 10328}, "geometry": {"type": "MultiPolygon", "coordinates": [[[[-3.6734431, 37.1088446], [-3.6794775, 37.1067717], [-3.6818237, 37.1098863], [-3.685874, 37.1092715], [-3.6873767, 37.1090427], [-3.6935477, 37.1110235], [-3.7004496, 37.1132399], [-3.7011634, 37.1127618], [-3.7042643, 37.1106854], [-3.70701, 37.1108391], [-3.710029, 37.1110098], [-3.7115829, 37.1130486], [-3.7132323, 37.1152172], [-3.7187819, 37.1152479], [-3.7199259, 37.1145103], [-3.7207387, 37.1139844], [-3.7271352, 37.1179903], [-3.7346655, 37.1167472], [-3.742667, 37.1188065], [-3.7456689, 37.1162178], [-3.7471101, 37.1173004], [-3.7497124, 37.1164466], [-3.7524137, 37.1184069], [-3.7525572, 37.1185094], [-3.7540974, 37.1168223], [-3.7544628, 37.1164227], [-3.7570207, 37.1180483], [-3.7506515, 37.1249468], [-3.7509521, 37.1254249], [-3.7512833, 37.1259543], [-3.7521508, 37.1273374], [-3.7519971, 37.1275867], [-3.7476633, 37.1346047], [-3.745744, 37.1388497], [-3.7454811, 37.1394302], [-3.7452762, 37.1439484], [-3.7406112, 37.148207], [-3.739631, 37.1491018], [-3.7399657, 37.1502185], [-3.740478, 37.1519192], [-3.7377698, 37.1518612], [-3.7369092, 37.1518407], [-3.735649, 37.1546479], [-3.7349011, 37.1563179], [-3.7254447, 37.1635579], [-3.7249564, 37.1641692], [-3.7195093, 37.1709789], [-3.7172485, 37.172362], [-3.7135739, 37.1721776], [-3.7111355, 37.1740764], [-3.7095577, 37.1736358], [-3.7073755, 37.1730245], [-3.7047185, 37.178977], [-3.7016483, 37.1858482], [-3.7023689, 37.1870606], [-3.6987967, 37.1882627], [-3.6953338, 37.1876616], [-3.6949309, 37.1868454], [-3.6886539, 37.1865927], [-3.6813012, 37.1819208], [-3.6713325, 37.1835737], [-3.6559373, 37.177792], [-3.6522558, 37.1739364], [-3.6483695, 37.1724781], [-3.6578634, 37.1722732], [-3.6566203, 37.1679702], [-3.6540419, 37.1667578], [-3.6549708, 37.1647258], [-3.6558451, 37.1632061], [-3.6559305, 37.1610341], [-3.6436839, 37.1608497], [-3.6416281, 37.1585172], [-3.6364781, 37.1610512], [-3.6344427, 37.1600062], [-3.6303685, 37.1602521], [-3.6281179, 37.1592002], [-3.6284321, 37.1561881], [-3.6244296, 37.154525], [-3.6270798, 37.1482275], [-3.6300577, 37.1473908], [-3.6319736, 37.143443], [-3.6321136, 37.1388258], [-3.6298255, 37.1383784], [-3.637267, 37.1287649], [-3.6390975, 37.1242331], [-3.6414812, 37.1238642], [-3.6426594, 37.1236798], [-3.6438957, 37.1222626], [-3.6455691, 37.1203467], [-3.6461462, 37.1205448], [-3.6504014, 37.1219893], [-3.6592226, 37.1199471], [-3.6598647, 37.1184889], [-3.6605477, 37.1169282], [-3.6641062, 37.1148279], [-3.664236, 37.114681], [-3.6695123, 37.1087593], [-3.6710184, 37.1087934], [-3.6734431, 37.1088446]]], [[[-3.6200481, 37.1103234], [-3.6231148, 37.1081275], [-3.6252629, 37.111867], [-3.6298391, 37.1140049], [-3.6347466, 37.1197286], [-3.6343676, 37.1202989], [-3.6316321, 37.1243902], [-3.6281043, 37.1289083], [-3.6241154, 37.1340207], [-3.6203418, 37.1380779], [-3.618361, 37.1367186], [-3.6149391, 37.1397547], [-3.6098608, 37.139321], [-3.6088022, 37.1382725], [-3.6089866, 37.1343486], [-3.6071902, 37.1320707], [-3.602556, 37.1313911], [-3.5995882, 37.1274672], [-3.6020095, 37.1248853], [-3.6010192, 37.1220952], [-3.6020744, 37.1217469], [-3.6007596, 37.1207531], [-3.60161, 37.1182976], [-3.5999537, 37.1168735], [-3.6059608, 37.1162042], [-3.6059847, 37.1122802], [-3.6077298, 37.1096848], [-3.6147103, 37.1114504], [-3.6176609, 37.1099136], [-3.6200481, 37.1103234]]]]}}, {"type": "Feature", "properties": {"Index": 2750}, "geometry": {"type": "Polygon", "coordinates": [[[-2.9791134, 37.0932172], [-2.9841643, 37.0930464], [-2.996486, 37.095717], [-2.994775, 37.1034966], [-2.9960249, 37.1087422], [-2.9902602, 37.1139707], [-2.9881326, 37.1180176], [-2.9894372, 37.127392], [-2.9937949, 37.130691], [-2.990834, 37.1321151], [-2.9935012, 37.1371182], [-2.9922068, 37.1382281], [-2.9936583, 37.140687], [-2.9912609, 37.1423296], [-2.9855611, 37.1427429], [-2.9816098, 37.1433098], [-2.976955, 37.1511508], [-2.9754216, 37.1587597], [-2.9710981, 37.1612903], [-2.9676011, 37.1684483], [-2.9699643, 37.1752717], [-2.9694111, 37.1799503], [-2.9717743, 37.1846905], [-2.9697116, 37.1897824], [-2.9693599, 37.1969677], [-2.9788094, 37.2028007], [-2.974964, 37.2089684], [-2.9763164, 37.214494], [-2.9752338, 37.2171954], [-2.9810702, 37.2249852], [-2.9858035, 37.2284583], [-2.9911345, 37.2290799], [-2.9959942, 37.2265186], [-3.008992, 37.2350734], [-3.0120246, 37.2359032], [-3.0100985, 37.2386695], [-3.0106381, 37.2405102], [-3.0063897, 37.241142], [-2.9970085, 37.2359476], [-2.9860153, 37.2335878], [-2.9796803, 37.2313407], [-2.9723105, 37.2224614], [-2.9697526, 37.225074], [-2.9623316, 37.2282534], [-2.9519839, 37.2443385], [-2.929434, 37.2580296], [-2.9269819, 37.2613184], [-2.9235429, 37.2614584], [-2.9217022, 37.2627732], [-2.9196395, 37.261513], [-2.9168084, 37.262862], [-2.9143188, 37.262039], [-2.9045243, 37.2644842], [-2.9044867, 37.2592454], [-2.9030899, 37.2581082], [-2.9040735, 37.2562435], [-2.8986196, 37.2538496], [-2.8883162, 37.2590986], [-2.8874591, 37.2579784], [-2.8823979, 37.2576028], [-2.8810762, 37.2589825], [-2.8764829, 37.2597338], [-2.8774938, 37.2557586], [-2.8758614, 37.2545497], [-2.8756975, 37.251278], [-2.8729483, 37.2492836], [-2.8729654, 37.247074], [-2.8694274, 37.2455577], [-2.8665211, 37.2430476], [-2.8749632, 37.2314568], [-2.8752364, 37.2237045], [-2.8728288, 37.2198864], [-2.8802737, 37.2039516], [-2.8791979, 37.1925554], [-2.8809875, 37.187105], [-2.8828453, 37.1878187], [-2.8888114, 37.1820711], [-2.8892486, 37.1770236], [-2.8953001, 37.1670515], [-2.9110061, 37.1635032], [-2.9146944, 37.1584967], [-2.9178261, 37.1589577], [-2.9291471, 37.1565672], [-2.9284299, 37.1524827], [-2.9314216, 37.1437777], [-2.9305815, 37.1398025], [-2.9337507, 37.1353048], [-2.9370155, 37.1346662], [-2.9409019, 37.1306569], [-2.9417283, 37.1246531], [-2.9439037, 37.1224367], [-2.9469876, 37.1222045], [-2.9467178, 37.1205653], [-2.9436715, 37.1186972], [-2.9428758, 37.1117748], [-2.9450854, 37.1071064], [-2.9483263, 37.1061501], [-2.9500099, 37.0994805], [-2.9489649, 37.0965503], [-2.9697389, 37.0965674], [-2.9791134, 37.0932172]]]}}, {"type": "Feature", "properties": {"Index": 3507}, "geometry": {"type": "Polygon", "coordinates": [[[-3.7630756, 37.9781331], [-3.7676075, 37.9770607], [-3.770985, 37.977631], [-3.7769239, 37.9845603], [-3.7819748, 37.9862576], [-3.7914517, 37.9867425], [-3.8041456, 37.9822039], [-3.80781, 37.9820092], [-3.8094868, 37.9843485], [-3.8065122, 37.9923569], [-3.8082676, 38.0048972], [-3.8062424, 38.0081654], [-3.8040841, 38.0108121], [-3.8054501, 38.0130183], [-3.8114129, 38.012284], [-3.8197594, 38.0079981], [-3.8223241, 38.0089919], [-3.8248103, 38.012588], [-3.8248171, 38.0201319], [-3.8369476, 38.0269655], [-3.8315005, 38.0400385], [-3.840431, 38.0397038], [-3.8489824, 38.0409059], [-3.8567619, 38.0395877], [-3.8678576, 38.0443176], [-3.8664335, 38.0492217], [-3.8627452, 38.0512946], [-3.8609967, 38.0549112], [-3.8535278, 38.060553], [-3.852295, 38.0632475], [-3.8479681, 38.0658839], [-3.8461205, 38.068575], [-3.8412813, 38.0700606], [-3.8239941, 38.0708153], [-3.8188441, 38.0814397], [-3.8195237, 38.0902506], [-3.8129463, 38.1036071], [-3.8178743, 38.107852], [-3.8205005, 38.1234966], [-3.8238643, 38.1334072], [-3.8321664, 38.1453088], [-3.8195511, 38.1538055], [-3.7996889, 38.1474535], [-3.7576832, 38.1511281], [-3.7523557, 38.1490278], [-3.7445112, 38.1487239], [-3.7357925, 38.146545], [-3.7170265, 38.1378195], [-3.7063919, 38.1282572], [-3.7133177, 38.1119775], [-3.7136456, 38.1069197], [-3.7192873, 38.0982863], [-3.7171631, 38.0921153], [-3.71202, 38.0876312], [-3.713065, 38.0835161], [-3.7108213, 38.0815934], [-3.7108657, 38.0791413], [-3.7134338, 38.0771059], [-3.7270532, 38.0740221], [-3.7350821, 38.0641286], [-3.7400784, 38.0622229], [-3.7434935, 38.0570935], [-3.7513243, 38.0562602], [-3.7530523, 38.0523362], [-3.7563821, 38.0490612], [-3.7569934, 38.0454343], [-3.7604392, 38.0423573], [-3.7620545, 38.0377231], [-3.7499719, 38.0509873], [-3.7286959, 38.0605564], [-3.7237782, 38.0564685], [-3.7143115, 38.052145], [-3.7011805, 38.0485557], [-3.6954055, 38.0489792], [-3.6854813, 38.0408001], [-3.6861438, 38.0373952], [-3.6823496, 38.0349056], [-3.6869156, 38.030968], [-3.6857579, 38.0264942], [-3.6875338, 38.0203095], [-3.6828824, 38.0137764], [-3.6911777, 38.0052284], [-3.688449, 38.0021719], [-3.7003062, 37.9975684], [-3.7130718, 37.9867494], [-3.7264897, 37.9871182], [-3.7335487, 37.9856326], [-3.7383606, 37.9864386], [-3.7429846, 37.9887813], [-3.7470247, 37.9897], [-3.7522635, 37.9883886], [-3.75741, 37.9818931], [-3.7630756, 37.9781331]]]}}, {"type": "Feature", "properties": {"Index": 2696}, "geometry": {"type": "Polygon", "coordinates": [[[-3.6772748, 37.418423], [-3.6801981, 37.4167564], [-3.6838489, 37.4181054], [-3.6927042, 37.4261479], [-3.6929433, 37.430024], [-3.7005179, 37.4374314], [-3.6946986, 37.4437493], [-3.6953816, 37.4453851], [-3.6978883, 37.4452998], [-3.7014537, 37.4481514], [-3.7050669, 37.4439576], [-3.7313084, 37.4420213], [-3.7325652, 37.4326947], [-3.7314519, 37.431151], [-3.7383606, 37.4277633], [-3.7404233, 37.4296723], [-3.737599, 37.4344739], [-3.7474345, 37.4355326], [-3.7546882, 37.4408397], [-3.7585302, 37.4397878], [-3.7570822, 37.4487012], [-3.7626351, 37.4519729], [-3.7695268, 37.4516484], [-3.7708894, 37.4443026], [-3.7670713, 37.4304919], [-3.776777, 37.43097], [-3.7825929, 37.428436], [-3.7861651, 37.4350647], [-3.794778, 37.4296416], [-3.7887264, 37.4365879], [-3.8080422, 37.4375475], [-3.8100878, 37.4385071], [-3.8022092, 37.4533526], [-3.8083632, 37.4579424], [-3.8082813, 37.4598822], [-3.8020385, 37.4607428], [-3.7995079, 37.463007], [-3.7917146, 37.4661865], [-3.7909838, 37.4728971], [-3.7865613, 37.4783169], [-3.7915439, 37.478877], [-3.7925445, 37.4824662], [-3.7907618, 37.4828761], [-3.7855743, 37.4908981], [-3.7833101, 37.4918748], [-3.7815308, 37.4903483], [-3.7776683, 37.490058], [-3.7757013, 37.4878792], [-3.7762408, 37.476483], [-3.7708347, 37.4798708], [-3.7446956, 37.4868171], [-3.7319641, 37.4884734], [-3.7300995, 37.4875206], [-3.7179622, 37.4954846], [-3.711518, 37.503131], [-3.7082122, 37.5040428], [-3.6962935, 37.5122083], [-3.6899448, 37.5134514], [-3.6844397, 37.5176485], [-3.6719746, 37.5182257], [-3.6674257, 37.5169519], [-3.667535, 37.5138407], [-3.6603769, 37.5054908], [-3.6602403, 37.5029773], [-3.6585191, 37.5026699], [-3.6590928, 37.5011536], [-3.6502819, 37.4960276], [-3.6492027, 37.4863902], [-3.6462145, 37.4820803], [-3.6466312, 37.4794268], [-3.6414812, 37.4761756], [-3.6384793, 37.4675833], [-3.6384315, 37.4619757], [-3.6398795, 37.4607975], [-3.6403235, 37.4573243], [-3.6375197, 37.4517509], [-3.6393195, 37.4494423], [-3.6413753, 37.4466897], [-3.6273939, 37.4417925], [-3.6223294, 37.4415637], [-3.6314852, 37.4375782], [-3.6368879, 37.4400713], [-3.6411329, 37.4393917], [-3.6475157, 37.4417651], [-3.6511596, 37.4382476], [-3.6467336, 37.4361985], [-3.6482704, 37.4293752], [-3.6454222, 37.4229821], [-3.6464194, 37.4217049], [-3.659752, 37.4189079], [-3.6772748, 37.418423]], [[-3.6822848, 37.4499853], [-3.6759942, 37.4418642], [-3.6658479, 37.4435444], [-3.662846, 37.4493842], [-3.66315, 37.4519626], [-3.6822848, 37.4499853]]]}}, {"type": "Feature", "properties": {"Index": 6833}, "geometry": {"type": "Polygon", "coordinates": [[[-3.5552091, 39.3090535], [-3.5671107, 39.2993273], [-3.5684323, 39.3005089], [-3.5738487, 39.300789], [-3.574501, 39.3025716], [-3.5773662, 39.305232], [-3.5865938, 39.3076635], [-3.5950598, 39.3045934], [-3.6079142, 39.3022131], [-3.6116913, 39.303381], [-3.6052027, 39.3093643], [-3.6020198, 39.3184279], [-3.6062169, 39.3329045], [-3.5789167, 39.4216696], [-3.5785683, 39.441665], [-3.574518, 39.4663937], [-3.5830524, 39.481649], [-3.5952374, 39.5146763], [-3.6089763, 39.539808], [-3.6100931, 39.5413687], [-3.6051446, 39.5649294], [-3.5908866, 39.5762744], [-3.5867714, 39.5760353], [-3.5657959, 39.5824625], [-3.5525624, 39.5904914], [-3.5238005, 39.5940944], [-3.5209318, 39.5917823], [-3.5123565, 39.5882238], [-3.4891373, 39.5816839], [-3.4919001, 39.5722207], [-3.492607, 39.5536221], [-3.4915039, 39.5424889], [-3.4768156, 39.5320797], [-3.4566187, 39.5200585], [-3.4177208, 39.5131669], [-3.4359881, 39.487943], [-3.4666318, 39.4637948], [-3.4806815, 39.4546731], [-3.4960392, 39.4468867], [-3.5003285, 39.4389022], [-3.5118545, 39.4292751], [-3.520942, 39.4166016], [-3.5276254, 39.383383], [-3.514969, 39.3723045], [-3.510041, 39.3649996], [-3.5100376, 39.3613966], [-3.5239951, 39.3432113], [-3.5320308, 39.3362308], [-3.5413643, 39.3323205], [-3.5482935, 39.3176015], [-3.5539489, 39.3127076], [-3.5552091, 39.3090535]]]}}, {"type": "Feature", "properties": {"Index": 60}, "geometry": {"type": "Polygon", "coordinates": [[[-1.0954018, 38.7379848], [-1.098793, 38.7362363], [-1.1196695, 38.7377184], [-1.1498521, 38.7460683], [-1.1836342, 38.7550842], [-1.222457, 38.784372], [-1.2542515, 38.8109927], [-1.263322, 38.8164261], [-1.2778191, 38.8284097], [-1.285083, 38.8320741], [-1.2876512, 38.8340582], [-1.2983541, 38.8379173], [-1.291862, 38.8428794], [-1.2787651, 38.8666451], [-1.2725599, 38.8701387], [-1.2705176, 38.869261], [-1.2682978, 38.8704631], [-1.265675, 38.8812104], [-1.2618604, 38.8877333], [-1.2580696, 38.8909537], [-1.2402053, 38.8917221], [-1.2132533, 38.8998022], [-1.2010546, 38.9001198], [-1.1901058, 38.9090674], [-1.1718453, 38.9200196], [-1.1628056, 38.9216896], [-1.16132, 38.9233937], [-1.1495072, 38.9260472], [-1.1466522, 38.929353], [-1.1383262, 38.9275874], [-1.1291054, 38.9294521], [-1.1059203, 38.9285266], [-1.0911227, 38.9314055], [-1.0699218, 38.9339668], [-1.0542158, 38.934544], [-1.0426284, 38.9368013], [-1.0345961, 38.9344483], [-1.013443, 38.9391817], [-1.0070772, 38.9461348], [-0.9987922, 38.9493552], [-0.9918254, 38.9472789], [-0.9877751, 38.9477228], [-0.977301, 38.9427675], [-0.9594094, 38.9445809], [-0.9575481, 38.933096], [-0.9586444, 38.9282056], [-0.9559738, 38.9232673], [-0.9565236, 38.920122], [-0.9534295, 38.9194732], [-0.9504857, 38.911475], [-0.9466676, 38.9083434], [-0.9408551, 38.8996178], [-0.9245378, 38.8917528], [-0.9275841, 38.8848953], [-0.9319315, 38.8796736], [-0.9325735, 38.8678847], [-0.9307499, 38.8636159], [-0.9356984, 38.8559353], [-0.9322969, 38.84165], [-0.9311904, 38.8297825], [-0.9248793, 38.8233621], [-0.9277856, 38.8157192], [-0.9327955, 38.8112659], [-0.9338474, 38.7939753], [-0.9290116, 38.786807], [-0.9289365, 38.7838324], [-0.9500076, 38.7760597], [-0.9614277, 38.7747927], [-0.9677456, 38.7732525], [-0.9830623, 38.7636253], [-0.9970471, 38.7581612], [-1.0079652, 38.756259], [-1.0508588, 38.7429264], [-1.0672751, 38.736547], [-1.0801398, 38.7391015], [-1.0954018, 38.7379848]]]}}, {"type": "Feature", "properties": {"Index": 10369}, "geometry": {"type": "Polygon", "coordinates": [[[-0.52086, 39.3937137], [-0.5365694, 39.3868254], [-0.5432323, 39.3879353], [-0.5499463, 39.3890521], [-0.5663525, 39.3880105], [-0.5740296, 39.3869176], [-0.5906713, 39.391849], [-0.5930073, 39.4026168], [-0.5933283, 39.4040956], [-0.5993559, 39.4100993], [-0.6030681, 39.40999], [-0.6039595, 39.4099627], [-0.6047791, 39.4124728], [-0.6062134, 39.4177833], [-0.6072755, 39.4200031], [-0.6090377, 39.4231655], [-0.6092187, 39.4273763], [-0.6097276, 39.4279398], [-0.6128763, 39.43143], [-0.6138701, 39.434565], [-0.6138735, 39.4345719], [-0.61359, 39.4353505], [-0.6127977, 39.4375396], [-0.6153249, 39.4410981], [-0.6154342, 39.4412518], [-0.6168685, 39.442208], [-0.6164963, 39.4428842], [-0.6149595, 39.4430618], [-0.613771, 39.4423788], [-0.6122069, 39.4418529], [-0.6055577, 39.4389295], [-0.6039526, 39.4356101], [-0.5922457, 39.4325126], [-0.5812525, 39.4301937], [-0.5659461, 39.4287491], [-0.5547582, 39.4287935], [-0.5547514, 39.4288004], [-0.5452916, 39.4357091], [-0.5345408, 39.4436629], [-0.5305623, 39.443154], [-0.5277141, 39.4429832], [-0.5174107, 39.4419621], [-0.5173493, 39.4419553], [-0.5078451, 39.4445269], [-0.5049627, 39.4429047], [-0.5048603, 39.4429184], [-0.4946799, 39.4442912], [-0.4896528, 39.4444415], [-0.4866168, 39.4448069], [-0.4724886, 39.4470506], [-0.4614544, 39.4485294], [-0.4569055, 39.4493866], [-0.4566733, 39.4478702], [-0.4558537, 39.442471], [-0.4520322, 39.4412176], [-0.4490713, 39.4406439], [-0.448156, 39.440398], [-0.4437198, 39.4392027], [-0.4445463, 39.4383899], [-0.4426646, 39.4370239], [-0.4424597, 39.4368771], [-0.4427226, 39.4358013], [-0.4431358, 39.4318603], [-0.4431358, 39.4318569], [-0.4388397, 39.4302791], [-0.4388431, 39.4302757], [-0.4453693, 39.4239168], [-0.4472988, 39.4218233], [-0.4462333, 39.4206451], [-0.4439145, 39.419484], [-0.4426953, 39.4185961], [-0.4387679, 39.4165709], [-0.4351718, 39.4128758], [-0.435206, 39.4128519], [-0.445202, 39.4063939], [-0.4478418, 39.4048196], [-0.450772, 39.4027944], [-0.4543681, 39.4022787], [-0.4555019, 39.4018279], [-0.4585038, 39.4012679], [-0.4659009, 39.3997003], [-0.4756441, 39.3983172], [-0.504529, 39.3991129], [-0.5096482, 39.3985563], [-0.52086, 39.3937137]], [[-0.4757841, 39.4241729], [-0.4751558, 39.4228547], [-0.4731989, 39.4254809], [-0.4728984, 39.4245554], [-0.471266, 39.4232099], [-0.4692272, 39.4228752], [-0.4689608, 39.4235753], [-0.4672088, 39.4235616], [-0.4658087, 39.4239099], [-0.4643402, 39.4247671], [-0.4645587, 39.425136], [-0.4667717, 39.4259249], [-0.46837, 39.4277075], [-0.4718875, 39.4310133], [-0.470822, 39.4317237], [-0.4698146, 39.4309041], [-0.4664439, 39.429859], [-0.4664029, 39.4289506], [-0.4647875, 39.4289916], [-0.4649071, 39.4298522], [-0.46322, 39.4299103], [-0.4624072, 39.4291214], [-0.4608192, 39.4292068], [-0.4608534, 39.4353164], [-0.4589272, 39.4353164], [-0.4583808, 39.4375225], [-0.4572129, 39.4374986], [-0.4570694, 39.4380416], [-0.4556487, 39.438045], [-0.4564513, 39.4397252], [-0.4552628, 39.4414465], [-0.4556214, 39.4419997], [-0.4573187, 39.4429115], [-0.4572743, 39.4432667], [-0.4587155, 39.4438063], [-0.4608499, 39.4438814], [-0.4653715, 39.4423924], [-0.4696711, 39.441566], [-0.4715221, 39.4406405], [-0.4721027, 39.4394657], [-0.4737761, 39.4389466], [-0.4738614, 39.4370137], [-0.4754563, 39.4367609], [-0.4794246, 39.4365151], [-0.4814874, 39.436136], [-0.4831949, 39.4352173], [-0.4841614, 39.4343533], [-0.4837379, 39.4327994], [-0.4833861, 39.4325467], [-0.4834237, 39.4314027], [-0.4812107, 39.4293195], [-0.4853567, 39.4266352], [-0.4835774, 39.4249823], [-0.4787724, 39.4281003], [-0.4790695, 39.4272909], [-0.4757841, 39.4241729]]]}}, {"type": "Feature", "properties": {"Index": 10373}, "geometry": {"type": "Polygon", "coordinates": [[[-0.3772245, 39.4874785], [-0.3781637, 39.48615], [-0.3789082, 39.4864301], [-0.3795229, 39.4876834], [-0.3814763, 39.4872326], [-0.3852329, 39.4891383], [-0.3860799, 39.4894217], [-0.3822447, 39.4902857], [-0.382535, 39.4913512], [-0.3830882, 39.493192], [-0.3800351, 39.4938921], [-0.3812987, 39.4973208], [-0.3812953, 39.4988269], [-0.3782559, 39.4995953], [-0.3751345, 39.4995065], [-0.373222, 39.4991445], [-0.3711764, 39.4985468], [-0.3717228, 39.496993], [-0.3707529, 39.4967812], [-0.370227, 39.4960128], [-0.3710227, 39.494862], [-0.3715725, 39.4951659], [-0.3726073, 39.4941858], [-0.3738538, 39.4921504], [-0.3727712, 39.4912522], [-0.368335, 39.4879566], [-0.3690659, 39.4873487], [-0.3709886, 39.4878986], [-0.3716203, 39.4864642], [-0.3727576, 39.4867443], [-0.3762785, 39.4863925], [-0.3759643, 39.4869492], [-0.3772245, 39.4874785]]]}}, {"type": "Feature", "properties": {"Index": 10377}, "geometry": {"type": "Polygon", "coordinates": [[[-0.3763503, 39.4566744], [-0.3812577, 39.4546219], [-0.3812577, 39.4546253], [-0.3809948, 39.4553869], [-0.3787169, 39.4612096], [-0.3780066, 39.4632006], [-0.3764869, 39.4674558], [-0.3749364, 39.4671211], [-0.3736865, 39.4650209], [-0.3633046, 39.4627054], [-0.3630006, 39.4622683], [-0.3609345, 39.4631357], [-0.3598383, 39.463385], [-0.3591655, 39.4616946], [-0.35796, 39.4602158], [-0.3589572, 39.4599016], [-0.3581751, 39.4587849], [-0.3656917, 39.455643], [-0.3666821, 39.4551273], [-0.3693425, 39.4596079], [-0.3752882, 39.4571183], [-0.3755136, 39.4564797], [-0.3763503, 39.4566744]]]}}, {"type": "Feature", "properties": {"Index": 10396}, "geometry": {"type": "Polygon", "coordinates": [[[-0.3711115, 39.4697166], [-0.3749364, 39.4671211], [-0.3764869, 39.4674558], [-0.3795639, 39.4681354], [-0.3812236, 39.4687433], [-0.3834571, 39.4703791], [-0.383942, 39.4716154], [-0.3839249, 39.4738147], [-0.3841708, 39.4757238], [-0.3837269, 39.4782919], [-0.3828833, 39.4804776], [-0.3833853, 39.4811606], [-0.3814353, 39.4819666], [-0.3803186, 39.4821885], [-0.3790584, 39.4820758], [-0.3776616, 39.4818026], [-0.375353, 39.4806586], [-0.3726688, 39.4790603], [-0.3688097, 39.4764341], [-0.367915, 39.4754949], [-0.3660093, 39.4730976], [-0.3686765, 39.4718101], [-0.3711115, 39.4697166]]]}}, {"type": "Feature", "properties": {"Index": 7120}, "geometry": {"type": "Polygon", "coordinates": [[[-0.4246465, 39.4702255], [-0.4333653, 39.4669675], [-0.4324432, 39.472476], [-0.4297111, 39.4723121], [-0.4298784, 39.4751671], [-0.4257462, 39.4792072], [-0.4220886, 39.4859417], [-0.4102826, 39.4814201], [-0.4127483, 39.4792413], [-0.4113891, 39.4761609], [-0.4069563, 39.4726912], [-0.4110237, 39.4725238], [-0.4180895, 39.4690575], [-0.4201898, 39.4707685], [-0.4246465, 39.4702255]]]}}, {"type": "Feature", "properties": {"Index": 7061}, "geometry": {"type": "Polygon", "coordinates": [[[-0.4315143, 39.4502881], [-0.4429378, 39.4474468], [-0.4445599, 39.4484952], [-0.446288, 39.4489528], [-0.4469232, 39.4525079], [-0.4484975, 39.4555713], [-0.4466363, 39.4562509], [-0.4474423, 39.4593416], [-0.4488151, 39.4599016], [-0.4398881, 39.4643959], [-0.4333653, 39.4669675], [-0.4246465, 39.4702255], [-0.4201898, 39.4707685], [-0.4180895, 39.4690575], [-0.4148418, 39.4669504], [-0.4116043, 39.466462], [-0.4144012, 39.4619609], [-0.4161224, 39.4539559], [-0.420422, 39.4520947], [-0.4315074, 39.4517635], [-0.4315143, 39.4502881]]]}}, {"type": "Feature", "properties": {"Index": 7015}, "geometry": {"type": "MultiPolygon", "coordinates": [[[[-0.3278935, 39.075362], [-0.3266709, 39.068945], [-0.334068, 39.0694744], [-0.334068, 39.0694778], [-0.3340714, 39.0694778], [-0.3542034, 39.0895005], [-0.3734986, 39.0991549], [-0.3909327, 39.1060773], [-0.4042072, 39.1139696], [-0.4534528, 39.1360755], [-0.4550409, 39.139173], [-0.4549657, 39.1431892], [-0.4563693, 39.1453373], [-0.4605084, 39.1451289], [-0.4613485, 39.1416695], [-0.4580496, 39.1413655], [-0.4575168, 39.1391286], [-0.4611197, 39.1361336], [-0.4684656, 39.1365024], [-0.4718261, 39.1352764], [-0.4711669, 39.1314071], [-0.4764911, 39.1275036], [-0.4791651, 39.1283916], [-0.4809512, 39.1327902], [-0.4871769, 39.1324111], [-0.489407, 39.1321789], [-0.490551, 39.1305841], [-0.4863197, 39.1285452], [-0.4854215, 39.1232211], [-0.4870915, 39.1230469], [-0.4927059, 39.1268616], [-0.4954346, 39.1252189], [-0.5003114, 39.1299728], [-0.5035864, 39.1298703], [-0.5031493, 39.1327526], [-0.5074045, 39.1426291], [-0.5086032, 39.1450948], [-0.5124759, 39.1442342], [-0.5093511, 39.1487865], [-0.505936, 39.1501833], [-0.5021453, 39.1497325], [-0.4957864, 39.1512556], [-0.5000074, 39.1604422], [-0.4936929, 39.1609579], [-0.4605801, 39.180745], [-0.4473774, 39.1776816], [-0.4370433, 39.1766708], [-0.4243904, 39.1725897], [-0.4209685, 39.1778763], [-0.4209719, 39.1806664], [-0.4132777, 39.1836956], [-0.4110476, 39.1861067], [-0.4047843, 39.1839073], [-0.3989445, 39.1907478], [-0.3953143, 39.1928071], [-0.3876918, 39.194641], [-0.384608, 39.1899691], [-0.3716306, 39.1890402], [-0.3717091, 39.1882343], [-0.3746871, 39.188364], [-0.3729215, 39.1869263], [-0.3726585, 39.1842454], [-0.373888, 39.183839], [-0.3748237, 39.1788359], [-0.3921724, 39.1761961], [-0.3810938, 39.166265], [-0.3789082, 39.1597387], [-0.3809367, 39.1559002], [-0.371412, 39.1447499], [-0.3475371, 39.1273431], [-0.3448426, 39.121739], [-0.3247345, 39.1119001], [-0.3047186, 39.0991174], [-0.3032638, 39.0981714], [-0.3078776, 39.0947905], [-0.3145507, 39.0929019], [-0.3177541, 39.0931717], [-0.3205818, 39.0859693], [-0.3232763, 39.0841558], [-0.3242052, 39.0803104], [-0.3278935, 39.075362]]], [[[-0.6225786, 39.0455994], [-0.6237192, 39.043687], [-0.622582, 39.0455994], [-0.6252423, 39.0565448], [-0.6287838, 39.0594032], [-0.6359487, 39.066008], [-0.6422529, 39.0710624], [-0.6513507, 39.0772574], [-0.6606466, 39.0866352], [-0.6684604, 39.0796718], [-0.674167, 39.0779848], [-0.6792691, 39.0796172], [-0.6867243, 39.0789478], [-0.7149125, 39.071981], [-0.7269575, 39.0668994], [-0.7411063, 39.0638326], [-0.7522326, 39.0588739], [-0.7730886, 39.0604653], [-0.7835593, 39.0571424], [-0.7825109, 39.0610596], [-0.7818688, 39.0616674], [-0.7850039, 39.0637746], [-0.7823162, 39.066551], [-0.7795944, 39.0663291], [-0.7775146, 39.0675038], [-0.7800042, 39.0705877], [-0.777617, 39.0718854], [-0.7812439, 39.0738662], [-0.7766847, 39.0762362], [-0.772853, 39.080109], [-0.7726822, 39.0858361], [-0.7708756, 39.0878407], [-0.7573519, 39.094688], [-0.7563888, 39.0965424], [-0.7497362, 39.097847], [-0.7443813, 39.1018904], [-0.732268, 39.1024573], [-0.7307688, 39.1034101], [-0.718775, 39.1145809], [-0.717467, 39.1206461], [-0.7126278, 39.1251541], [-0.709783, 39.1311168], [-0.6980146, 39.137264], [-0.6907268, 39.1302016], [-0.6736342, 39.1184263], [-0.6645842, 39.1070745], [-0.6571359, 39.1168451], [-0.6513439, 39.1209706], [-0.6477034, 39.1223127], [-0.6473756, 39.1207008], [-0.6459242, 39.1198709], [-0.6428472, 39.1216024], [-0.6415221, 39.126322], [-0.6378816, 39.1279169], [-0.6372874, 39.1308334], [-0.6325336, 39.1317896], [-0.6288828, 39.1344465], [-0.6244159, 39.1341187], [-0.6237124, 39.1330771], [-0.6169949, 39.134969], [-0.6150756, 39.1366663], [-0.6131939, 39.1351705], [-0.6117049, 39.1354267], [-0.610957, 39.1373391], [-0.607617, 39.1383329], [-0.6078322, 39.1405459], [-0.6064047, 39.1386061], [-0.6050523, 39.1392447], [-0.6024193, 39.1380665], [-0.5971976, 39.140201], [-0.5965214, 39.1387291], [-0.592594, 39.1388554], [-0.5833186, 39.1354096], [-0.5842646, 39.1381758], [-0.5823283, 39.1396136], [-0.5855794, 39.1409625], [-0.5833426, 39.1428442], [-0.5840939, 39.1444903], [-0.5896332, 39.1428921], [-0.5938474, 39.1431858], [-0.5990076, 39.1454807], [-0.6019241, 39.1509209], [-0.6019651, 39.1551557], [-0.6103525, 39.1508048], [-0.6198123, 39.1554664], [-0.6263625, 39.1563851], [-0.5944689, 39.1629011], [-0.5561038, 39.1630035], [-0.5400767, 39.1642159], [-0.540087, 39.1582702], [-0.5425732, 39.1494046], [-0.54286, 39.1428511], [-0.5467498, 39.1394189], [-0.5428122, 39.1378514], [-0.5514661, 39.1334732], [-0.559454, 39.1346685], [-0.565748, 39.1330258], [-0.5850159, 39.1195431], [-0.6069135, 39.1167427], [-0.6353852, 39.1105477], [-0.6353783, 39.1000702], [-0.6332371, 39.0997218], [-0.6308397, 39.1026349], [-0.6244842, 39.0991003], [-0.6283808, 39.0932434], [-0.6262156, 39.0908494], [-0.6197577, 39.0869221], [-0.6154069, 39.0884555], [-0.6126304, 39.0881652], [-0.6082488, 39.0820214], [-0.6065857, 39.0815911], [-0.6033926, 39.0824415], [-0.6039083, 39.0862732], [-0.6025115, 39.0872909], [-0.5977064, 39.0843983], [-0.5966785, 39.0809252], [-0.600138, 39.0747643], [-0.5993867, 39.0727221], [-0.5965726, 39.0711136], [-0.5994311, 39.0665681], [-0.5965282, 39.0646693], [-0.5922525, 39.0669779], [-0.5869694, 39.0663461], [-0.5846096, 39.0711546], [-0.585354, 39.0734393], [-0.5809247, 39.0762123], [-0.5738759, 39.0748053], [-0.5728787, 39.0735486], [-0.5735651, 39.0707174], [-0.5699383, 39.0693002], [-0.578821, 39.0663564], [-0.5864913, 39.0644166], [-0.5887077, 39.0621114], [-0.5877719, 39.0594169], [-0.5920066, 39.0565038], [-0.5908319, 39.0551002], [-0.5940489, 39.0532834], [-0.5922116, 39.0508689], [-0.6003429, 39.047891], [-0.6079586, 39.0481573], [-0.6225786, 39.0455994]]], [[[-0.5621963, 39.0671999], [-0.5621143, 39.0601819], [-0.5637228, 39.0661344], [-0.5628895, 39.0672341], [-0.5621963, 39.0671999]]], [[[-0.6196416, 39.0332948], [-0.621414, 39.0300505], [-0.619645, 39.0332948], [-0.6185624, 39.0383082], [-0.6184224, 39.0355317], [-0.6184941, 39.0355249], [-0.6196416, 39.0332948]]]]}}, {"type": "Feature", "properties": {"Index": 7034}, "geometry": {"type": "MultiPolygon", "coordinates": [[[[-0.4365242, 39.0291865], [-0.4436344, 39.026171], [-0.4457552, 39.0278409], [-0.4508301, 39.0287528], [-0.4603445, 39.0265364], [-0.4697326, 39.028623], [-0.4821362, 39.0403812], [-0.4858109, 39.0468289], [-0.4886351, 39.0483486], [-0.4800052, 39.0563877], [-0.4722393, 39.0609947], [-0.4789704, 39.0660593], [-0.4756407, 39.069628], [-0.4746469, 39.0689382], [-0.4735029, 39.0712775], [-0.4789158, 39.0717078], [-0.477157, 39.0731388], [-0.4795817, 39.0751093], [-0.4877233, 39.0753312], [-0.4883005, 39.0792176], [-0.4902983, 39.0792688], [-0.491999, 39.0793132], [-0.4943247, 39.0818507], [-0.4981018, 39.0848867], [-0.4942632, 39.0887594], [-0.4923918, 39.0878373], [-0.4902915, 39.0899274], [-0.4967323, 39.0983626], [-0.4967392, 39.0983695], [-0.5044573, 39.1062515], [-0.5026746, 39.1076346], [-0.5036138, 39.1101242], [-0.4994064, 39.1127368], [-0.4948984, 39.1129383], [-0.4963157, 39.1154074], [-0.4987199, 39.1167768], [-0.5015169, 39.1165105], [-0.5026507, 39.1181019], [-0.5003489, 39.1197855], [-0.4952126, 39.1172037], [-0.4927264, 39.117132], [-0.4924601, 39.1191025], [-0.4965411, 39.1201441], [-0.4973983, 39.122118], [-0.4954346, 39.1252189], [-0.4927059, 39.1268616], [-0.4870915, 39.1230469], [-0.4854215, 39.1232211], [-0.4863197, 39.1285452], [-0.490551, 39.1305841], [-0.489407, 39.1321789], [-0.4871769, 39.1324111], [-0.4809512, 39.1327902], [-0.4791651, 39.1283916], [-0.4764911, 39.1275036], [-0.4711669, 39.1314071], [-0.4718261, 39.1352764], [-0.4684622, 39.1365024], [-0.4611197, 39.1361336], [-0.4575168, 39.1391286], [-0.4580496, 39.1413655], [-0.4613485, 39.1416695], [-0.4605084, 39.1451289], [-0.4563693, 39.1453373], [-0.4549657, 39.1431892], [-0.4550409, 39.139173], [-0.4534528, 39.1360755], [-0.4042072, 39.1139696], [-0.3909327, 39.1060773], [-0.3734986, 39.0991549], [-0.3542034, 39.0895005], [-0.3340714, 39.0694778], [-0.3446001, 39.0752937], [-0.3527861, 39.0751707], [-0.3618703, 39.0783058], [-0.3765176, 39.0695017], [-0.3814866, 39.0645156], [-0.3815446, 39.0573269], [-0.3858408, 39.0583685], [-0.3914347, 39.0566917], [-0.4142134, 39.068081], [-0.4304317, 39.0711068], [-0.4318763, 39.0714107], [-0.4349157, 39.0516646], [-0.425753, 39.052013], [-0.4145037, 39.0480685], [-0.4074447, 39.0398689], [-0.4073081, 39.0429732], [-0.3830541, 39.0383492], [-0.388023, 39.0367236], [-0.3887061, 39.0338378], [-0.391124, 39.0327826], [-0.4076735, 39.0338822], [-0.4075984, 39.0353405], [-0.4111671, 39.0353473], [-0.4160917, 39.0371061], [-0.4183286, 39.0337047], [-0.4318831, 39.032301], [-0.4348918, 39.0312424], [-0.4365242, 39.0291865]]], [[[-0.4949394, 39.073289], [-0.4972207, 39.0728587], [-0.5006221, 39.0731114], [-0.502077, 39.0770729], [-0.4962167, 39.0796991], [-0.4949394, 39.073289]]]]}}, {"type": "Feature", "properties": {"Index": 6980}, "geometry": {"type": "Polygon", "coordinates": [[[-0.4209685, 39.1778763], [-0.4243904, 39.1725897], [-0.4370433, 39.1766708], [-0.4473774, 39.1776816], [-0.4605801, 39.180745], [-0.4632268, 39.1875615], [-0.4670381, 39.2087863], [-0.462998, 39.2245128], [-0.4636264, 39.2301921], [-0.4675094, 39.2382415], [-0.4606177, 39.2361993], [-0.4535314, 39.2374219], [-0.4319241, 39.2470012], [-0.4266887, 39.2475784], [-0.4181578, 39.2461099], [-0.4131786, 39.2431797], [-0.4104636, 39.2423157], [-0.4011233, 39.2420288], [-0.3939824, 39.2431114], [-0.3837542, 39.2411716], [-0.3755136, 39.242507], [-0.3708246, 39.2439959], [-0.3644623, 39.2483775], [-0.3577858, 39.2468714], [-0.3571199, 39.2455157], [-0.3506926, 39.2463694], [-0.3491149, 39.2418205], [-0.3515123, 39.2390372], [-0.3535921, 39.240714], [-0.3618634, 39.2125873], [-0.3575126, 39.2109754], [-0.3558358, 39.2010648], [-0.3623928, 39.1984796], [-0.380083, 39.2038105], [-0.3828423, 39.1993231], [-0.3862472, 39.1977316], [-0.3905058, 39.1981073], [-0.3929647, 39.2027279], [-0.402445, 39.1996543], [-0.4046477, 39.1989099], [-0.4075267, 39.2009828], [-0.4095006, 39.1995382], [-0.408138, 39.1938145], [-0.4110476, 39.1861067], [-0.4132777, 39.1836956], [-0.4209719, 39.1806664], [-0.4209685, 39.1778763]]]}}, {"type": "Feature", "properties": {"Index": 7186}, "geometry": {"type": "Polygon", "coordinates": [[[-0.287749, 39.1650799], [-0.2972908, 39.1640315], [-0.3005693, 39.1681535], [-0.3051455, 39.1707012], [-0.3107156, 39.1727571], [-0.3074029, 39.1761243], [-0.3126417, 39.1844708], [-0.3077683, 39.1872234], [-0.3075395, 39.1895149], [-0.3168559, 39.1908332], [-0.3244101, 39.1955699], [-0.3314076, 39.1923699], [-0.3338528, 39.1923187], [-0.3334054, 39.1955972], [-0.3321043, 39.1975199], [-0.3265411, 39.2004569], [-0.3257146, 39.2029875], [-0.3292629, 39.2040769], [-0.3343207, 39.2025708], [-0.3402322, 39.2030216], [-0.3417793, 39.2043467], [-0.3422061, 39.208438], [-0.346434, 39.2053166], [-0.3467448, 39.2032539], [-0.3515772, 39.2027245], [-0.3558358, 39.2010648], [-0.3575126, 39.2109754], [-0.3618634, 39.2125873], [-0.3535921, 39.240714], [-0.3515123, 39.2390372], [-0.3491149, 39.2418205], [-0.3506926, 39.2463694], [-0.3571199, 39.2455157], [-0.3577858, 39.2468714], [-0.3562012, 39.2514306], [-0.3576048, 39.2590941], [-0.3557948, 39.2594766], [-0.3555011, 39.2614607], [-0.3533564, 39.2627004], [-0.3533735, 39.2739531], [-0.3505697, 39.2760432], [-0.3499686, 39.2788197], [-0.347462, 39.2788265], [-0.3456827, 39.2861177], [-0.3416324, 39.2892254], [-0.3419227, 39.2913496], [-0.3395902, 39.2951336], [-0.3430736, 39.2959156], [-0.3425647, 39.2974183], [-0.3363697, 39.3005533], [-0.3382276, 39.3019603], [-0.3339997, 39.3055462], [-0.3329786, 39.3156685], [-0.3293142, 39.3132233], [-0.3225932, 39.3140054], [-0.320773, 39.3120997], [-0.3184781, 39.3117924], [-0.3182253, 39.3032581], [-0.3128192, 39.3036269], [-0.30561, 39.2992795], [-0.2916354, 39.2831534], [-0.2789449, 39.2792465], [-0.2737472, 39.2790929], [-0.2732076, 39.2758485], [-0.244654, 39.2254315], [-0.2639048, 39.2152545], [-0.2750312, 39.2036773], [-0.283931, 39.1821452], [-0.2807788, 39.1801439], [-0.2795801, 39.177306], [-0.2802905, 39.1747651], [-0.2841529, 39.1722243], [-0.2893507, 39.1769576], [-0.2945075, 39.1734913], [-0.293763, 39.1720877], [-0.285478, 39.1696596], [-0.287749, 39.1650799]]]}}, {"type": "Feature", "properties": {"Index": 220}, "geometry": {"type": "MultiPolygon", "coordinates": [[[[0.1825471, 38.7209298], [0.1793471, 38.716801], [0.1616057, 38.731076], [0.1555951, 38.7394977], [0.1390251, 38.7432953], [0.132895, 38.7435855], [0.122899, 38.7426396], [0.1182237, 38.7407749], [0.1170797, 38.7491556], [0.1234113, 38.7566141], [0.1224892, 38.7598038], [0.1238484, 38.7676859], [0.1268639, 38.7669721], [0.122496, 38.7691612], [0.1200918, 38.7684884], [0.1186301, 38.7703223], [0.1156556, 38.7705272], [0.1149726, 38.7691851], [0.1107208, 38.7695847], [0.1086786, 38.7657939], [0.1056767, 38.7657905], [0.1035969, 38.7931898], [0.1026236, 38.7933332], [0.1033408, 38.8013314], [0.106148, 38.8042479], [0.1063119, 38.8080352], [0.1229366, 38.8072395], [0.1300127, 38.8031755], [0.1420953, 38.803681], [0.1553697, 38.8057744], [0.1659326, 38.8152991], [0.1667591, 38.8178263], [0.1680841, 38.8177341], [0.1737737, 38.8136428], [0.1810717, 38.8125261], [0.1903915, 38.8085133], [0.1991786, 38.8024174], [0.1969895, 38.8002966], [0.1903198, 38.7999756], [0.1877926, 38.7954062], [0.1884449, 38.7992174], [0.1858153, 38.7990535], [0.1832267, 38.7970796], [0.1843502, 38.7969396], [0.1826802, 38.7948427], [0.1834794, 38.7877017], [0.1913068, 38.7763534], [0.1906886, 38.7731295], [0.1926011, 38.7718967], [0.1942301, 38.7727607], [0.2069172, 38.7620988], [0.2101888, 38.7606747], [0.2149529, 38.7614465], [0.2197716, 38.7601692], [0.2209634, 38.7605688], [0.2210249, 38.7629423], [0.224843, 38.7643869], [0.2217865, 38.7575977], [0.2259871, 38.7545651], [0.2239858, 38.7512319], [0.2260451, 38.7446067], [0.2331041, 38.7455731], [0.2314819, 38.7399724], [0.2333295, 38.7393611], [0.2316903, 38.7369466], [0.2328787, 38.7354542], [0.230898, 38.7336647], [0.2319361, 38.7314346], [0.2263525, 38.7332856], [0.2224456, 38.7308336], [0.2188632, 38.7309429], [0.2152398, 38.7278898], [0.21358, 38.7324011], [0.2015077, 38.7312297], [0.1990624, 38.7289621], [0.1963748, 38.728525], [0.1994859, 38.7261412], [0.1989463, 38.7250826], [0.1902617, 38.7242493], [0.1858085, 38.7221456], [0.1847327, 38.7201682], [0.1825471, 38.7209298]]], [[[0.2314615, 38.7565731], [0.2307716, 38.7537454], [0.2285142, 38.753964], [0.2295388, 38.7572869], [0.2314615, 38.7565731]]], [[[0.2182211, 38.7271658], [0.2191295, 38.7259158], [0.2158374, 38.7278556], [0.2182211, 38.7271658]]]]}}, {"type": "Feature", "properties": {"Index": 10409}, "geometry": {"type": "MultiPolygon", "coordinates": [[[[-0.0167818, 38.8070141], [-0.0270236, 38.8048865], [-0.0375592, 38.8057505], [-0.0402708, 38.8066931], [-0.0429585, 38.8071473], [-0.0449939, 38.8075059], [-0.0460662, 38.8071917], [-0.049232, 38.8172799], [-0.0556182, 38.8151693], [-0.0563422, 38.8185571], [-0.060816, 38.8242398], [-0.0613692, 38.8326956], [-0.0658772, 38.8370328], [-0.0577049, 38.8411138], [-0.0456359, 38.845188], [-0.0442221, 38.8469912], [-0.043078, 38.847722], [-0.0443757, 38.8442694], [-0.042272, 38.8414724], [-0.0404347, 38.8392253], [-0.0375524, 38.8411411], [-0.0352267, 38.8421691], [-0.0338846, 38.8424833], [-0.0314769, 38.8440713], [-0.0303055, 38.8442591], [-0.0285468, 38.8452973], [-0.0264636, 38.8452153], [-0.0251249, 38.8444333], [-0.0230416, 38.844966], [-0.0179975, 38.8538282], [-0.0185884, 38.8559592], [-0.0201832, 38.8604979], [-0.0203198, 38.8616351], [-0.0209653, 38.8627587], [-0.0213819, 38.8640667], [-0.0221162, 38.8683287], [-0.0215697, 38.868677], [-0.0202242, 38.8680999], [-0.0184176, 38.8676354], [-0.0147839, 38.8672734], [-0.0133428, 38.8670275], [-0.0092139, 38.8660542], [-0.0045796, 38.8657537], [-0.0016392, 38.8650024], [0.003077, 38.8631617], [0.0069736, 38.8617922], [0.0097159, 38.8610545], [0.0106551, 38.8656786], [0.0138619, 38.8639915], [0.0150879, 38.8638413], [0.0174989, 38.8638891], [0.0186669, 38.8642545], [0.0197461, 38.8650195], [0.0208287, 38.8651014], [0.0215253, 38.8640428], [0.0223962, 38.8616624], [0.023933, 38.8612185], [0.024616, 38.8602178], [0.023752, 38.8589508], [0.028499, 38.8570213], [0.0309988, 38.8555323], [0.0323341, 38.855044], [0.0317638, 38.8521412], [0.032259, 38.8521446], [0.0319311, 38.8490744], [0.0316887, 38.8479542], [0.0288951, 38.8477835], [0.0280755, 38.8475239], [0.0262621, 38.8474078], [0.0252171, 38.8469502], [0.0205555, 38.8442864], [0.0226865, 38.8432482], [0.023431, 38.8417354], [0.0223313, 38.8399629], [0.0213956, 38.8388052], [0.0176116, 38.8414451], [0.0144185, 38.8405981], [0.0123012, 38.8384022], [0.0115259, 38.8395053], [0.0099652, 38.8391979], [0.0046206, 38.8384569], [0.0020012, 38.8378456], [-0.0010279, 38.8373231], [-0.0192748, 38.8388872], [-0.0346598, 38.8301445], [-0.0342534, 38.8269104], [-0.0223381, 38.8250663], [-0.0170003, 38.8199744], [-0.0190255, 38.8114401], [-0.0167818, 38.8070141]]], [[[-0.0872249, 38.7990638], [-0.0860843, 38.7960346], [-0.0872283, 38.7990638], [-0.0872249, 38.7990638]]]]}}, {"type": "Feature", "properties": {"Index": 10406}, "geometry": {"type": "Polygon", "coordinates": [[[-0.1738522, 38.9679231], [-0.1765604, 38.9669498], [-0.1777386, 38.9679709], [-0.18072, 38.9687325], [-0.1807063, 38.969337], [-0.1832369, 38.9695692], [-0.1872531, 38.9699346], [-0.1897734, 38.9704981], [-0.1888479, 38.9711879], [-0.1877346, 38.9725779], [-0.1900159, 38.9725745], [-0.1914092, 38.97197], [-0.1924406, 38.9730218], [-0.1941481, 38.9738585], [-0.1949131, 38.9747157], [-0.1954493, 38.9765326], [-0.1954595, 38.9784074], [-0.1952649, 38.9802755], [-0.1942642, 38.9824748], [-0.1931646, 38.9837316], [-0.1897222, 38.9866037], [-0.1866144, 38.9890079], [-0.1863446, 38.9904696], [-0.1851698, 38.991477], [-0.183394, 38.995459], [-0.1828988, 38.9945267], [-0.1821987, 38.9914121], [-0.1814235, 38.9873584], [-0.1805356, 38.9836803], [-0.1811469, 38.9820309], [-0.1809659, 38.9807912], [-0.1800404, 38.9808697], [-0.1793574, 38.9797735], [-0.1780699, 38.9789675], [-0.1768336, 38.9785543], [-0.1743918, 38.978544], [-0.1726228, 38.9793603], [-0.1672201, 38.9852171], [-0.1630025, 38.9823416], [-0.1625585, 38.9818191], [-0.163443, 38.9808117], [-0.163665, 38.9801321], [-0.1640885, 38.9771985], [-0.1649354, 38.9761432], [-0.1668991, 38.975467], [-0.1688559, 38.9752314], [-0.170222, 38.9748831], [-0.1712602, 38.9743264], [-0.1729131, 38.9727281], [-0.1730463, 38.9720417], [-0.1723701, 38.9708635], [-0.1717622, 38.9691935], [-0.1733365, 38.9679299], [-0.1738522, 38.9679231]]]}}, {"type": "Feature", "properties": {"Index": 7126}, "geometry": {"type": "Polygon", "coordinates": [[[-0.3513347, 38.8563281], [-0.3662723, 38.8552796], [-0.3701075, 38.8578888], [-0.3735806, 38.8586332], [-0.3749023, 38.8606652], [-0.3848709, 38.8599685], [-0.3930535, 38.8621884], [-0.3949591, 38.863691], [-0.3970184, 38.8698006], [-0.4015093, 38.8714672], [-0.4039613, 38.8702412], [-0.4067787, 38.8732874], [-0.4100333, 38.8728537], [-0.4100709, 38.874954], [-0.4142441, 38.8765249], [-0.4157365, 38.8783315], [-0.4231541, 38.8784886], [-0.4252988, 38.8784271], [-0.427645, 38.8789394], [-0.4271532, 38.8806572], [-0.4306981, 38.8792843], [-0.4313845, 38.880968], [-0.4345879, 38.8810294], [-0.4367872, 38.8814461], [-0.4393622, 38.880302], [-0.4400998, 38.884769], [-0.4436891, 38.8856774], [-0.4464826, 38.8867839], [-0.4451098, 38.8881943], [-0.4468037, 38.8901341], [-0.4461821, 38.8923197], [-0.4394305, 38.8957109], [-0.4417971, 38.8975824], [-0.4418415, 38.8992421], [-0.4511511, 38.8984464], [-0.4537397, 38.9021689], [-0.4572948, 38.9017147], [-0.458654, 38.9049966], [-0.4619052, 38.9049863], [-0.4623936, 38.9078174], [-0.4663619, 38.911031], [-0.4662424, 38.9124586], [-0.4613144, 38.9115877], [-0.4473671, 38.9119941], [-0.4477735, 38.9199683], [-0.4471452, 38.9201425], [-0.4340995, 38.9231273], [-0.4255959, 38.9228609], [-0.4194658, 38.924606], [-0.4124546, 38.9230385], [-0.4028787, 38.9208529], [-0.4024723, 38.9139851], [-0.3914074, 38.9119087], [-0.3820944, 38.9130459], [-0.3817768, 38.9119736], [-0.3803186, 38.9121136], [-0.3786828, 38.9040028], [-0.371132, 38.9045185], [-0.3704353, 38.9046004], [-0.363226, 38.9013219], [-0.3544185, 38.909023], [-0.3503067, 38.9092176], [-0.3461164, 38.9071686], [-0.3407172, 38.9066222], [-0.3375445, 38.9072779], [-0.3351301, 38.9092689], [-0.3321658, 38.9083536], [-0.3304104, 38.9095933], [-0.319103, 38.9073701], [-0.3109205, 38.9079096], [-0.3098652, 38.909887], [-0.3115181, 38.9124927], [-0.3072834, 38.9168094], [-0.3046606, 38.9169665], [-0.3038, 38.9068476], [-0.3009894, 38.8991158], [-0.3030794, 38.8905507], [-0.2948319, 38.8891608], [-0.2988276, 38.8853051], [-0.2992511, 38.8816954], [-0.3108078, 38.881511], [-0.3127134, 38.8749881], [-0.3159099, 38.8730688], [-0.3173818, 38.8688068], [-0.3224464, 38.8665255], [-0.3236656, 38.8634895], [-0.3313496, 38.8629465], [-0.3357106, 38.8640359], [-0.3447504, 38.8617649], [-0.3482611, 38.8615566], [-0.3533496, 38.8585718], [-0.3540907, 38.8579058], [-0.3498935, 38.8573423], [-0.3513347, 38.8563281]]]}}, {"type": "Feature", "properties": {"Index": 7202}, "geometry": {"type": "Polygon", "coordinates": [[[-0.7039739, 38.753001], [-0.7125971, 38.74962], [-0.7171938, 38.7505762], [-0.722214, 38.7536737], [-0.7332891, 38.7516998], [-0.7360246, 38.7535918], [-0.7319948, 38.7562624], [-0.7343239, 38.762208], [-0.7336989, 38.7798368], [-0.7383366, 38.7882072], [-0.7327427, 38.7892897], [-0.7333847, 38.7933571], [-0.732128, 38.794829], [-0.7338184, 38.796762], [-0.7293208, 38.79807], [-0.7262506, 38.8087353], [-0.7225179, 38.8211218], [-0.7225896, 38.8315379], [-0.721145, 38.8367801], [-0.7012077, 38.8438049], [-0.6926836, 38.848043], [-0.7091239, 38.8703163], [-0.7137274, 38.8748208], [-0.7139904, 38.8788609], [-0.7172587, 38.8841064], [-0.7246489, 38.8905302], [-0.7224769, 38.8925349], [-0.7258784, 38.8938975], [-0.7348122, 38.9030909], [-0.7367998, 38.9032822], [-0.7387225, 38.9012195], [-0.7406213, 38.9024352], [-0.7410687, 38.905403], [-0.7442516, 38.9060757], [-0.7460274, 38.9079404], [-0.7444599, 38.9096752], [-0.750047, 38.9127625], [-0.75226, 38.9118165], [-0.7539334, 38.9136129], [-0.7563956, 38.9112189], [-0.7579358, 38.9116902], [-0.7576285, 38.9145213], [-0.7603128, 38.9149618], [-0.75964, 38.9169118], [-0.7636425, 38.9169357], [-0.7607772, 38.9199547], [-0.7390196, 38.9244694], [-0.727603, 38.9251251], [-0.7102201, 38.9398647], [-0.6989333, 38.9467803], [-0.6941829, 38.9420367], [-0.6864101, 38.940838], [-0.6791223, 38.9350972], [-0.6720838, 38.9337141], [-0.669379, 38.9320851], [-0.6586454, 38.9241826], [-0.6509648, 38.9154331], [-0.6425364, 38.9059767], [-0.6234733, 38.8901204], [-0.6372225, 38.8801996], [-0.6422051, 38.8804352], [-0.6429735, 38.8788199], [-0.6475805, 38.8793253], [-0.6555547, 38.8720443], [-0.6610223, 38.8617137], [-0.648868, 38.8647463], [-0.6461632, 38.8635305], [-0.6424817, 38.8591592], [-0.6367376, 38.8607813], [-0.6251467, 38.8607267], [-0.6180194, 38.8632675], [-0.612224, 38.8639676], [-0.6087543, 38.862967], [-0.5988198, 38.8636398], [-0.5850091, 38.8678574], [-0.583404, 38.8632402], [-0.5601985, 38.8041181], [-0.5676024, 38.801707], [-0.580228, 38.8008703], [-0.5961457, 38.7948051], [-0.6130812, 38.7893205], [-0.6287838, 38.7806837], [-0.671732, 38.7665179], [-0.6897979, 38.7565527], [-0.7039739, 38.753001]]]}}, {"type": "Feature", "properties": {"Index": 10418}, "geometry": {"type": "Polygon", "coordinates": [[[-0.4716929, 38.6785621], [-0.4728198, 38.6781284], [-0.4773278, 38.6822231], [-0.4755861, 38.6853787], [-0.4761257, 38.685949], [-0.4792914, 38.6869735], [-0.4800633, 38.687759], [-0.4816171, 38.6887255], [-0.4829251, 38.6879502], [-0.4845302, 38.6889782], [-0.4850766, 38.688623], [-0.4858928, 38.6881927], [-0.4871974, 38.689026], [-0.4873033, 38.6882371], [-0.4885225, 38.6877487], [-0.4893899, 38.6887289], [-0.4913467, 38.6865671], [-0.491456, 38.686007], [-0.4928835, 38.6853343], [-0.4938432, 38.6864134], [-0.4967733, 38.6853992], [-0.498095, 38.6853548], [-0.4975759, 38.6886981], [-0.4951853, 38.6897363], [-0.4957215, 38.6905047], [-0.4965343, 38.6901837], [-0.4972856, 38.6912936], [-0.4965104, 38.6915771], [-0.4936144, 38.6904637], [-0.4906227, 38.6912526], [-0.4905578, 38.6920859], [-0.4910428, 38.6928372], [-0.4892908, 38.6952176], [-0.4882766, 38.6946541], [-0.4871257, 38.6946165], [-0.4873681, 38.6971642], [-0.4892157, 38.696727], [-0.4888127, 38.6979121], [-0.4878872, 38.6988478], [-0.4883346, 38.6990664], [-0.4886249, 38.7001865], [-0.487597, 38.701959], [-0.4867808, 38.7029698], [-0.4837789, 38.7047047], [-0.4831027, 38.7034411], [-0.4806438, 38.7048584], [-0.4818869, 38.7056609], [-0.4827988, 38.7067059], [-0.4840316, 38.7061663], [-0.48508, 38.7065898], [-0.4834135, 38.7075221], [-0.480818, 38.7076724], [-0.4807019, 38.7082291], [-0.4794861, 38.7085842], [-0.4777034, 38.7080583], [-0.4754563, 38.7078739], [-0.4751728, 38.7078602], [-0.4737658, 38.7079388], [-0.4721095, 38.7085637], [-0.469637, 38.706904], [-0.4678372, 38.7075631], [-0.4637596, 38.7094175], [-0.4618096, 38.7080925], [-0.4632712, 38.7067674], [-0.4642616, 38.7067298], [-0.4644016, 38.7057804], [-0.4655115, 38.7048174], [-0.4643436, 38.7041549], [-0.4657062, 38.703144], [-0.4673967, 38.7038748], [-0.4696028, 38.7037143], [-0.4706615, 38.7043461], [-0.471225, 38.7034855], [-0.4706308, 38.7030893], [-0.4700195, 38.7020409], [-0.47032, 38.7010779], [-0.4683324, 38.6981887], [-0.4668912, 38.69685], [-0.4656721, 38.6965699], [-0.4654637, 38.6950775], [-0.4673557, 38.6940223], [-0.4677826, 38.6941452], [-0.467827, 38.6952824], [-0.4700229, 38.6946916], [-0.4711908, 38.6941623], [-0.4711464, 38.6932266], [-0.4723008, 38.6931412], [-0.4717817, 38.6913926], [-0.4705386, 38.6908599], [-0.4697121, 38.6912595], [-0.4690018, 38.6905389], [-0.4688618, 38.6894734], [-0.470962, 38.6883259], [-0.4717202, 38.6883088], [-0.4728847, 38.6888211], [-0.4739502, 38.687981], [-0.4719319, 38.6851601], [-0.4710816, 38.6853957], [-0.4703098, 38.6844122], [-0.4703746, 38.6835653], [-0.4696062, 38.6825134], [-0.4716929, 38.6785621]]]}}, {"type": "Feature", "properties": {"Index": 10440}, "geometry": {"type": "Polygon", "coordinates": [[[-0.6955489, 38.2512997], [-0.6962763, 38.2510572], [-0.6996538, 38.2515592], [-0.7012794, 38.2519554], [-0.7053639, 38.2527647], [-0.7067402, 38.2531745], [-0.708195, 38.2545508], [-0.7093425, 38.2551109], [-0.7113266, 38.2573956], [-0.7132527, 38.2594242], [-0.7155853, 38.2610429], [-0.715797, 38.2613639], [-0.7168864, 38.2617328], [-0.7209743, 38.2643453], [-0.7227091, 38.2652879], [-0.7232931, 38.2672447], [-0.7231224, 38.2684229], [-0.7202059, 38.2693484], [-0.7198439, 38.2704993], [-0.7190755, 38.2742696], [-0.7244406, 38.2774012], [-0.7254993, 38.2830054], [-0.7233239, 38.2850647], [-0.7206362, 38.2857306], [-0.718693, 38.2865605], [-0.7167976, 38.2879607], [-0.7154794, 38.2885754], [-0.7126346, 38.2838831], [-0.7132288, 38.2836884], [-0.7123614, 38.2823155], [-0.7131196, 38.2819706], [-0.7110159, 38.2789414], [-0.7096567, 38.2789278], [-0.7061357, 38.2799864], [-0.7036768, 38.2793444], [-0.7019829, 38.2794913], [-0.6991723, 38.2796347], [-0.6981239, 38.2794605], [-0.696167, 38.2717971], [-0.6904809, 38.2729172], [-0.6922363, 38.2757176], [-0.6880562, 38.2768411], [-0.6859525, 38.2770256], [-0.6827184, 38.2776574], [-0.6793204, 38.278115], [-0.6730844, 38.2791566], [-0.6686823, 38.2799523], [-0.66733, 38.2798874], [-0.6683067, 38.2788561], [-0.6680574, 38.2766089], [-0.6666572, 38.2768582], [-0.6657044, 38.2753453], [-0.6651887, 38.2739451], [-0.6631397, 38.269304], [-0.6610564, 38.2691264], [-0.6603256, 38.2637647], [-0.6611179, 38.2627812], [-0.6630406, 38.2617977], [-0.6707656, 38.2602404], [-0.6724014, 38.2598374], [-0.6771415, 38.2623885], [-0.6809323, 38.2599945], [-0.6836575, 38.2585704], [-0.6854812, 38.257341], [-0.6868165, 38.2566682], [-0.6865535, 38.255712], [-0.690095, 38.2548616], [-0.6936604, 38.2531848], [-0.6955489, 38.2512997]]]}}, {"type": "Feature", "properties": {"Index": 257}, "geometry": {"type": "Polygon", "coordinates": [[[-0.6260107, 38.1544783], [-0.6313485, 38.1521185], [-0.6339338, 38.1532523], [-0.63127, 38.1608201], [-0.6356003, 38.1617456], [-0.6378031, 38.1653417], [-0.65327, 38.1652256], [-0.6596084, 38.16722], [-0.6678286, 38.1671586], [-0.6705641, 38.1754914], [-0.6573408, 38.1784898], [-0.6474029, 38.1883492], [-0.6352247, 38.1959341], [-0.6306894, 38.2012685], [-0.6303991, 38.2045846], [-0.6239924, 38.202556], [-0.616667, 38.2044958], [-0.607839, 38.2131565], [-0.6021017, 38.2126442], [-0.595391, 38.2166228], [-0.5902069, 38.2225446], [-0.5831581, 38.2236169], [-0.5781619, 38.2261543], [-0.5711575, 38.2341286], [-0.5608985, 38.2412866], [-0.5611444, 38.2441553], [-0.5431674, 38.2466449], [-0.5236194, 38.2389438], [-0.5193915, 38.2359351], [-0.5152046, 38.2294226], [-0.5140708, 38.2250854], [-0.5104337, 38.2242419], [-0.5074523, 38.218221], [-0.5078143, 38.2083002], [-0.509959, 38.2020096], [-0.5164579, 38.1952545], [-0.5253508, 38.1912281], [-0.5366924, 38.1887795], [-0.538475, 38.1856718], [-0.5375905, 38.1882058], [-0.5386014, 38.1889537], [-0.548553, 38.1897494], [-0.556435, 38.1889503], [-0.560779, 38.1850229], [-0.5567014, 38.19019], [-0.5612298, 38.1911974], [-0.593441, 38.1885439], [-0.6008552, 38.1845755], [-0.6125587, 38.1754163], [-0.6176028, 38.1659667], [-0.6260107, 38.1544783]]]}}, {"type": "Feature", "properties": {"Index": 4582}, "geometry": {"type": "MultiPolygon", "coordinates": [[[[-1.3900289, 37.5250012], [-1.3962887, 37.5175222], [-1.432738, 37.5411854], [-1.4410231, 37.5395803], [-1.4476279, 37.5522947], [-1.4498579, 37.5539476], [-1.4543385, 37.5546272], [-1.4619439, 37.5624614], [-1.4577229, 37.5722457], [-1.452467, 37.5735024], [-1.4464531, 37.5827163], [-1.4499774, 37.5956596], [-1.4613975, 37.6208561], [-1.4757614, 37.6289089], [-1.4542087, 37.634858], [-1.4521699, 37.6462132], [-1.4533925, 37.6495634], [-1.448707, 37.6508885], [-1.4512547, 37.6521589], [-1.4498135, 37.6542831], [-1.4523304, 37.6537947], [-1.4553494, 37.6563936], [-1.4569852, 37.6610381], [-1.4541165, 37.6616938], [-1.4530305, 37.6654197], [-1.4556977, 37.6712766], [-1.4590821, 37.6730968], [-1.4621693, 37.679664], [-1.4352481, 37.6920164], [-1.3962443, 37.7051646], [-1.3693266, 37.72182], [-1.3412033, 37.7241217], [-1.3261837, 37.6988637], [-1.3198487, 37.6926107], [-1.3119496, 37.6772564], [-1.2933441, 37.6733222], [-1.2495797, 37.6582787], [-1.2258755, 37.6377813], [-1.224349, 37.6352166], [-1.2164464, 37.6325289], [-1.2157737, 37.630374], [-1.2086088, 37.6210269], [-1.2092679, 37.6186226], [-1.2116243, 37.6180899], [-1.2089435, 37.6118847], [-1.2128094, 37.607445], [-1.2090562, 37.6019536], [-1.2142198, 37.6010042], [-1.2161664, 37.5973227], [-1.2154356, 37.5929036], [-1.2233176, 37.5885801], [-1.2214632, 37.5837204], [-1.2259336, 37.5733692], [-1.2257048, 37.5748616], [-1.2276684, 37.576576], [-1.2347274, 37.5760057], [-1.2376474, 37.5778976], [-1.2463251, 37.576395], [-1.2482581, 37.5725394], [-1.2540022, 37.5705518], [-1.2582916, 37.5662009], [-1.2582984, 37.5625331], [-1.2537734, 37.56087], [-1.2568436, 37.5579398], [-1.263947, 37.5586775], [-1.2644866, 37.5602723], [-1.2663341, 37.56073], [-1.2726965, 37.5593025], [-1.2760023, 37.5562391], [-1.2775357, 37.5595791], [-1.2793798, 37.5586058], [-1.2847825, 37.5589712], [-1.285766, 37.5565089], [-1.287699, 37.5557439], [-1.288645, 37.5563621], [-1.2874224, 37.5588038], [-1.290455, 37.5599206], [-1.2975208, 37.5608153], [-1.3008573, 37.5600435], [-1.3025512, 37.561635], [-1.3144289, 37.563141], [-1.3161775, 37.5613344], [-1.3193774, 37.5605626], [-1.3197257, 37.5627756], [-1.3253811, 37.5624478], [-1.3309716, 37.5594732], [-1.3323411, 37.5564474], [-1.3374569, 37.5560957], [-1.3395401, 37.5569904], [-1.3546451, 37.5501876], [-1.3662325, 37.5406253], [-1.3726904, 37.5324666], [-1.3781819, 37.5296492], [-1.3812077, 37.5300897], [-1.3833524, 37.5271869], [-1.3900289, 37.5250012]]], [[[-1.2664059, 37.5580628], [-1.2661771, 37.5548082], [-1.2702478, 37.5549106], [-1.2694624, 37.5575676], [-1.2664059, 37.5580628]]]]}}, {"type": "Feature", "properties": {"Index": 4601}, "geometry": {"type": "Polygon", "coordinates": [[[-0.8750668, 37.7226191], [-0.8973434, 37.7199929], [-0.9139715, 37.7209799], [-0.9017011, 37.728739], [-0.8949802, 37.734992], [-0.8748926, 37.76206], [-0.8663924, 37.7655127], [-0.8611161, 37.7579653], [-0.8521344, 37.7631631], [-0.8510211, 37.7616639], [-0.8452427, 37.7611994], [-0.8420667, 37.7759902], [-0.838515, 37.7693103], [-0.8337885, 37.7651473], [-0.8304246, 37.7687673], [-0.8238028, 37.7670222], [-0.8245473, 37.766387], [-0.8232154, 37.7652805], [-0.8216854, 37.7664245], [-0.8177956, 37.7651609], [-0.8229729, 37.7596182], [-0.8262138, 37.7582966], [-0.8274228, 37.7557797], [-0.8310496, 37.7540619], [-0.8337817, 37.7545639], [-0.8367665, 37.7529486], [-0.8401269, 37.7529383], [-0.8450788, 37.748929], [-0.8473123, 37.7434478], [-0.8489515, 37.742512], [-0.8479577, 37.7392062], [-0.8501468, 37.7373177], [-0.8495184, 37.7358628], [-0.8504098, 37.7364844], [-0.8515538, 37.7353233], [-0.8513045, 37.7309929], [-0.8561984, 37.7258293], [-0.8583806, 37.7252453], [-0.8600677, 37.7215092], [-0.8671745, 37.7204676], [-0.8750668, 37.7226191]]]}}, {"type": "Feature", "properties": {"Index": 10103}, "geometry": {"type": "Polygon", "coordinates": [[[-1.1444631, 37.9477456], [-1.1505112, 37.9463283], [-1.1512625, 37.9514134], [-1.1528506, 37.9534419], [-1.1546127, 37.9542889], [-1.1582771, 37.9551256], [-1.1619893, 37.9560784], [-1.1669412, 37.956857], [-1.1700353, 37.9570483], [-1.1716643, 37.9576732], [-1.1743486, 37.9593979], [-1.1741983, 37.9597906], [-1.1776202, 37.9626422], [-1.1783169, 37.9639741], [-1.1784433, 37.9649371], [-1.1818413, 37.9632091], [-1.1835659, 37.9621914], [-1.1872371, 37.9608903], [-1.1897267, 37.9594423], [-1.1939273, 37.9650157], [-1.1961744, 37.9667779], [-1.1983635, 37.9674746], [-1.1954231, 37.9689909], [-1.1973185, 37.9729831], [-1.1984079, 37.9762992], [-1.1994085, 37.9764767], [-1.2002726, 37.9783277], [-1.1988963, 37.9787034], [-1.1992378, 37.9796835], [-1.2016284, 37.979161], [-1.2009419, 37.9811964], [-1.1987255, 37.9836484], [-1.196113, 37.9827742], [-1.193439, 37.9826888], [-1.1917314, 37.983225], [-1.1900887, 37.9832864], [-1.1893306, 37.983061], [-1.1885451, 37.9816199], [-1.1875445, 37.9814184], [-1.1870288, 37.9823541], [-1.1867146, 37.984007], [-1.1861443, 37.9845876], [-1.1865678, 37.985677], [-1.1850856, 37.9860083], [-1.1859599, 37.9866025], [-1.1863117, 37.9876441], [-1.182555, 37.9889077], [-1.1806938, 37.9888121], [-1.1793073, 37.9889589], [-1.1779105, 37.9901303], [-1.1770807, 37.9903523], [-1.1758751, 37.9912402], [-1.1740002, 37.9900108], [-1.1725283, 37.9905025], [-1.1697484, 37.989881], [-1.1685805, 37.9892594], [-1.1658621, 37.9892048], [-1.1640726, 37.9890306], [-1.1646429, 37.9910558], [-1.1662514, 37.9951266], [-1.166808, 37.9968922], [-1.1646019, 37.9978826], [-1.1638608, 37.9974488], [-1.1617844, 37.9985519], [-1.1610365, 37.9986817], [-1.1577341, 38.0001673], [-1.1569589, 38.0007888], [-1.1551762, 38.0002014], [-1.1528813, 37.9992349], [-1.1507947, 37.9974591], [-1.1493057, 37.9957276], [-1.1480182, 37.9944675], [-1.1470005, 37.992876], [-1.1445109, 37.9895497], [-1.1403137, 37.9831703], [-1.1412426, 37.9826273], [-1.1410924, 37.9819648], [-1.1395419, 37.9818965], [-1.1395556, 37.9813945], [-1.141468, 37.9813672], [-1.1413519, 37.9803597], [-1.1420145, 37.9800763], [-1.1444836, 37.9816916], [-1.1452998, 37.9808651], [-1.1463994, 37.9790722], [-1.145853, 37.9787785], [-1.1458599, 37.9778701], [-1.1468093, 37.9775388], [-1.1468195, 37.9763197], [-1.148189, 37.9762616], [-1.1500331, 37.9765997], [-1.1498111, 37.9746736], [-1.1502141, 37.972925], [-1.1518124, 37.9716444], [-1.1515084, 37.9696773], [-1.1482982, 37.9716615], [-1.1477518, 37.972966], [-1.1457028, 37.9741442], [-1.145392, 37.9736798], [-1.1440635, 37.9735227], [-1.1438245, 37.9717366], [-1.143722, 37.9694792], [-1.1420589, 37.9694212], [-1.1400576, 37.9681098], [-1.1392277, 37.9690318], [-1.1387257, 37.9681029], [-1.1378549, 37.9630315], [-1.1370796, 37.9603131], [-1.1360722, 37.9574478], [-1.1358468, 37.9562935], [-1.1358536, 37.9547294], [-1.1386301, 37.9545894], [-1.1398561, 37.9553954], [-1.1412324, 37.9556686], [-1.1430492, 37.9564677], [-1.1458838, 37.9566282], [-1.1451051, 37.9524789], [-1.1444631, 37.9477456]]]}}, {"type": "Feature", "properties": {"Index": 4589}, "geometry": {"type": "Polygon", "coordinates": [[[-1.8352206, 37.4673203], [-1.8484951, 37.4607155], [-1.858696, 37.4790751], [-1.8643787, 37.4862877], [-1.8671073, 37.4867454], [-1.8710893, 37.4898121], [-1.9098336, 37.5378762], [-1.9111518, 37.5382279], [-1.9164213, 37.5448498], [-1.907303, 37.5468818], [-1.9060736, 37.5496548], [-1.9022179, 37.5515297], [-1.9042226, 37.5538827], [-1.902235, 37.5543335], [-1.9022931, 37.5573183], [-1.8999913, 37.5591454], [-1.89047, 37.5590566], [-1.8882878, 37.5641621], [-1.8837764, 37.5668976], [-1.8850263, 37.568711], [-1.8820996, 37.5744416], [-1.883411, 37.5752407], [-1.875891, 37.5782938], [-1.8717519, 37.5825627], [-1.8634942, 37.5840892], [-1.8541915, 37.5814493], [-1.8460465, 37.5814493], [-1.8385674, 37.5767263], [-1.8272805, 37.5851581], [-1.8180529, 37.5885732], [-1.8044506, 37.5983575], [-1.8029889, 37.6033196], [-1.7985083, 37.6051501], [-1.7935496, 37.606359], [-1.7846431, 37.6029883], [-1.7689814, 37.6013286], [-1.7650951, 37.5999352], [-1.7540131, 37.6021107], [-1.7484431, 37.6018955], [-1.7417392, 37.6044671], [-1.7283384, 37.6024317], [-1.7175774, 37.6063078], [-1.7177618, 37.6035792], [-1.713049, 37.5956493], [-1.7062461, 37.5908067], [-1.7043542, 37.5863056], [-1.7015777, 37.5836896], [-1.7090533, 37.5811488], [-1.7132232, 37.5810156], [-1.7160645, 37.5625605], [-1.7274641, 37.5600879], [-1.7327541, 37.5611705], [-1.7380065, 37.5598318], [-1.7429174, 37.5601733], [-1.7525377, 37.5575061], [-1.7539311, 37.549969], [-1.7533574, 37.5327911], [-1.7616048, 37.5364384], [-1.7673456, 37.5321012], [-1.773264, 37.5323061], [-1.7770137, 37.5293282], [-1.7792745, 37.5259985], [-1.778612, 37.5242499], [-1.781245, 37.5216647], [-1.7830994, 37.5224058], [-1.7844791, 37.5204523], [-1.7940721, 37.5178569], [-1.7970842, 37.514814], [-1.796251, 37.5124542], [-1.7981156, 37.5119488], [-1.8101948, 37.5009419], [-1.8103963, 37.4980596], [-1.8090029, 37.4961505], [-1.8098225, 37.493719], [-1.8187155, 37.4892725], [-1.8200098, 37.4853281], [-1.8231585, 37.4844163], [-1.8285646, 37.4793927], [-1.8290325, 37.4754585], [-1.8352206, 37.4673203]]]}}, {"type": "Feature", "properties": {"Index": 341}, "geometry": {"type": "MultiPolygon", "coordinates": [[[[-2.180193, 36.7240181], [-2.1840418, 36.7193121], [-2.1872178, 36.7218222], [-2.1933035, 36.7211494], [-2.1935836, 36.7233351], [-2.1955746, 36.7258794], [-2.1980915, 36.7270234], [-2.2008714, 36.7267024], [-2.2028419, 36.7289598], [-2.2022886, 36.7304522], [-2.2084187, 36.7401203], [-2.2083573, 36.7450244], [-2.2064824, 36.7495528], [-2.2089583, 36.7571889], [-2.2138385, 36.7630971], [-2.2144361, 36.7715767], [-2.2231685, 36.7769077], [-2.232724, 36.7973846], [-2.227936, 36.8134458], [-2.2241179, 36.819289], [-2.225081, 36.8216591], [-2.2223318, 36.8240462], [-2.2199208, 36.8307193], [-2.2161368, 36.8334002], [-2.207162, 36.8556222], [-2.2022033, 36.8633062], [-2.2208223, 36.8778442], [-2.2440108, 36.9091743], [-2.2587401, 36.9159635], [-2.2638355, 36.9243817], [-2.2786331, 36.9422119], [-2.2880519, 36.9485606], [-2.2904698, 36.95703], [-2.2962379, 36.9597416], [-2.2953534, 36.9620707], [-2.2967672, 36.9620331], [-2.2965043, 36.9638636], [-2.2986694, 36.9665718], [-2.3010088, 36.9849758], [-2.2995642, 36.9929876], [-2.2792034, 36.9890363], [-2.270932, 36.9949239], [-2.2559227, 37.0025464], [-2.2445299, 37.0057395], [-2.2276423, 37.0085058], [-2.2110244, 37.0185564], [-2.2046075, 37.0120301], [-2.2006426, 37.0097318], [-2.1916404, 37.0106197], [-2.1733901, 37.0081779], [-2.1607577, 37.0039125], [-2.144355, 37.00019], [-2.1010789, 36.9951493], [-2.0747929, 36.9998212], [-2.0655824, 36.9968022], [-2.0475234, 36.9813353], [-2.0409083, 36.9828345], [-2.0190893, 36.9767249], [-2.0173681, 36.9714895], [-2.0059446, 36.9733166], [-1.9815881, 36.9698469], [-1.9594686, 36.9739621], [-1.9341081, 36.9630474], [-1.9252459, 36.9380353], [-1.9352351, 36.9384929], [-1.9462761, 36.9325882], [-1.9466142, 36.9299859], [-1.9542366, 36.9236646], [-1.9548445, 36.9210896], [-1.9530277, 36.9199489], [-1.9562618, 36.9175789], [-1.9559647, 36.9154034], [-1.9579864, 36.9152327], [-1.9584611, 36.9127192], [-1.9596393, 36.9127397], [-1.9591271, 36.909147], [-1.9636862, 36.9079449], [-1.9650591, 36.9062339], [-1.9671218, 36.8989598], [-1.9731768, 36.8983724], [-1.9783131, 36.9030681], [-1.9820219, 36.9024671], [-1.9880222, 36.8960023], [-1.9921954, 36.893639], [-1.9932507, 36.8919178], [-1.9923184, 36.8893873], [-1.9951666, 36.8854087], [-2.0009381, 36.884087], [-2.0036428, 36.8815496], [-2.0037692, 36.8745282], [-2.0030862, 36.8726294], [-2.0012215, 36.872766], [-2.0021504, 36.8721991], [-2.0011737, 36.870314], [-2.002591, 36.87001], [-2.002188, 36.8675375], [-2.0047288, 36.8653074], [-2.0032023, 36.8635452], [-2.0052445, 36.8628042], [-2.0060573, 36.8607653], [-2.0037453, 36.858006], [-2.0003234, 36.8581016], [-1.998708, 36.8554583], [-1.9999682, 36.8518963], [-1.9968229, 36.8522037], [-1.9955798, 36.8503391], [-2.0013854, 36.8456262], [-1.999753, 36.8400596], [-2.0024168, 36.8385228], [-2.0032057, 36.8365011], [-2.0090694, 36.8342164], [-2.0152781, 36.8352136], [-2.0162411, 36.8362757], [-2.0250145, 36.8350497], [-2.0252774, 36.831194], [-2.0272445, 36.8317336], [-2.0356935, 36.8278097], [-2.0412942, 36.822868], [-2.0422505, 36.8181176], [-2.0437907, 36.8186538], [-2.04989, 36.8167892], [-2.0509453, 36.8139512], [-2.0494461, 36.8128926], [-2.0555147, 36.8133297], [-2.0599065, 36.8098395], [-2.0626454, 36.8031356], [-2.06256, 36.7983033], [-2.0598655, 36.7968211], [-2.0625156, 36.7955097], [-2.0616311, 36.7871086], [-2.0633216, 36.7864905], [-2.0616072, 36.7853054], [-2.0635982, 36.7803023], [-2.0603914, 36.7777171], [-2.0616072, 36.7779766], [-2.0636426, 36.7756031], [-2.0706538, 36.7750192], [-2.0723443, 36.7714265], [-2.0742841, 36.7713889], [-2.0728531, 36.770098], [-2.0741543, 36.7709176], [-2.0751447, 36.7686637], [-2.0785393, 36.7687798], [-2.0809162, 36.7658599], [-2.0826579, 36.7661809], [-2.0833921, 36.7649685], [-2.0904989, 36.7637425], [-2.0905877, 36.7628238], [-2.093774, 36.765112], [-2.0995045, 36.7629092], [-2.1044257, 36.7634966], [-2.1061298, 36.7626633], [-2.109661, 36.7556112], [-2.1092717, 36.7534358], [-2.1066421, 36.7520458], [-2.1144285, 36.7481116], [-2.1186495, 36.7492967], [-2.1211494, 36.7463768], [-2.1204732, 36.7397173], [-2.1190081, 36.7385015], [-2.1148793, 36.7392085], [-2.1149544, 36.7373711], [-2.1193906, 36.7364115], [-2.1211152, 36.7336043], [-2.1243698, 36.7318524], [-2.1300252, 36.731866], [-2.1335257, 36.7294857], [-2.1410594, 36.7288437], [-2.1452258, 36.7296769], [-2.1461991, 36.7308927], [-2.1501572, 36.7302268], [-2.1518613, 36.7310669], [-2.1537021, 36.7297111], [-2.1564342, 36.7299911], [-2.1597161, 36.7287071], [-2.1612392, 36.726617], [-2.1637151, 36.7267878], [-2.1678303, 36.7220579], [-2.168025, 36.7236083], [-2.1744146, 36.722997], [-2.1768189, 36.7243562], [-2.180193, 36.7240181]]], [[[-2.1747596, 36.7223686], [-2.1749371, 36.7223242], [-2.1750908, 36.7226316], [-2.1747596, 36.7223686]]]]}}, {"type": "Feature", "properties": {"Index": 324}, "geometry": {"type": "Polygon", "coordinates": [[[-1.8279499, 37.1680009], [-1.8343976, 37.1670379], [-1.8383557, 37.1688683], [-1.837297, 37.1702924], [-1.8391138, 37.1714911], [-1.8395817, 37.1747594], [-1.8419518, 37.1760435], [-1.8440998, 37.1755414], [-1.8413234, 37.1847895], [-1.8417229, 37.1880475], [-1.8792036, 37.1913089], [-1.8864778, 37.1908103], [-1.9050969, 37.1887749], [-1.9089696, 37.1873338], [-1.9149153, 37.187525], [-1.918484, 37.1917461], [-1.9253245, 37.1901068], [-1.9263968, 37.1907454], [-1.9412251, 37.1993891], [-1.9481749, 37.2011103], [-1.9563335, 37.2068442], [-1.9662783, 37.2121957], [-1.9749458, 37.2204909], [-1.9828073, 37.2252003], [-1.9918573, 37.2387173], [-2.0036667, 37.2521932], [-2.0096056, 37.2566431], [-2.0090762, 37.2575481], [-2.0169514, 37.2596245], [-2.0208788, 37.2664888], [-2.0297615, 37.2694634], [-2.0318788, 37.2759521], [-2.0292321, 37.2789949], [-2.0321247, 37.2840595], [-2.0401331, 37.2867472], [-2.041021, 37.2895851], [-2.0349251, 37.2907497], [-2.0330058, 37.2926655], [-2.029922, 37.2928909], [-2.0282486, 37.295763], [-2.023727, 37.2964358], [-1.9886813, 37.3009027], [-1.9693484, 37.3045296], [-1.958526, 37.2996767], [-1.9483183, 37.300469], [-1.9446812, 37.296668], [-1.9383906, 37.2930617], [-1.9319736, 37.2863681], [-1.9199047, 37.28241], [-1.906036, 37.2734761], [-1.9031605, 37.2742274], [-1.8962552, 37.2705835], [-1.8915902, 37.2710343], [-1.8864812, 37.271007], [-1.8681968, 37.2674075], [-1.859297, 37.2628688], [-1.8421396, 37.2588698], [-1.8148461, 37.2446117], [-1.8049116, 37.2354183], [-1.7963158, 37.2293907], [-1.803146, 37.2210237], [-1.8065919, 37.2140091], [-1.8159492, 37.1885222], [-1.8168508, 37.1856638], [-1.8151672, 37.1844685], [-1.8160073, 37.1812959], [-1.8156658, 37.1844275], [-1.8175099, 37.1853189], [-1.819477, 37.1848271], [-1.8235581, 37.1695445], [-1.8269492, 37.1701627], [-1.8279499, 37.1680009]]]}}, {"type": "Feature", "properties": {"Index": 866}, "geometry": {"type": "Polygon", "coordinates": [[[2.5347037, 41.5714239], [2.5335118, 41.569467], [2.5320502, 41.570051], [2.5306807, 41.570273], [2.5283448, 41.5712087], [2.5288468, 41.5725782], [2.5256571, 41.5748048], [2.5250321, 41.577028], [2.522908, 41.5774208], [2.5215556, 41.5809691], [2.5439484, 41.5915354], [2.5611946, 41.5950495], [2.5681375, 41.5954422], [2.5705075, 41.5919213], [2.5689605, 41.5904118], [2.5702821, 41.5854906], [2.5724132, 41.5833221], [2.5629875, 41.5786331], [2.56128, 41.5752522], [2.5580698, 41.5743267], [2.5609009, 41.5753478], [2.5612492, 41.5782438], [2.5616795, 41.5770485], [2.5629021, 41.5793742], [2.5554641, 41.5793776], [2.5564613, 41.5780389], [2.5598012, 41.5774344], [2.5561027, 41.5775915], [2.5549347, 41.578517], [2.5515128, 41.5780594], [2.5347037, 41.5714239]]]}}, {"type": "Feature", "properties": {"Index": 892}, "geometry": {"type": "Polygon", "coordinates": [[[2.5128676, 41.5616021], [2.5090324, 41.5603726], [2.5048045, 41.564761], [2.5012631, 41.5659563], [2.4981724, 41.5697812], [2.4957819, 41.5702901], [2.4970796, 41.5800675], [2.4955462, 41.5930312], [2.494409, 41.5998272], [2.4963829, 41.60412], [2.4983124, 41.6056739], [2.5004776, 41.6036316], [2.4986437, 41.6025046], [2.5085816, 41.5948787], [2.5102994, 41.5948583], [2.5177853, 41.5957701], [2.5234031, 41.5910607], [2.5207155, 41.5840461], [2.5215556, 41.5809691], [2.522908, 41.5774208], [2.5250321, 41.577028], [2.5256571, 41.5748048], [2.5288468, 41.5725782], [2.5283448, 41.5712087], [2.5306807, 41.570273], [2.5320502, 41.570051], [2.5305509, 41.5681044], [2.5291747, 41.5685654], [2.5264665, 41.5664822], [2.5249673, 41.5670047], [2.5235602, 41.5652904], [2.5226279, 41.5659017], [2.5202578, 41.564802], [2.5207394, 41.5641053], [2.5199846, 41.5648225], [2.518359, 41.5640541], [2.5187518, 41.5630091], [2.5159309, 41.5628315], [2.5163715, 41.5618275], [2.5153367, 41.5626163], [2.5133696, 41.5607551], [2.5128676, 41.5616021]]]}}, {"type": "Feature", "properties": {"Index": 10117}, "geometry": {"type": "Polygon", "coordinates": [[[2.4469699, 41.5331543], [2.4463586, 41.5326182], [2.439443, 41.5381062], [2.4385551, 41.5379935], [2.4361919, 41.5404729], [2.4356762, 41.5404934], [2.4339106, 41.5426585], [2.4329988, 41.5433962], [2.4320596, 41.545155], [2.4315303, 41.5446427], [2.431421, 41.5435089], [2.4310283, 41.543], [2.42929, 41.5433894], [2.4267047, 41.5445881], [2.4277566, 41.5455136], [2.4270531, 41.5465039], [2.4260866, 41.5489047], [2.4262813, 41.5490345], [2.4264964, 41.5527433], [2.4249152, 41.5590851], [2.4259876, 41.559816], [2.4284191, 41.5586241], [2.4284499, 41.5597477], [2.4295973, 41.5620802], [2.4299559, 41.5617148], [2.4298569, 41.5603965], [2.4302359, 41.5582382], [2.4310624, 41.5565341], [2.4338184, 41.5530131], [2.4391937, 41.5503698], [2.4390845, 41.5499463], [2.4410516, 41.5484676], [2.4422332, 41.5465552], [2.4424688, 41.5448647], [2.4429811, 41.5449808], [2.4426908, 41.5447212], [2.4446886, 41.5437411], [2.446041, 41.5414598], [2.4471851, 41.5389805], [2.4503645, 41.5353502], [2.4469699, 41.5331543]]]}}, {"type": "Feature", "properties": {"Index": 10116}, "geometry": {"type": "Polygon", "coordinates": [[[2.4429811, 41.5449808], [2.4424688, 41.5448647], [2.4422332, 41.5465552], [2.4410516, 41.5484676], [2.4390845, 41.5499463], [2.4391937, 41.5503698], [2.4338184, 41.5530131], [2.4310624, 41.5565341], [2.4302359, 41.5582382], [2.4298569, 41.5603965], [2.4299559, 41.5617148], [2.4295973, 41.5620802], [2.4284499, 41.5597477], [2.4284191, 41.5586241], [2.4259876, 41.559816], [2.4249152, 41.5590851], [2.4237404, 41.5637843], [2.4248572, 41.5644059], [2.4270599, 41.5678927], [2.4253797, 41.5727182], [2.4238053, 41.5738486], [2.4231735, 41.5742994], [2.4210801, 41.5734798], [2.4209913, 41.5735481], [2.4166644, 41.5768573], [2.420619, 41.5766524], [2.4206259, 41.5766524], [2.4206669, 41.5766626], [2.4313527, 41.5790429], [2.4366939, 41.5777179], [2.4366973, 41.5777179], [2.4474378, 41.5802075], [2.4487116, 41.5805046], [2.4487184, 41.5805046], [2.4567303, 41.5799855], [2.4567337, 41.5799855], [2.4584515, 41.5790873], [2.460282, 41.5734832], [2.4705648, 41.5727387], [2.4705682, 41.5727353], [2.4744478, 41.5692519], [2.4723202, 41.5692894], [2.4700525, 41.5671687], [2.4683689, 41.5667896], [2.4673068, 41.5662807], [2.4669346, 41.565427], [2.4642947, 41.5650616], [2.463598, 41.5646927], [2.4636253, 41.5632311], [2.4630379, 41.5628691], [2.461146, 41.5627666], [2.4608967, 41.5618582], [2.4602376, 41.5611], [2.4581612, 41.5604683], [2.4563102, 41.5603556], [2.4551491, 41.5574835], [2.4553642, 41.5561379], [2.4573245, 41.5541776], [2.4573723, 41.5530814], [2.4560302, 41.5512543], [2.4549373, 41.5502879], [2.4521779, 41.5482661], [2.4492375, 41.5457253], [2.4473422, 41.5458243], [2.4447911, 41.5455204], [2.4429811, 41.5449808]]]}}, {"type": "Feature", "properties": {"Index": 10119}, "geometry": {"type": "Polygon", "coordinates": [[[2.4530146, 41.5370612], [2.4503645, 41.5353502], [2.4471851, 41.5389805], [2.446041, 41.5414598], [2.4446886, 41.5437411], [2.4426908, 41.5447212], [2.4429811, 41.5449808], [2.4447911, 41.5455204], [2.4473422, 41.5458243], [2.4492375, 41.5457253], [2.4521779, 41.5482661], [2.4549373, 41.5502879], [2.4560302, 41.5512543], [2.4573723, 41.5530814], [2.4573245, 41.5541776], [2.4553642, 41.5561379], [2.4551491, 41.5574835], [2.4563102, 41.5603556], [2.4581612, 41.5604683], [2.4602376, 41.5611], [2.4608967, 41.5618582], [2.461146, 41.5627666], [2.4630379, 41.5628691], [2.4636253, 41.5632311], [2.463598, 41.5646927], [2.4642947, 41.5650616], [2.4669346, 41.565427], [2.4673068, 41.5662807], [2.4683689, 41.5667896], [2.4700525, 41.5671687], [2.4723202, 41.5692894], [2.4744478, 41.5692519], [2.4768759, 41.5670696], [2.4778048, 41.5662363], [2.4779038, 41.5661476], [2.4796216, 41.5633335], [2.4800963, 41.5627837], [2.4877052, 41.5511143], [2.4825074, 41.5497244], [2.479625, 41.5488023], [2.4765207, 41.5481022], [2.46925, 41.546019], [2.4612621, 41.542358], [2.4576831, 41.5399913], [2.454869, 41.5369212], [2.4530146, 41.5370612]]]}}, {"type": "Feature", "properties": {"Index": 869}, "geometry": {"type": "Polygon", "coordinates": [[[2.4216504, 41.5323825], [2.4201102, 41.5308901], [2.4086799, 41.5351658], [2.409742, 41.5385912], [2.4080447, 41.5390488], [2.39908, 41.540046], [2.3950058, 41.5384477], [2.3919903, 41.5396259], [2.3871272, 41.5384921], [2.3832306, 41.5410876], [2.3793237, 41.5406129], [2.3773259, 41.5412686], [2.374809, 41.5425356], [2.3741874, 41.5416852], [2.3711855, 41.5419072], [2.3693721, 41.5432972], [2.3597518, 41.5531736], [2.3636109, 41.5624627], [2.3565382, 41.5737052], [2.3689008, 41.5854155], [2.3754237, 41.5953261], [2.3787807, 41.5936117], [2.3809391, 41.5941752], [2.3817348, 41.5932122], [2.3868779, 41.5929424], [2.3895246, 41.5830898], [2.3923728, 41.579866], [2.3998484, 41.5755152], [2.4059171, 41.5793981], [2.4166609, 41.5768573], [2.4210801, 41.5734798], [2.4231735, 41.5742994], [2.4253797, 41.5727182], [2.4270599, 41.5678927], [2.4237404, 41.5637843], [2.4262813, 41.5490345], [2.4188364, 41.545435], [2.4181909, 41.5431606], [2.4155749, 41.5432835], [2.4216504, 41.5323825]]]}}, {"type": "Feature", "properties": {"Index": 1077}, "geometry": {"type": "Polygon", "coordinates": [[[2.3882713, 41.4994132], [2.376315, 41.4941676], [2.373238, 41.4967802], [2.3659741, 41.5018721], [2.3702191, 41.5042592], [2.3725892, 41.5084222], [2.3803312, 41.5124179], [2.3828857, 41.5144294], [2.3920381, 41.5161881], [2.4030006, 41.5061751], [2.3891968, 41.4988873], [2.3882713, 41.4994132]]]}}, {"type": "Feature", "properties": {"Index": 10118}, "geometry": {"type": "Polygon", "coordinates": [[[2.4429572, 41.5296265], [2.4245806, 41.5191832], [2.4216504, 41.5323825], [2.4214967, 41.5326591], [2.4155784, 41.5432835], [2.4175728, 41.5431879], [2.4181909, 41.5431606], [2.4184334, 41.5440212], [2.4188364, 41.545435], [2.4235219, 41.5471665], [2.4260866, 41.5489047], [2.4270531, 41.5465039], [2.4277566, 41.5455136], [2.4267047, 41.5445881], [2.42929, 41.5433894], [2.4310283, 41.543], [2.431421, 41.5435089], [2.4315303, 41.5446427], [2.4320596, 41.545155], [2.4329988, 41.5433962], [2.4339106, 41.5426585], [2.4356762, 41.5404934], [2.4361919, 41.5404729], [2.4385551, 41.5379935], [2.439443, 41.5381062], [2.4463586, 41.5326182], [2.4429572, 41.5296265]]]}}, {"type": "Feature", "properties": {"Index": 10126}, "geometry": {"type": "Polygon", "coordinates": [[[2.1836046, 41.3812748], [2.1824674, 41.3812714], [2.1822523, 41.3812953], [2.1750157, 41.3867629], [2.1728164, 41.3884773], [2.1734379, 41.3889827], [2.1758421, 41.388952], [2.1773687, 41.3901097], [2.1798412, 41.3910386], [2.1802169, 41.3913596], [2.1813507, 41.3922236], [2.1823957, 41.3914279], [2.1846053, 41.3897579], [2.1868695, 41.3914108], [2.1879452, 41.3905707], [2.1935596, 41.3862916], [2.1912681, 41.384789], [2.1857391, 41.3821969], [2.1845711, 41.3826853], [2.1836046, 41.3812748]]]}}, {"type": "Feature", "properties": {"Index": 10123}, "geometry": {"type": "Polygon", "coordinates": [[[2.1641318, 41.3863053], [2.1585754, 41.3821286], [2.1544466, 41.3852432], [2.1516633, 41.38734], [2.1584798, 41.3924627], [2.1618676, 41.3898945], [2.1653715, 41.3872444], [2.1641318, 41.3863053]]]}}, {"type": "Feature", "properties": {"Index": 10132}, "geometry": {"type": "Polygon", "coordinates": [[[2.1762759, 41.4007272], [2.1733218, 41.3999861], [2.1697872, 41.4026704], [2.1720446, 41.4043506], [2.1686568, 41.4069666], [2.1742917, 41.4112081], [2.1744112, 41.4061709], [2.1789396, 41.4027353], [2.1762759, 41.4007272]]]}}, {"type": "Feature", "properties": {"Index": 10135}, "geometry": {"type": "Polygon", "coordinates": [[[2.1652451, 41.4009731], [2.1595521, 41.3966837], [2.1577968, 41.3978824], [2.1533128, 41.4016664], [2.1526434, 41.4024279], [2.1552081, 41.4039237], [2.1548154, 41.4042823], [2.157626, 41.4061709], [2.1592892, 41.4071305], [2.1608669, 41.4077725], [2.1635102, 41.4049107], [2.1616217, 41.4037257], [2.1652451, 41.4009731]]]}}, {"type": "Feature", "properties": {"Index": 10129}, "geometry": {"type": "Polygon", "coordinates": [[[2.1697872, 41.4026704], [2.1674581, 41.4009287], [2.1663345, 41.4017927], [2.1652451, 41.4009731], [2.1616217, 41.4037257], [2.1635102, 41.4049107], [2.1608669, 41.4077725], [2.1581929, 41.4105968], [2.1620178, 41.4126425], [2.1634897, 41.4109042], [2.1686568, 41.4069666], [2.1720446, 41.4043506], [2.1697872, 41.4026704]]]}}, {"type": "Feature", "properties": {"Index": 10131}, "geometry": {"type": "Polygon", "coordinates": [[[2.1742917, 41.4112081], [2.1686568, 41.4069666], [2.1634897, 41.4109042], [2.1620178, 41.4126425], [2.1613929, 41.4137011], [2.1596204, 41.4141212], [2.1581929, 41.4154053], [2.1575919, 41.4164913], [2.156663, 41.4156546], [2.1555838, 41.4150979], [2.1570694, 41.4178027], [2.1585686, 41.4169045], [2.1594941, 41.4176387], [2.1611743, 41.4181852], [2.1617139, 41.419237], [2.1630833, 41.4199132], [2.1653851, 41.4201147], [2.1657915, 41.4192063], [2.1648285, 41.4187316], [2.1653783, 41.4181169], [2.1670107, 41.4185608], [2.1675503, 41.4176456], [2.1661877, 41.4165971], [2.1672976, 41.4154531], [2.1681821, 41.415757], [2.1692544, 41.4156068], [2.1695857, 41.4147871], [2.1742917, 41.4112081]]]}}, {"type": "Feature", "properties": {"Index": 10130}, "geometry": {"type": "Polygon", "coordinates": [[[2.1854864, 41.4030392], [2.1762759, 41.4007272], [2.1789396, 41.4027353], [2.1744112, 41.4061709], [2.1742917, 41.4112081], [2.1754221, 41.4120414], [2.1833656, 41.4060343], [2.1859645, 41.404074], [2.1854864, 41.4030392]]]}}, {"type": "Feature", "properties": {"Index": 10141}, "geometry": {"type": "Polygon", "coordinates": [[[2.1868661, 41.4086502], [2.1833656, 41.4060343], [2.1754221, 41.4120414], [2.1802339, 41.415576], [2.1804525, 41.4158629], [2.1833519, 41.4179564], [2.1868866, 41.4152687], [2.1868661, 41.4086502]]]}}, {"type": "Feature", "properties": {"Index": 10140}, "geometry": {"type": "Polygon", "coordinates": [[[2.1866065, 41.4043643], [2.1859645, 41.404074], [2.1833656, 41.4060343], [2.1868661, 41.4086502], [2.1868866, 41.4152687], [2.1889698, 41.413667], [2.191193, 41.4153848], [2.1923644, 41.4145686], [2.1970806, 41.4110442], [2.1914252, 41.4067958], [2.1879657, 41.4041969], [2.1866065, 41.4043643]]]}}, {"type": "Feature", "properties": {"Index": 10137}, "geometry": {"type": "Polygon", "coordinates": [[[2.2053042, 41.3916328], [2.2063082, 41.3907449], [2.2046621, 41.3920563], [2.2043377, 41.3918001], [2.2008475, 41.3945186], [2.1998127, 41.3936238], [2.196039, 41.3964617], [2.1938807, 41.3981044], [2.1973333, 41.4023221], [2.193785, 41.4050131], [2.2039518, 41.4075676], [2.2099794, 41.402988], [2.2068546, 41.4004096], [2.2109561, 41.3975614], [2.2103278, 41.396892], [2.2092452, 41.3964993], [2.2114718, 41.3948191], [2.2097233, 41.395888], [2.2068068, 41.3937741], [2.2053042, 41.3916328]]]}}, {"type": "Feature", "properties": {"Index": 10136}, "geometry": {"type": "Polygon", "coordinates": [[[2.2236398, 41.4062016], [2.2216659, 41.4046307], [2.2188211, 41.4067378], [2.2211809, 41.4089917], [2.2207745, 41.4099172], [2.2192002, 41.4107368], [2.2192207, 41.4113857], [2.2141322, 41.4101153], [2.2118714, 41.4118194], [2.2073361, 41.408418], [2.2039518, 41.4075676], [2.193785, 41.4050131], [2.1914252, 41.4067958], [2.1970806, 41.4110442], [2.2050207, 41.4170035], [2.2084153, 41.4195375], [2.2114821, 41.4218222], [2.2116221, 41.4213817], [2.2143883, 41.4198927], [2.2166798, 41.4181715], [2.2179912, 41.4166313], [2.2197705, 41.4152482], [2.2213995, 41.413527], [2.2211024, 41.4130284], [2.2225401, 41.4124239], [2.2232539, 41.4119902], [2.2292064, 41.4095723], [2.2261328, 41.4052829], [2.2246917, 41.4063519], [2.2236398, 41.4062016]]]}}, {"type": "Feature", "properties": {"Index": 10138}, "geometry": {"type": "Polygon", "coordinates": [[[2.2384067, 41.437115], [2.2360332, 41.4347996], [2.2321024, 41.437518], [2.2287146, 41.4396559], [2.237669, 41.4443755], [2.2405513, 41.445984], [2.2428121, 41.4479306], [2.2429351, 41.4480024], [2.2437581, 41.4476164], [2.2452061, 41.4450141], [2.2461453, 41.4442014], [2.2480441, 41.4421181], [2.2459745, 41.4397788], [2.2446221, 41.43746], [2.2426926, 41.4385699], [2.2406572, 41.4361144], [2.2384067, 41.437115]]]}}, {"type": "Feature", "properties": {"Index": 10149}, "geometry": {"type": "Polygon", "coordinates": [[[2.2403123, 41.4311318], [2.2374641, 41.4258896], [2.23632, 41.4267946], [2.2338134, 41.4291544], [2.2316277, 41.4309269], [2.2269217, 41.4298375], [2.2264504, 41.4299263], [2.2246438, 41.4292911], [2.2225128, 41.4323954], [2.220737, 41.4316236], [2.219651, 41.4328871], [2.2174414, 41.4321871], [2.216492, 41.4331194], [2.2170453, 41.4334267], [2.2146923, 41.4348577], [2.2136028, 41.4364764], [2.2130872, 41.4391778], [2.2132886, 41.4399496], [2.2145556, 41.4416332], [2.2166593, 41.4432895], [2.2186503, 41.4451268], [2.2199549, 41.4465407], [2.2208155, 41.4471622], [2.2235886, 41.441821], [2.2245004, 41.4427807], [2.2252312, 41.4419918], [2.2263582, 41.4399564], [2.2272905, 41.438908], [2.2287146, 41.4396559], [2.2321024, 41.437518], [2.2360332, 41.4347996], [2.2384067, 41.437115], [2.2406572, 41.4361144], [2.2426926, 41.4385699], [2.2446221, 41.43746], [2.2409236, 41.4311318], [2.2403123, 41.4311318]]]}}, {"type": "Feature", "properties": {"Index": 10151}, "geometry": {"type": "Polygon", "coordinates": [[[2.2273998, 41.4126083], [2.225139, 41.4121814], [2.2225401, 41.4124239], [2.2211024, 41.4130284], [2.2213995, 41.413527], [2.2197705, 41.4152482], [2.2179912, 41.4166313], [2.2166798, 41.4181715], [2.2143883, 41.4198927], [2.2116221, 41.4213817], [2.2114821, 41.4218222], [2.2110313, 41.4231746], [2.2094159, 41.4242504], [2.2090027, 41.4250222], [2.2074488, 41.4250085], [2.2060555, 41.4255686], [2.2071961, 41.427563], [2.2072371, 41.429093], [2.2076093, 41.4296428], [2.2067385, 41.4300697], [2.206216, 41.43259], [2.2080636, 41.4331399], [2.2093715, 41.4332594], [2.2105088, 41.4336624], [2.2109083, 41.4336692], [2.2146923, 41.4348577], [2.2170453, 41.4334267], [2.216492, 41.4331194], [2.2174414, 41.4321871], [2.219651, 41.4328871], [2.220737, 41.4316236], [2.2225128, 41.4323954], [2.2246438, 41.4292911], [2.2264504, 41.4299263], [2.2269217, 41.4298375], [2.2316277, 41.4309269], [2.2338134, 41.4291544], [2.23632, 41.4267946], [2.2374641, 41.4258896], [2.2356234, 41.4233966], [2.233448, 41.4207601], [2.2325771, 41.4182603], [2.2304085, 41.416703], [2.2291449, 41.4152926], [2.2282331, 41.4135953], [2.2288615, 41.4131001], [2.2273998, 41.4126083]]]}}, {"type": "Feature", "properties": {"Index": 10150}, "geometry": {"type": "Polygon", "coordinates": [[[2.2050207, 41.4170035], [2.1970806, 41.4110442], [2.1923644, 41.4145686], [2.1940412, 41.4189741], [2.1951921, 41.4223618], [2.1954516, 41.4223345], [2.198836, 41.4217027], [2.2050207, 41.4170035]]]}}, {"type": "Feature", "properties": {"Index": 10145}, "geometry": {"type": "Polygon", "coordinates": [[[2.2084153, 41.4195375], [2.2050207, 41.4170035], [2.198836, 41.4217027], [2.1954516, 41.4223345], [2.195899, 41.4244519], [2.196541, 41.4265931], [2.1963498, 41.4267127], [2.1973265, 41.4288539], [2.1979993, 41.4295233], [2.1992629, 41.4300594], [2.2008338, 41.4301312], [2.2035249, 41.4292569], [2.2071961, 41.427563], [2.2060555, 41.4255686], [2.2074488, 41.4250085], [2.2090027, 41.4250222], [2.2094159, 41.4242504], [2.2110313, 41.4231746], [2.2114821, 41.4218222], [2.2084153, 41.4195375]]]}}, {"type": "Feature", "properties": {"Index": 10144}, "geometry": {"type": "Polygon", "coordinates": [[[2.1940412, 41.4189741], [2.1923644, 41.4145686], [2.191193, 41.4153848], [2.191415, 41.4169489], [2.1839359, 41.4226726], [2.1842023, 41.4247592], [2.1842979, 41.4276279], [2.1840998, 41.4286558], [2.1872929, 41.4286251], [2.1889254, 41.4280445], [2.1908788, 41.4277201], [2.193686, 41.4279831], [2.1959366, 41.4269312], [2.1963498, 41.4267127], [2.196541, 41.4265931], [2.195899, 41.4244519], [2.1954516, 41.4223345], [2.1951921, 41.4223618], [2.1940412, 41.4189741]]]}}, {"type": "Feature", "properties": {"Index": 10147}, "geometry": {"type": "Polygon", "coordinates": [[[2.191193, 41.4153848], [2.1889698, 41.413667], [2.1868866, 41.4152687], [2.1833519, 41.4179564], [2.1804525, 41.4158629], [2.180432, 41.4178163], [2.1807189, 41.4193907], [2.1839291, 41.4217642], [2.1839359, 41.4226726], [2.191415, 41.4169489], [2.191193, 41.4153848]]]}}, {"type": "Feature", "properties": {"Index": 10146}, "geometry": {"type": "Polygon", "coordinates": [[[2.1754221, 41.4120414], [2.1742917, 41.4112081], [2.1695857, 41.4147871], [2.1692544, 41.4156068], [2.1681821, 41.415757], [2.1672976, 41.4154531], [2.1661877, 41.4165971], [2.1675503, 41.4176456], [2.1670107, 41.4185608], [2.1653783, 41.4181169], [2.1648285, 41.4187316], [2.1657915, 41.4192063], [2.1653851, 41.4201147], [2.1648148, 41.4206474], [2.1655764, 41.4215798], [2.1664506, 41.4212519], [2.1670312, 41.4217403], [2.1679669, 41.4231985], [2.1696198, 41.4227033], [2.1690359, 41.4214432], [2.1694969, 41.4211836], [2.1709756, 41.4229082], [2.1719114, 41.4231712], [2.171826, 41.4239977], [2.1725227, 41.4250666], [2.1723553, 41.4265214], [2.1761632, 41.4254388], [2.1807565, 41.420364], [2.1807189, 41.4193907], [2.180432, 41.4178163], [2.1804525, 41.4158629], [2.1802339, 41.415576], [2.1754221, 41.4120414]]]}}, {"type": "Feature", "properties": {"Index": 10157}, "geometry": {"type": "Polygon", "coordinates": [[[2.1555838, 41.4150979], [2.1550306, 41.4149818], [2.1529439, 41.4166245], [2.1519296, 41.4169079], [2.1509359, 41.4180042], [2.1516086, 41.4191585], [2.1517452, 41.4201454], [2.1493922, 41.4203606], [2.1495254, 41.4206816], [2.1509188, 41.4223789], [2.1517623, 41.4252715], [2.151793, 41.4264599], [2.1549691, 41.4282494], [2.1569806, 41.4289974], [2.1577524, 41.4284748], [2.1583398, 41.4255925], [2.1629467, 41.4275801], [2.163739, 41.4280241], [2.170156, 41.4271566], [2.1723553, 41.4265214], [2.1725227, 41.4250666], [2.171826, 41.4239977], [2.1719114, 41.4231712], [2.1709756, 41.4229082], [2.1694969, 41.4211836], [2.1690359, 41.4214432], [2.1696198, 41.4227033], [2.1679669, 41.4231985], [2.1670312, 41.4217403], [2.1664506, 41.4212519], [2.1655764, 41.4215798], [2.1648148, 41.4206474], [2.1653851, 41.4201147], [2.1630833, 41.4199132], [2.1617139, 41.419237], [2.1611743, 41.4181852], [2.1594941, 41.4176387], [2.1585686, 41.4169045], [2.1570694, 41.4178027], [2.1555838, 41.4150979]]]}}, {"type": "Feature", "properties": {"Index": 10156}, "geometry": {"type": "Polygon", "coordinates": [[[2.1773687, 41.4254866], [2.1761632, 41.4254388], [2.1723553, 41.4265214], [2.170156, 41.4271566], [2.163739, 41.4280241], [2.1661774, 41.4296018], [2.1638278, 41.4310806], [2.1658188, 41.4304044], [2.166273, 41.4304693], [2.1746878, 41.4303088], [2.1830173, 41.4301926], [2.1840998, 41.4286558], [2.1842979, 41.4276279], [2.1798139, 41.4278055], [2.1773243, 41.4281607], [2.1773687, 41.4254866]]]}}, {"type": "Feature", "properties": {"Index": 10159}, "geometry": {"type": "Polygon", "coordinates": [[[2.1839291, 41.4217642], [2.1807189, 41.4193907], [2.1807565, 41.420364], [2.1761632, 41.4254388], [2.1773687, 41.4254866], [2.1773243, 41.4281607], [2.1798139, 41.4278055], [2.1842979, 41.4276279], [2.1842023, 41.4247592], [2.1839359, 41.4226726], [2.1839291, 41.4217642]]]}}, {"type": "Feature", "properties": {"Index": 10158}, "geometry": {"type": "Polygon", "coordinates": [[[2.1825938, 41.4310157], [2.1830173, 41.4301926], [2.1746878, 41.4303088], [2.174681, 41.4306195], [2.1720514, 41.4353631], [2.1744419, 41.4381874], [2.1748825, 41.4383991], [2.1854454, 41.4397071], [2.1839257, 41.4347894], [2.1825938, 41.4310157]]]}}, {"type": "Feature", "properties": {"Index": 10153}, "geometry": {"type": "Polygon", "coordinates": [[[2.174681, 41.4306195], [2.1746878, 41.4303088], [2.166273, 41.4304693], [2.1658188, 41.4304044], [2.1638278, 41.4310806], [2.1631585, 41.4321529], [2.1631482, 41.4330818], [2.1642684, 41.4362818], [2.1633566, 41.4368555], [2.163681, 41.4378868], [2.1619939, 41.4389968], [2.1615295, 41.4399291], [2.1619256, 41.4407521], [2.1627931, 41.4412166], [2.1590638, 41.4425041], [2.1575885, 41.4449493], [2.1562361, 41.4455025], [2.1572299, 41.4460284], [2.1576124, 41.4475242], [2.1583534, 41.4481082], [2.1594907, 41.449768], [2.1591252, 41.4504612], [2.1624311, 41.4501197], [2.164084, 41.4498226], [2.163903, 41.4478589], [2.1655422, 41.4461514], [2.1660067, 41.446066], [2.1666999, 41.4473671], [2.1678098, 41.4474935], [2.168807, 41.4469812], [2.1699989, 41.4446761], [2.1711054, 41.4445429], [2.1717577, 41.4433168], [2.172649, 41.4421147], [2.1729564, 41.4410902], [2.1751113, 41.439007], [2.1748825, 41.4383991], [2.1744419, 41.4381874], [2.1720514, 41.4353631], [2.174681, 41.4306195]]]}}, {"type": "Feature", "properties": {"Index": 10152}, "geometry": {"type": "Polygon", "coordinates": [[[2.17798, 41.442364], [2.1751113, 41.439007], [2.1729564, 41.4410902], [2.172649, 41.4421147], [2.1717577, 41.4433168], [2.1711054, 41.4445429], [2.1699989, 41.4446761], [2.168807, 41.4469812], [2.1678098, 41.4474935], [2.1675844, 41.4490576], [2.1688002, 41.4494538], [2.169473, 41.4487127], [2.1701355, 41.4487059], [2.171522, 41.4495152], [2.1724202, 41.449242], [2.1747561, 41.4506012], [2.1760368, 41.4506251], [2.1770203, 41.4513423], [2.1782429, 41.4515643], [2.1788782, 41.4521312], [2.1818595, 41.4528655], [2.1821874, 41.4532479], [2.1843662, 41.4544945], [2.1831334, 41.4523737], [2.180152, 41.4501539], [2.1792606, 41.4487776], [2.179428, 41.4479443], [2.1803945, 41.4470871], [2.1796124, 41.4460865], [2.17798, 41.442364]]]}}, {"type": "Feature", "properties": {"Index": 10155}, "geometry": {"type": "Polygon", "coordinates": [[[2.1854454, 41.4397071], [2.1748825, 41.4383991], [2.1751113, 41.439007], [2.17798, 41.442364], [2.1796124, 41.4460865], [2.1834305, 41.4466056], [2.1876925, 41.4469642], [2.1854454, 41.4397071]]]}}, {"type": "Feature", "properties": {"Index": 10165}, "geometry": {"type": "Polygon", "coordinates": [[[2.1962098, 41.4276928], [2.1959366, 41.4269312], [2.193686, 41.4279831], [2.1908788, 41.4277201], [2.189745, 41.4300936], [2.1892942, 41.43217], [2.1893932, 41.4338741], [2.1897006, 41.4354007], [2.1897006, 41.4369614], [2.1891644, 41.4376512], [2.1911315, 41.4377058], [2.1908207, 41.4421318], [2.1929996, 41.4422616], [2.1927264, 41.4460284], [2.1962303, 41.447251], [2.1944681, 41.447596], [2.1923883, 41.4469232], [2.1876925, 41.4469642], [2.1887785, 41.4507959], [2.1889151, 41.4526947], [2.1884233, 41.4549316], [2.1883892, 41.4559117], [2.1877233, 41.4569465], [2.1888468, 41.457329], [2.1880545, 41.4584321], [2.1875901, 41.4602899], [2.1874569, 41.4621272], [2.1881126, 41.4604879], [2.1891371, 41.4588965], [2.1906636, 41.4572914], [2.1964761, 41.453026], [2.1995566, 41.4508847], [2.2012675, 41.4494948], [2.201329, 41.449003], [2.20332, 41.4469983], [2.1993038, 41.4450346], [2.1997171, 41.442808], [2.1956019, 41.4424904], [2.1937099, 41.4370365], [2.1936553, 41.4357012], [2.1940822, 41.4345844], [2.1954755, 41.4326549], [2.1961722, 41.4312752], [2.1964078, 41.4299194], [2.1962098, 41.4276928]]]}}, {"type": "Feature", "properties": {"Index": 10154}, "geometry": {"type": "Polygon", "coordinates": [[[2.189745, 41.4300936], [2.1908788, 41.4277201], [2.1889254, 41.4280445], [2.1872929, 41.4286251], [2.1840998, 41.4286558], [2.1830173, 41.4301926], [2.1825938, 41.4310157], [2.1839257, 41.4347894], [2.1854454, 41.4397071], [2.1876925, 41.4469642], [2.1923883, 41.4469232], [2.1944681, 41.447596], [2.1962303, 41.447251], [2.1927264, 41.4460284], [2.1929996, 41.4422616], [2.1908207, 41.4421318], [2.1911315, 41.4377058], [2.1891644, 41.4376512], [2.1897006, 41.4369614], [2.1897006, 41.4354007], [2.1893932, 41.4338741], [2.1892942, 41.43217], [2.189745, 41.4300936]]]}}, {"type": "Feature", "properties": {"Index": 10164}, "geometry": {"type": "Polygon", "coordinates": [[[2.1973265, 41.4288539], [2.1963498, 41.4267127], [2.1959366, 41.4269312], [2.1962098, 41.4276928], [2.1964078, 41.4299194], [2.1961722, 41.4312752], [2.1954755, 41.4326549], [2.1940822, 41.4345844], [2.1936553, 41.4357012], [2.1937099, 41.4370365], [2.1956019, 41.4424904], [2.1997171, 41.442808], [2.1993038, 41.4450346], [2.20332, 41.4469983], [2.2057652, 41.4444028], [2.2074488, 41.4421762], [2.2083368, 41.4402091], [2.2097028, 41.4351992], [2.2105088, 41.4336624], [2.2093715, 41.4332594], [2.2080636, 41.4331399], [2.206216, 41.43259], [2.2067385, 41.4300697], [2.2076093, 41.4296428], [2.2072371, 41.429093], [2.2071961, 41.427563], [2.2035249, 41.4292569], [2.2008338, 41.4301312], [2.1992629, 41.4300594], [2.1979993, 41.4295233], [2.1973265, 41.4288539]]]}}, {"type": "Feature", "properties": {"Index": 10166}, "geometry": {"type": "Polygon", "coordinates": [[[2.216434, 41.4511921], [2.2151157, 41.4508779], [2.2148425, 41.4514038], [2.2116221, 41.4536578], [2.2092076, 41.4558605], [2.2085075, 41.457066], [2.2063355, 41.4553346], [2.204826, 41.4543544], [2.2004103, 41.4517316], [2.1995566, 41.4508847], [2.1964761, 41.453026], [2.1906636, 41.4572914], [2.1891371, 41.4588965], [2.1881126, 41.4604879], [2.1874569, 41.4621272], [2.1870539, 41.4674308], [2.1873476, 41.4674445], [2.1893898, 41.470682], [2.1905749, 41.4703781], [2.1932045, 41.4718158], [2.2003728, 41.4732911], [2.2004616, 41.4732467], [2.2058813, 41.4705181], [2.2060896, 41.4704122], [2.2107034, 41.4706069], [2.2116767, 41.4711123], [2.2218059, 41.4652691], [2.2219937, 41.4638279], [2.2207062, 41.4623662], [2.2210204, 41.4614817], [2.2206072, 41.4606075], [2.2186469, 41.4604606], [2.2178956, 41.4583501], [2.2163827, 41.4576261], [2.2199617, 41.4552833], [2.2182952, 41.4536031], [2.2168506, 41.4523703], [2.216434, 41.4511921]]]}}, {"type": "Feature", "properties": {"Index": 10167}, "geometry": {"type": "Polygon", "coordinates": [[[2.1666999, 41.4473671], [2.1660067, 41.446066], [2.1655422, 41.4461514], [2.163903, 41.4478589], [2.164084, 41.4498226], [2.1642479, 41.4499011], [2.1656549, 41.4514789], [2.165047, 41.4529338], [2.1649856, 41.4545628], [2.1638073, 41.4558912], [2.165006, 41.4580666], [2.1697769, 41.4606519], [2.1716382, 41.4609934], [2.1720138, 41.4615193], [2.1735301, 41.4623048], [2.175002, 41.463483], [2.1772116, 41.4640191], [2.180374, 41.4647841], [2.1804696, 41.4666249], [2.1794177, 41.4659931], [2.1791992, 41.4667956], [2.1789021, 41.4678919], [2.1796773, 41.4675504], [2.1816444, 41.4678201], [2.1825733, 41.4677962], [2.1861455, 41.4676972], [2.1870368, 41.4674342], [2.1870539, 41.4674308], [2.1874569, 41.4621272], [2.1875901, 41.4602899], [2.1880545, 41.4584321], [2.1888468, 41.457329], [2.1877233, 41.4569465], [2.1883892, 41.4559117], [2.1884233, 41.4549316], [2.1889151, 41.4526947], [2.1887785, 41.4507959], [2.1876925, 41.4469642], [2.1834305, 41.4466056], [2.1796124, 41.4460865], [2.1803945, 41.4470871], [2.179428, 41.4479443], [2.1792606, 41.4487776], [2.180152, 41.4501539], [2.1831334, 41.4523737], [2.1843662, 41.4544945], [2.1821874, 41.4532479], [2.1818595, 41.4528655], [2.1788782, 41.4521312], [2.1782429, 41.4515643], [2.1770203, 41.4513423], [2.1760368, 41.4506251], [2.1747561, 41.4506012], [2.1724202, 41.449242], [2.171522, 41.4495152], [2.1701355, 41.4487059], [2.169473, 41.4487127], [2.1688002, 41.4494538], [2.1675844, 41.4490576], [2.1678098, 41.4474935], [2.1666999, 41.4473671]]]}}, {"type": "Feature", "properties": {"Index": 10161}, "geometry": {"type": "Polygon", "coordinates": [[[2.2224923, 41.4492454], [2.2209897, 41.4487708], [2.2205047, 41.4492933], [2.2223557, 41.4508676], [2.2182952, 41.4536031], [2.2199617, 41.4552833], [2.2163827, 41.4576261], [2.2178956, 41.4583501], [2.2186469, 41.4604606], [2.2206072, 41.4606075], [2.2210204, 41.4614817], [2.2207062, 41.4623662], [2.2219937, 41.4638279], [2.2218059, 41.4652691], [2.2116767, 41.4711123], [2.212148, 41.4712455], [2.2139922, 41.4717714], [2.217257, 41.4754426], [2.2181381, 41.4777615], [2.212288, 41.480357], [2.2144873, 41.4820577], [2.215669, 41.4829695], [2.216977, 41.4855206], [2.216031, 41.4870198], [2.2236091, 41.490411], [2.2252142, 41.492221], [2.231375, 41.492904], [2.2354902, 41.4920946], [2.2460223, 41.4904008], [2.2473064, 41.4886556], [2.2478118, 41.4854352], [2.2588016, 41.4733458], [2.2604648, 41.4709928], [2.2610214, 41.4705454], [2.262507, 41.4691247], [2.2611, 41.4686364], [2.2601677, 41.4688071], [2.2591226, 41.4675538], [2.258426, 41.4676016], [2.2551201, 41.4664165], [2.2532487, 41.4652315], [2.2533272, 41.4636196], [2.251746, 41.4624721], [2.2513874, 41.4610139], [2.2504654, 41.4603787], [2.2510596, 41.4619667], [2.2505303, 41.4625438], [2.2502707, 41.4648149], [2.2499736, 41.4651564], [2.2470093, 41.4661741], [2.2465687, 41.4666795], [2.2455169, 41.4665463], [2.2431161, 41.4674103], [2.2416954, 41.4674616], [2.2405479, 41.4671235], [2.2392024, 41.4662936], [2.2383418, 41.4653749], [2.2386389, 41.4647056], [2.2372353, 41.4636025], [2.234896, 41.4623765], [2.2320717, 41.4616115], [2.2293942, 41.4611334], [2.2306339, 41.4587633], [2.2310984, 41.4559903], [2.2319351, 41.4528006], [2.2327547, 41.4530191], [2.2323346, 41.4518375], [2.2328332, 41.4511067], [2.2312316, 41.450147], [2.2299407, 41.4501334], [2.22727, 41.4513867], [2.2250024, 41.4501607], [2.224234, 41.4504681], [2.2224923, 41.4492454]]]}}, {"type": "Feature", "properties": {"Index": 10148}, "geometry": {"type": "Polygon", "coordinates": [[[2.2109083, 41.4336692], [2.2105088, 41.4336624], [2.2097028, 41.4351992], [2.2083368, 41.4402091], [2.2074488, 41.4421762], [2.2057652, 41.4444028], [2.20332, 41.4469983], [2.201329, 41.449003], [2.2012675, 41.4494948], [2.1995566, 41.4508847], [2.2004103, 41.4517316], [2.204826, 41.4543544], [2.2063355, 41.4553346], [2.2085075, 41.457066], [2.2092076, 41.4558605], [2.2116221, 41.4536578], [2.2148425, 41.4514038], [2.2151157, 41.4508779], [2.216434, 41.4511921], [2.2168506, 41.4523703], [2.2182952, 41.4536031], [2.2223557, 41.4508676], [2.2205047, 41.4492933], [2.2209897, 41.4487708], [2.2216864, 41.4480092], [2.2208155, 41.4471622], [2.2199549, 41.4465407], [2.2186503, 41.4451268], [2.2166593, 41.4432895], [2.2145556, 41.4416332], [2.2132886, 41.4399496], [2.2130872, 41.4391778], [2.2136028, 41.4364764], [2.2146923, 41.4348577], [2.2109083, 41.4336692]]]}}, {"type": "Feature", "properties": {"Index": 10160}, "geometry": {"type": "Polygon", "coordinates": [[[2.2287146, 41.4396559], [2.2272905, 41.438908], [2.2263582, 41.4399564], [2.2252312, 41.4419918], [2.2245004, 41.4427807], [2.2235886, 41.441821], [2.2208155, 41.4471622], [2.2216864, 41.4480092], [2.2209897, 41.4487708], [2.2224923, 41.4492454], [2.224234, 41.4504681], [2.2250024, 41.4501607], [2.22727, 41.4513867], [2.2299407, 41.4501334], [2.2312316, 41.450147], [2.2328332, 41.4511067], [2.2348242, 41.4490508], [2.2353126, 41.4487503], [2.238936, 41.4484361], [2.2428121, 41.4479306], [2.2405513, 41.445984], [2.237669, 41.4443755], [2.2287146, 41.4396559]]]}}, {"type": "Feature", "properties": {"Index": 10163}, "geometry": {"type": "Polygon", "coordinates": [[[2.2427882, 41.4537534], [2.2398034, 41.4513935], [2.236525, 41.4542383], [2.2327547, 41.4530191], [2.2319351, 41.4528006], [2.2310984, 41.4559903], [2.2306339, 41.4587633], [2.2293942, 41.4611334], [2.2320717, 41.4616115], [2.234896, 41.4623765], [2.2372353, 41.4636025], [2.2386389, 41.4647056], [2.2383418, 41.4653749], [2.2392024, 41.4662936], [2.2405479, 41.4671235], [2.2416954, 41.4674616], [2.2431161, 41.4674103], [2.2455169, 41.4665463], [2.2465687, 41.4666795], [2.2470093, 41.4661741], [2.2499736, 41.4651564], [2.2502707, 41.4648149], [2.2505303, 41.4625438], [2.2510596, 41.4619667], [2.2504654, 41.4603787], [2.2506395, 41.4598186], [2.2515445, 41.4591765], [2.2529686, 41.4586404], [2.2510391, 41.4581588], [2.2480987, 41.4566084], [2.2449329, 41.454754], [2.2427882, 41.4537534]]]}}, {"type": "Feature", "properties": {"Index": 10162}, "geometry": {"type": "Polygon", "coordinates": [[[2.2429351, 41.4480024], [2.2428121, 41.4479306], [2.238936, 41.4484361], [2.2353126, 41.4487503], [2.2348242, 41.4490508], [2.2328332, 41.4511067], [2.2323346, 41.4518375], [2.2327547, 41.4530191], [2.236525, 41.4542383], [2.2398034, 41.4513935], [2.2427882, 41.4537534], [2.2449329, 41.454754], [2.2480987, 41.4566084], [2.2480441, 41.4556488], [2.2485085, 41.4546481], [2.2506703, 41.4529713], [2.2483617, 41.4508403], [2.2465448, 41.4496553], [2.2429351, 41.4480024]]]}}, {"type": "Feature", "properties": {"Index": 10169}, "geometry": {"type": "Polygon", "coordinates": [[[2.2547718, 41.4497201], [2.2480441, 41.4421181], [2.2461453, 41.4442014], [2.2452061, 41.4450141], [2.2437581, 41.4476164], [2.2429351, 41.4480024], [2.2465448, 41.4496553], [2.2483617, 41.4508403], [2.2506703, 41.4529713], [2.2547718, 41.4497201]]]}}, {"type": "Feature", "properties": {"Index": 10168}, "geometry": {"type": "Polygon", "coordinates": [[[2.2676774, 41.4593985], [2.2547718, 41.4497201], [2.2506703, 41.4529713], [2.2485085, 41.4546481], [2.2480441, 41.4556488], [2.2480987, 41.4566084], [2.2510391, 41.4581588], [2.2529686, 41.4586404], [2.2515445, 41.4591765], [2.2506395, 41.4598186], [2.2504654, 41.4603787], [2.2513874, 41.4610139], [2.251746, 41.4624721], [2.2533272, 41.4636196], [2.2532487, 41.4652315], [2.2551201, 41.4664165], [2.258426, 41.4676016], [2.2591226, 41.4675538], [2.2601677, 41.4688071], [2.2611, 41.4686364], [2.262507, 41.4691247], [2.2633198, 41.4682505], [2.2650307, 41.4655525], [2.2655772, 41.4652793], [2.2681624, 41.4632712], [2.2700817, 41.4605323], [2.2676774, 41.4593985]]]}}, {"type": "Feature", "properties": {"Index": 986}, "geometry": {"type": "Polygon", "coordinates": [[[2.2967365, 41.4722939], [2.270652, 41.4608021], [2.2683297, 41.4639065], [2.2650307, 41.4655525], [2.2618035, 41.4706342], [2.2704095, 41.4721027], [2.2726567, 41.471044], [2.2760957, 41.4732911], [2.2762971, 41.4750294], [2.2779091, 41.4758695], [2.2792785, 41.474442], [2.2814266, 41.4764296], [2.2862043, 41.4776044], [2.2922866, 41.4824675], [2.29577, 41.4770204], [2.2958178, 41.4757193], [2.2967365, 41.4722939]]]}}, {"type": "Feature", "properties": {"Index": 1032}, "geometry": {"type": "Polygon", "coordinates": [[[2.349708, 41.4857187], [2.3469589, 41.4849161], [2.3443497, 41.4881365], [2.344056, 41.4883073], [2.3382914, 41.4929108], [2.3378167, 41.4949872], [2.3364848, 41.4944067], [2.336273, 41.4973436], [2.334224, 41.4993483], [2.3351085, 41.5019711], [2.3307064, 41.5074148], [2.3289545, 41.5079373], [2.327585, 41.5118271], [2.3252559, 41.5130906], [2.3231181, 41.5166458], [2.3314099, 41.5238277], [2.3326325, 41.5232266], [2.3340464, 41.5248522], [2.3392578, 41.5171444], [2.3489191, 41.5137327], [2.3659741, 41.5018721], [2.373238, 41.4967802], [2.376315, 41.4941676], [2.3694404, 41.4915482], [2.3694165, 41.4905305], [2.3659878, 41.4894582], [2.3687813, 41.4913809], [2.351238, 41.4859987], [2.3507462, 41.4849468], [2.349708, 41.4857187]]]}}, {"type": "Feature", "properties": {"Index": 978}, "geometry": {"type": "Polygon", "coordinates": [[[2.3094543, 41.4763408], [2.2967365, 41.4722939], [2.2958178, 41.4757193], [2.297761, 41.4764842], [2.2997349, 41.4758149], [2.3046561, 41.4802238], [2.3042463, 41.4811219], [2.3071594, 41.4821431], [2.3037579, 41.4868695], [2.3057387, 41.4892123], [2.309649, 41.490131], [2.3096182, 41.4882527], [2.3136105, 41.4885156], [2.3153283, 41.4876482], [2.3176437, 41.4885225], [2.3186443, 41.4903837], [2.3210349, 41.4878633], [2.3241665, 41.489284], [2.3249315, 41.4868798], [2.3288896, 41.4889152], [2.3316046, 41.4874638], [2.3335102, 41.4888913], [2.3377108, 41.4843936], [2.344056, 41.4883073], [2.3443497, 41.4881365], [2.3469589, 41.4849161], [2.3226127, 41.4792983], [2.3166601, 41.4763955], [2.3164689, 41.4779288], [2.3131289, 41.4769282], [2.3138768, 41.4762554], [2.3094543, 41.4763408]]]}}, {"type": "Feature", "properties": {"Index": 1140}, "geometry": {"type": "Polygon", "coordinates": [[[2.2704095, 41.4721027], [2.2618035, 41.4706342], [2.2478118, 41.4854352], [2.2473064, 41.4886556], [2.2528628, 41.4922347], [2.2546181, 41.4920093], [2.2556734, 41.4958717], [2.2596417, 41.4975451], [2.2633881, 41.5016842], [2.2635349, 41.5040919], [2.2669569, 41.5046417], [2.2683775, 41.5041294], [2.2695011, 41.5007007], [2.2770519, 41.4975554], [2.2801391, 41.4950248], [2.2832913, 41.4901993], [2.2922866, 41.4824675], [2.2862043, 41.4776044], [2.2814266, 41.4764296], [2.2792785, 41.474442], [2.2779091, 41.4758695], [2.2762971, 41.4750294], [2.2760957, 41.4732911], [2.2726567, 41.471044], [2.2704095, 41.4721027]]]}}, {"type": "Feature", "properties": {"Index": 863}, "geometry": {"type": "Polygon", "coordinates": [[[2.297761, 41.4764842], [2.2958178, 41.4757193], [2.29577, 41.4770204], [2.2922866, 41.4824675], [2.2832913, 41.4901993], [2.2801391, 41.4950248], [2.2770519, 41.4975554], [2.2695011, 41.5007007], [2.2683775, 41.5041294], [2.2669569, 41.5046417], [2.2686507, 41.5092487], [2.2822428, 41.5139171], [2.2851183, 41.5152524], [2.2908523, 41.5143303], [2.3033959, 41.515109], [2.3075316, 41.5131077], [2.3070159, 41.5069366], [2.309649, 41.490131], [2.3057387, 41.4892123], [2.3037579, 41.4868695], [2.3071594, 41.4821431], [2.3042463, 41.4811219], [2.3046561, 41.4802238], [2.2997349, 41.4758149], [2.297761, 41.4764842]]]}}, {"type": "Feature", "properties": {"Index": 890}, "geometry": {"type": "Polygon", "coordinates": [[[2.3828857, 41.5144294], [2.3803312, 41.5124179], [2.372193, 41.5160686], [2.3607558, 41.5247669], [2.3456748, 41.531037], [2.3432808, 41.5306067], [2.3442097, 41.5330314], [2.343233, 41.5348311], [2.3488474, 41.5383862], [2.350012, 41.5407529], [2.3520713, 41.5410261], [2.3627673, 41.543724], [2.3677295, 41.5431674], [2.3693721, 41.5432972], [2.3711855, 41.5419072], [2.3741874, 41.5416852], [2.374809, 41.5425356], [2.3773259, 41.5412686], [2.3753656, 41.5380106], [2.37875, 41.5357259], [2.3803722, 41.5281785], [2.3858397, 41.524357], [2.3920381, 41.5161881], [2.3828857, 41.5144294]]]}}, {"type": "Feature", "properties": {"Index": 1040}, "geometry": {"type": "Polygon", "coordinates": [[[2.3426217, 41.561083], [2.3406102, 41.5604136], [2.3377893, 41.5612025], [2.3237396, 41.5643444], [2.3146965, 41.5635828], [2.3077775, 41.5662637], [2.3121078, 41.5716868], [2.3089147, 41.5722162], [2.3094099, 41.5736915], [2.3048883, 41.5721547], [2.3032149, 41.5765807], [2.2979249, 41.575037], [2.2948855, 41.5775847], [2.2919349, 41.5769768], [2.2935161, 41.5807539], [2.2926998, 41.583223], [2.2950836, 41.5875875], [2.296856, 41.6014528], [2.299028, 41.6067155], [2.3014527, 41.6057217], [2.3033891, 41.6074326], [2.3105198, 41.6077502], [2.3129479, 41.6101442], [2.319259, 41.6126407], [2.3177052, 41.6180741], [2.3268405, 41.6324038], [2.3309045, 41.6353954], [2.3313041, 41.6342787], [2.3433047, 41.6328648], [2.3433901, 41.6344563], [2.3470784, 41.6358291], [2.3511833, 41.636116], [2.3513985, 41.6349276], [2.3529114, 41.6362697], [2.3532426, 41.633319], [2.358519, 41.6338211], [2.3573305, 41.6281862], [2.3582833, 41.6252321], [2.3562001, 41.626161], [2.35355, 41.6247267], [2.3518049, 41.6258058], [2.3475975, 41.6246891], [2.3468154, 41.6271377], [2.3453435, 41.6270455], [2.3448927, 41.6256692], [2.3508555, 41.6165441], [2.356265, 41.6189722], [2.3612135, 41.6196313], [2.3639899, 41.6153454], [2.3757993, 41.6066233], [2.3777425, 41.6009952], [2.3757993, 41.5974264], [2.3830564, 41.5969756], [2.380963, 41.5950393], [2.3754237, 41.5953261], [2.3689008, 41.5854155], [2.3565382, 41.5737052], [2.3490387, 41.5696958], [2.3477785, 41.567056], [2.3445683, 41.5653757], [2.3426217, 41.561083]]]}}, {"type": "Feature", "properties": {"Index": 956}, "geometry": {"type": "Polygon", "coordinates": [[[2.2821199, 41.5731622], [2.2697265, 41.5642624], [2.2675545, 41.5654031], [2.264638, 41.568743], [2.2567935, 41.573712], [2.258764, 41.5815121], [2.2622338, 41.5963438], [2.2682444, 41.6081259], [2.2662021, 41.614881], [2.2776939, 41.615342], [2.2829805, 41.6139077], [2.2861053, 41.6170803], [2.2871811, 41.6217146], [2.288834, 41.6225615], [2.291829, 41.6216463], [2.2957529, 41.6219912], [2.2929457, 41.6167114], [2.3029315, 41.6141057], [2.3033891, 41.6074326], [2.3014527, 41.6057217], [2.299028, 41.6067155], [2.296856, 41.6014528], [2.2950836, 41.5875875], [2.2926998, 41.583223], [2.2935161, 41.5807539], [2.2919349, 41.5769768], [2.2889876, 41.5719976], [2.2831103, 41.5737291], [2.2821199, 41.5731622]]]}}, {"type": "Feature", "properties": {"Index": 1154}, "geometry": {"type": "Polygon", "coordinates": [[[2.3098983, 41.5161062], [2.3075316, 41.5131077], [2.3033959, 41.515109], [2.2908523, 41.5143303], [2.2851183, 41.5152524], [2.2822428, 41.5139171], [2.279743, 41.5178137], [2.2736504, 41.5193266], [2.269829, 41.5216728], [2.2728821, 41.5234315], [2.2731621, 41.529046], [2.2802006, 41.5323654], [2.2807334, 41.536969], [2.28449, 41.5447008], [2.2849203, 41.5474772], [2.276304, 41.5561038], [2.2770246, 41.5580777], [2.2799615, 41.5584533], [2.2781686, 41.5613084], [2.2807094, 41.5621792], [2.2797259, 41.5638355], [2.2812354, 41.5646927], [2.2821199, 41.5731622], [2.2831103, 41.5737291], [2.2889876, 41.5719976], [2.2919349, 41.5769768], [2.2948855, 41.5775847], [2.2979249, 41.575037], [2.3032149, 41.5765807], [2.3048883, 41.5721547], [2.3094099, 41.5736915], [2.3089147, 41.5722162], [2.3121078, 41.5716868], [2.3077775, 41.5662637], [2.3146965, 41.5635828], [2.3237396, 41.5643444], [2.3377893, 41.5612025], [2.3382094, 41.5564555], [2.3398281, 41.5548675], [2.3386499, 41.5507523], [2.3360203, 41.5490584], [2.3358427, 41.5455989], [2.3343333, 41.5449125], [2.3355968, 41.5438197], [2.3284354, 41.5410739], [2.3291321, 41.5393561], [2.3166328, 41.5332124], [2.3193547, 41.5327992], [2.3211339, 41.5293602], [2.3250135, 41.5300773], [2.3290262, 41.528462], [2.3296956, 41.5243605], [2.3314099, 41.5238277], [2.3231181, 41.5166458], [2.3167763, 41.5174039], [2.3098983, 41.5161062]]]}}, {"type": "Feature", "properties": {"Index": 996}, "geometry": {"type": "Polygon", "coordinates": [[[2.2728821, 41.5234315], [2.269829, 41.5216728], [2.2638799, 41.5264368], [2.254724, 41.5308833], [2.2534433, 41.5317234], [2.2494238, 41.5338954], [2.2500692, 41.5354971], [2.2329767, 41.5420677], [2.231194, 41.5409066], [2.2312623, 41.5416169], [2.2322288, 41.5446871], [2.2426107, 41.5521149], [2.2435976, 41.5548607], [2.248167, 41.5563701], [2.2465756, 41.5637638], [2.2484368, 41.5681078], [2.2548367, 41.5707306], [2.2567935, 41.573712], [2.264638, 41.568743], [2.2675545, 41.5654031], [2.2697265, 41.5642624], [2.2821199, 41.5731622], [2.2812354, 41.5646927], [2.2797259, 41.5638355], [2.2807094, 41.5621792], [2.2781686, 41.5613084], [2.2799615, 41.5584533], [2.2770246, 41.5580777], [2.276304, 41.5561038], [2.2849203, 41.5474772], [2.28449, 41.5447008], [2.2807334, 41.536969], [2.2802006, 41.5323654], [2.2731621, 41.529046], [2.2728821, 41.5234315]]]}}, {"type": "Feature", "properties": {"Index": 1019}, "geometry": {"type": "MultiPolygon", "coordinates": [[[[2.2077255, 41.5782199], [2.2026882, 41.5768368], [2.2010831, 41.5788278], [2.2017012, 41.5805285], [2.2071483, 41.5799753], [2.206216, 41.5827005], [2.2091769, 41.5844661], [2.2117109, 41.5830181], [2.210799, 41.5813755], [2.209112, 41.5777145], [2.2077255, 41.5782199]]], [[[2.2426107, 41.5521149], [2.2322288, 41.5446871], [2.2339841, 41.5547582], [2.226365, 41.5562643], [2.2125203, 41.556657], [2.208668, 41.5653484], [2.2046553, 41.5685928], [2.2093237, 41.5684118], [2.2233017, 41.5762289], [2.2479143, 41.5809554], [2.258764, 41.5815121], [2.2567935, 41.573712], [2.2548367, 41.5707306], [2.2484368, 41.5681078], [2.2465756, 41.5637638], [2.248167, 41.5563701], [2.2435976, 41.5548607], [2.2426107, 41.5521149]]]]}}, {"type": "Feature", "properties": {"Index": 1016}, "geometry": {"type": "Polygon", "coordinates": [[[2.1744829, 41.5553729], [2.1712659, 41.5550041], [2.1686909, 41.5623773], [2.1650436, 41.565205], [2.157585, 41.5653074], [2.1502699, 41.5761162], [2.1494947, 41.5770793], [2.1529815, 41.5779638], [2.1516735, 41.5805012], [2.153685, 41.5824171], [2.1521277, 41.5837729], [2.1550169, 41.5923584], [2.1645382, 41.5996906], [2.1646133, 41.6012172], [2.182645, 41.6014323], [2.1852849, 41.6021666], [2.1853907, 41.605305], [2.1883414, 41.6062066], [2.1894889, 41.603437], [2.1892054, 41.5982631], [2.191111, 41.5973479], [2.1924088, 41.5932019], [2.1958683, 41.5907499], [2.1982896, 41.5843124], [2.2017012, 41.5805285], [2.2010831, 41.5788278], [2.2026882, 41.5768368], [2.2031526, 41.5756176], [2.1986584, 41.5757406], [2.1969747, 41.5749722], [2.1869105, 41.5723767], [2.1878394, 41.5660144], [2.1901241, 41.5570053], [2.1868012, 41.5572649], [2.1835159, 41.5572512], [2.1802374, 41.5555266], [2.1744829, 41.5553729]]]}}, {"type": "Feature", "properties": {"Index": 10173}, "geometry": {"type": "Polygon", "coordinates": [[[2.2025277, 41.5373993], [2.2006699, 41.5373378], [2.2011616, 41.5385638], [2.2008304, 41.540145], [2.19984, 41.5410978], [2.1987643, 41.5446393], [2.1987096, 41.5448544], [2.1942871, 41.5468796], [2.1944339, 41.5483652], [2.1945261, 41.5492975], [2.1929859, 41.5519954], [2.1901241, 41.5570053], [2.189424, 41.5606834], [2.1878394, 41.5660144], [2.1907524, 41.5663046], [2.1907422, 41.5667384], [2.1936621, 41.5674692], [2.1939831, 41.5692485], [2.1940617, 41.5693031], [2.1973811, 41.5715502], [2.1972138, 41.5729504], [2.19803, 41.5731861], [2.1969747, 41.5749722], [2.1980232, 41.5751941], [2.1986584, 41.5757406], [2.2000688, 41.5752898], [2.2031526, 41.5756176], [2.20332, 41.5745863], [2.2034839, 41.5714], [2.2046553, 41.5685928], [2.2067795, 41.566875], [2.208668, 41.5653484], [2.2103824, 41.5614791], [2.2125203, 41.556657], [2.2193436, 41.5562916], [2.224859, 41.5558852], [2.2252927, 41.5559706], [2.2210477, 41.5538122], [2.2174209, 41.5497619], [2.2161573, 41.5471835], [2.2166286, 41.5469855], [2.2143439, 41.544629], [2.2141697, 41.5439255], [2.2163008, 41.5435396], [2.214443, 41.5417194], [2.211523, 41.537833], [2.2091154, 41.5376793], [2.2043001, 41.5375871], [2.2042318, 41.5382804], [2.2024355, 41.5381643], [2.2025277, 41.5373993]]]}}, {"type": "Feature", "properties": {"Index": 1118}, "geometry": {"type": "Polygon", "coordinates": [[[2.1724339, 41.5172639], [2.1712762, 41.5150953], [2.1626599, 41.5161472], [2.1614065, 41.5160071], [2.158893, 41.5197467], [2.1534323, 41.5193266], [2.1501401, 41.5228612], [2.1500992, 41.5248693], [2.1444438, 41.528923], [2.1409296, 41.5293328], [2.1388703, 41.531638], [2.1382044, 41.5330553], [2.1406462, 41.5374027], [2.1457825, 41.5382633], [2.1462742, 41.5409783], [2.1505158, 41.5409851], [2.1564649, 41.5396806], [2.1585891, 41.5367129], [2.1693261, 41.5412379], [2.1678542, 41.5450115], [2.1700809, 41.5479656], [2.1738887, 41.5477846], [2.1744829, 41.5553729], [2.1802374, 41.5555266], [2.1835159, 41.5572512], [2.1868012, 41.5572649], [2.1901241, 41.5570053], [2.1945261, 41.5492975], [2.1942871, 41.5468796], [2.1987096, 41.5448544], [2.2007962, 41.5368529], [2.2043821, 41.5306681], [2.208265, 41.5294011], [2.206759, 41.5281102], [2.2023023, 41.519289], [2.1984501, 41.5157749], [2.1964249, 41.5168097], [2.1893966, 41.515652], [2.1868012, 41.5170487], [2.1819347, 41.5175917], [2.1753469, 41.5207644], [2.174582, 41.5176532], [2.1724339, 41.5172639]]]}}, {"type": "Feature", "properties": {"Index": 10003}, "geometry": {"type": "MultiPolygon", "coordinates": [[[[2.2031936, 41.5334753], [2.2037435, 41.5319898], [2.2036991, 41.5320512], [2.2036308, 41.5321469], [2.2035659, 41.5322698], [2.2035249, 41.5323552], [2.2034668, 41.532502], [2.2034429, 41.5325977], [2.2033746, 41.5328333], [2.2032961, 41.5331236], [2.203197, 41.5334617], [2.2031936, 41.5334753]]], [[[2.2037435, 41.5319898], [2.204044, 41.5317268], [2.2039791, 41.5317678], [2.203921, 41.5318122], [2.2038391, 41.5318907], [2.2037435, 41.5319898]]], [[[2.2056798, 41.5303198], [2.2055979, 41.530272], [2.2043821, 41.5306681], [2.2056798, 41.5303198]]], [[[2.2029921, 41.5025278], [2.2007382, 41.5008441], [2.2005264, 41.5011993], [2.1996624, 41.5026541], [2.1939319, 41.5078041], [2.1894479, 41.5155632], [2.1898235, 41.5156929], [2.1899738, 41.5157476], [2.1925215, 41.5161676], [2.1924907, 41.5161062], [2.1923063, 41.5157647], [2.1937475, 41.5153412], [2.193809, 41.5154505], [2.1940924, 41.5159832], [2.1943554, 41.5164409], [2.1943315, 41.5164374], [2.194352, 41.5164682], [2.1962678, 41.5167824], [2.1962712, 41.5167824], [2.1963771, 41.5167311], [2.1965171, 41.5166492], [2.1966401, 41.5165877], [2.196763, 41.516516], [2.1968962, 41.5164443], [2.1971557, 41.5163077], [2.1974665, 41.5161198], [2.1980334, 41.5157988], [2.1981803, 41.5159115], [2.1984501, 41.5157749], [2.2023023, 41.519289], [2.206759, 41.5281102], [2.2080601, 41.5272872], [2.2075137, 41.5264437], [2.2141083, 41.5245619], [2.2157987, 41.5238858], [2.2158124, 41.5238823], [2.2153309, 41.52281], [2.2115128, 41.513661], [2.2114889, 41.5136063], [2.2043035, 41.5035079], [2.2039347, 41.5036786], [2.2029921, 41.5025278]]]]}}, {"type": "Feature", "properties": {"Index": 10175}, "geometry": {"type": "Polygon", "coordinates": [[[2.2209794, 41.5311906], [2.2158124, 41.5238823], [2.2157987, 41.5238858], [2.2141083, 41.5245619], [2.2075137, 41.5264437], [2.2080601, 41.5272872], [2.206759, 41.5281102], [2.208125, 41.5292782], [2.208265, 41.5294011], [2.2067726, 41.5303505], [2.2064414, 41.5301149], [2.2043821, 41.5306681], [2.2045938, 41.5312385], [2.2037435, 41.5319898], [2.2028999, 41.5342676], [2.2010626, 41.5363952], [2.2006699, 41.5373378], [2.2025277, 41.5373993], [2.2024355, 41.5381643], [2.2042318, 41.5382804], [2.2043001, 41.5375871], [2.2091154, 41.5376793], [2.211523, 41.537833], [2.213333, 41.5376452], [2.214098, 41.5373344], [2.2171136, 41.5350292], [2.2213278, 41.5315458], [2.2209794, 41.5311906]]]}}, {"type": "Feature", "properties": {"Index": 10174}, "geometry": {"type": "Polygon", "coordinates": [[[2.2295035, 41.5398684], [2.2213278, 41.5315458], [2.2171136, 41.5350292], [2.214098, 41.5373344], [2.213333, 41.5376452], [2.211523, 41.537833], [2.214443, 41.5417194], [2.2163008, 41.5435396], [2.2141697, 41.5439255], [2.2143439, 41.544629], [2.2166286, 41.5469855], [2.2161573, 41.5471835], [2.2174209, 41.5497619], [2.2210477, 41.5538122], [2.2252927, 41.5559706], [2.226365, 41.5562643], [2.2275296, 41.5554788], [2.2339841, 41.5547582], [2.2328059, 41.5480066], [2.2323107, 41.5467942], [2.232543, 41.5464903], [2.2322288, 41.5446871], [2.2315457, 41.5445368], [2.2312623, 41.5416169], [2.2311974, 41.5409373], [2.2295035, 41.5398684]]]}}, {"type": "Feature", "properties": {"Index": 975}, "geometry": {"type": "Polygon", "coordinates": [[[2.2528628, 41.4922347], [2.2473064, 41.4886556], [2.2460223, 41.4904008], [2.2354902, 41.4920946], [2.231375, 41.492904], [2.2252142, 41.492221], [2.2236705, 41.4958034], [2.2110244, 41.4989078], [2.2043035, 41.5035079], [2.2114889, 41.5136063], [2.2153309, 41.52281], [2.2158124, 41.5238823], [2.2209794, 41.5311906], [2.231194, 41.5409066], [2.2329767, 41.5420677], [2.2500692, 41.5354971], [2.2494238, 41.5338954], [2.2534433, 41.5317234], [2.254724, 41.5308833], [2.2638799, 41.5264368], [2.269829, 41.5216728], [2.2736504, 41.5193266], [2.279743, 41.5178137], [2.2822428, 41.5139171], [2.2686507, 41.5092487], [2.2669569, 41.5046417], [2.2635349, 41.5040919], [2.2633881, 41.5016842], [2.2596417, 41.4975451], [2.2556734, 41.4958717], [2.2546181, 41.4920093], [2.2528628, 41.4922347]]]}}, {"type": "Feature", "properties": {"Index": 985}, "geometry": {"type": "MultiPolygon", "coordinates": [[[[2.1936621, 41.5674692], [2.1878394, 41.5660144], [2.1869105, 41.5723767], [2.1969747, 41.5749722], [2.1973811, 41.5715502], [2.1939831, 41.5692485], [2.1936621, 41.5674692]]], [[[2.1591526, 41.4505193], [2.154368, 41.4493718], [2.1587018, 41.4535587], [2.1575167, 41.4586609], [2.1599756, 41.4641421], [2.1590262, 41.4682983], [2.1562839, 41.4669527], [2.1575543, 41.4718021], [2.1546412, 41.4752207], [2.1603991, 41.4845507], [2.153043, 41.4894548], [2.158473, 41.4880238], [2.1608909, 41.4902437], [2.1683767, 41.4890791], [2.1730213, 41.4926684], [2.1700911, 41.4944442], [2.1708151, 41.4950419], [2.1684041, 41.496343], [2.159033, 41.5073977], [2.161188, 41.5088525], [2.1626599, 41.5161472], [2.1712762, 41.5150953], [2.1724339, 41.5172639], [2.174582, 41.5176532], [2.1753469, 41.5207644], [2.1819347, 41.5175917], [2.1868012, 41.5170487], [2.1893966, 41.515652], [2.1939319, 41.5078041], [2.2007382, 41.5008441], [2.2043035, 41.5035079], [2.2110244, 41.4989078], [2.2236705, 41.4958034], [2.2252142, 41.492221], [2.2236091, 41.490411], [2.216031, 41.4870198], [2.216977, 41.4855206], [2.215669, 41.4829695], [2.212288, 41.480357], [2.2181381, 41.4777615], [2.2139922, 41.4717714], [2.2116767, 41.4711123], [2.2060896, 41.4704122], [2.2028487, 41.4720446], [2.2003728, 41.4732911], [2.1932045, 41.4718158], [2.1893898, 41.470682], [2.1870539, 41.4674308], [2.1861386, 41.4677006], [2.1789021, 41.4678919], [2.1794177, 41.4659931], [2.1804696, 41.4666249], [2.180374, 41.4647841], [2.175002, 41.463483], [2.165006, 41.4580666], [2.1638073, 41.4558912], [2.1656549, 41.4514789], [2.1642479, 41.4499011], [2.1591526, 41.4505193]]]]}}, {"type": "Feature", "properties": {"Index": 1039}, "geometry": {"type": "Polygon", "coordinates": [[[2.1608909, 41.4902437], [2.158473, 41.4880238], [2.153043, 41.4894548], [2.1481286, 41.4932763], [2.1495869, 41.4941232], [2.1415239, 41.4988224], [2.1349703, 41.5066054], [2.1360939, 41.5067112], [2.1349395, 41.5081627], [2.1387337, 41.5075172], [2.1459532, 41.510461], [2.149201, 41.5100171], [2.1499489, 41.5086647], [2.1550715, 41.5113387], [2.159033, 41.5073977], [2.1684041, 41.496343], [2.1708151, 41.4950419], [2.1700911, 41.4944442], [2.1730213, 41.4926684], [2.1683767, 41.4890791], [2.1608909, 41.4902437]]]}}, {"type": "Feature", "properties": {"Index": 10171}, "geometry": {"type": "MultiPolygon", "coordinates": [[[[2.1257734, 41.5065371], [2.1206337, 41.5026575], [2.1107538, 41.5048125], [2.1075949, 41.5075479], [2.109118, 41.508067], [2.1095142, 41.5090164], [2.1095381, 41.5105054], [2.1107334, 41.5115436], [2.1125878, 41.5135039], [2.1132605, 41.5139854], [2.1124136, 41.5161301], [2.1128746, 41.5175542], [2.1135098, 41.517059], [2.1160199, 41.5150987], [2.1136806, 41.5139239], [2.1136806, 41.5137839], [2.1131991, 41.5135141], [2.113462, 41.5123871], [2.1158833, 41.5107308], [2.1223822, 41.5059155], [2.122693, 41.5056867], [2.1235365, 41.5059189], [2.1257734, 41.5065371]]], [[[2.0887675, 41.5110962], [2.0806327, 41.50847], [2.0808991, 41.5091155], [2.0859637, 41.510601], [2.0875039, 41.5106898], [2.0887675, 41.5110962]]], [[[2.0749432, 41.4993585], [2.0748134, 41.4974734], [2.0747144, 41.4989965], [2.0749432, 41.4993585]]], [[[2.0910897, 41.4828192], [2.0924285, 41.4818528], [2.0914073, 41.4824743], [2.0910897, 41.4828192]]], [[[2.0975204, 41.4781747], [2.1049618, 41.4727959], [2.1026464, 41.4736292], [2.0975204, 41.4781747]]], [[[2.1177889, 41.4660136], [2.1162487, 41.4600064], [2.1165322, 41.463162], [2.1177889, 41.4660136]]], [[[2.1201727, 41.455741], [2.1201146, 41.4502802], [2.1195648, 41.4534836], [2.1201727, 41.455741]]], [[[2.1201146, 41.4502802], [2.1302096, 41.4431017], [2.1249197, 41.4464382], [2.1235809, 41.4475242], [2.1221534, 41.448238], [2.1201146, 41.4502802]]], [[[2.1364627, 41.4474901], [2.136169, 41.4473842], [2.1347107, 41.4475925], [2.1364627, 41.4474901]]], [[[2.1322587, 41.4441706], [2.1309746, 41.4438667], [2.1347039, 41.4475925], [2.1347073, 41.4475925], [2.1336623, 41.4458474], [2.1328768, 41.4454342], [2.1328495, 41.4447239], [2.1322587, 41.4441706]]], [[[2.1520662, 41.4473296], [2.1519296, 41.4472681], [2.1516701, 41.4472681], [2.1520662, 41.4473296]]]]}}, {"type": "Feature", "properties": {"Index": 10172}, "geometry": {"type": "Polygon", "coordinates": [[[2.0806327, 41.50847], [2.0754588, 41.5067966], [2.073946, 41.5070425], [2.0727473, 41.5069059], [2.0680276, 41.5096585], [2.0648379, 41.5129643], [2.0649096, 41.5192651], [2.0644896, 41.5198389], [2.0584073, 41.5185343], [2.0570856, 41.516154], [2.0532129, 41.5138215], [2.0515566, 41.5122369], [2.0508599, 41.5117451], [2.0497944, 41.5096072], [2.0470418, 41.5097882], [2.0455529, 41.5094058], [2.0443234, 41.5094092], [2.0437838, 41.5100683], [2.043176, 41.5123086], [2.041284, 41.5126364], [2.041185, 41.5126945], [2.0410484, 41.5126774], [2.0386271, 41.5130941], [2.0360282, 41.5125237], [2.0354715, 41.5125681], [2.0348192, 41.5122676], [2.0348602, 41.5134458], [2.0348602, 41.5134595], [2.0343787, 41.5131863], [2.0334942, 41.5126808], [2.0347475, 41.5168029], [2.0346621, 41.5168609], [2.0348978, 41.5171717], [2.0355501, 41.5182816], [2.0359599, 41.5200745], [2.0369946, 41.5211742], [2.0357959, 41.5216215], [2.0328248, 41.5222363], [2.0318925, 41.5222636], [2.0323808, 41.5250332], [2.0331322, 41.5280966], [2.0363594, 41.526751], [2.0367692, 41.5256104], [2.0390369, 41.5276048], [2.0408264, 41.5253577], [2.0407922, 41.5245449], [2.0417484, 41.5240531], [2.0429471, 41.5240565], [2.044081, 41.5245995], [2.0451704, 41.5246029], [2.0469872, 41.5255489], [2.0493607, 41.5257162], [2.0510682, 41.5251698], [2.0518913, 41.5255216], [2.0542511, 41.5254157], [2.05518, 41.5257538], [2.0569285, 41.5255216], [2.0546302, 41.5304257], [2.0500369, 41.5323313], [2.0498593, 41.5335197], [2.0515771, 41.5342403], [2.0518127, 41.5348106], [2.0512936, 41.5361733], [2.0520928, 41.5378467], [2.0528168, 41.5382087], [2.0537423, 41.5405548], [2.0555591, 41.5409476], [2.0579531, 41.5409749], [2.0596743, 41.5400221], [2.0607808, 41.5389224], [2.0626147, 41.5389976], [2.0629357, 41.5398342], [2.0640763, 41.5404695], [2.0644076, 41.5414701], [2.0652785, 41.541593], [2.0655175, 41.5425117], [2.0663815, 41.5425014], [2.0661527, 41.5439016], [2.0657531, 41.5445949], [2.0633148, 41.5477641], [2.0637656, 41.5481363], [2.0624644, 41.549779], [2.0609242, 41.552815], [2.0625635, 41.5533546], [2.0625737, 41.553358], [2.0631884, 41.5536244], [2.0662381, 41.5535902], [2.0653058, 41.5543313], [2.065357, 41.5553115], [2.0672968, 41.5561789], [2.0641583, 41.5578762], [2.0656029, 41.5590544], [2.0651999, 41.5594062], [2.0667777, 41.5604341], [2.06771, 41.5599321], [2.0691751, 41.5607073], [2.0681745, 41.5617216], [2.0678329, 41.5625754], [2.0633831, 41.5635896], [2.0642608, 41.5650069], [2.0718218, 41.5643854], [2.0898057, 41.5626095], [2.0958026, 41.5619367], [2.0967178, 41.561182], [2.0981043, 41.5506157], [2.0976467, 41.5501786], [2.0951605, 41.5506567], [2.0943614, 41.5459131], [2.1026396, 41.5436967], [2.1029162, 41.5435601], [2.1148793, 41.5312555], [2.10781, 41.5293226], [2.1071953, 41.5301012], [2.1052419, 41.5295616], [2.1044735, 41.5311633], [2.1040261, 41.5307091], [2.1043915, 41.5280556], [2.1036983, 41.5271233], [2.1025235, 41.5268091], [2.1012223, 41.5258631], [2.1000065, 41.525484], [2.0993338, 41.5260851], [2.0991084, 41.5275502], [2.097937, 41.5254362], [2.0976023, 41.5240326], [2.097715, 41.5206551], [2.0971857, 41.5198594], [2.0958504, 41.5192344], [2.0941531, 41.5171546], [2.0938696, 41.5156007], [2.0941497, 41.5146411], [2.0933164, 41.513859], [2.0937603, 41.5131794], [2.0889041, 41.5114138], [2.0887675, 41.5110962], [2.0875039, 41.5106898], [2.0859637, 41.510601], [2.0808991, 41.5091155], [2.0806327, 41.50847]]]}}, {"type": "Feature", "properties": {"Index": 10170}, "geometry": {"type": "Polygon", "coordinates": [[[2.1075949, 41.5075479], [2.1051189, 41.5067078], [2.0999622, 41.51014], [2.099286, 41.5100956], [2.0977799, 41.5100888], [2.0959699, 41.5098805], [2.0905843, 41.5095287], [2.0887675, 41.5110962], [2.0889041, 41.5114138], [2.0937603, 41.5131794], [2.0933164, 41.513859], [2.0941497, 41.5146411], [2.0938696, 41.5156007], [2.0941531, 41.5171546], [2.0958504, 41.5192344], [2.0971857, 41.5198594], [2.097715, 41.5206551], [2.0976023, 41.5240326], [2.097937, 41.5254362], [2.0991084, 41.5275502], [2.0993338, 41.5260851], [2.1000065, 41.525484], [2.1012223, 41.5258631], [2.1025235, 41.5268091], [2.1036983, 41.5271233], [2.1043915, 41.5280556], [2.1040261, 41.5307091], [2.1044735, 41.5311633], [2.1052419, 41.5295616], [2.1071953, 41.5301012], [2.10781, 41.5293226], [2.1148793, 41.5312555], [2.1029162, 41.5435601], [2.1026396, 41.5436967], [2.0943614, 41.5459131], [2.0951605, 41.5506567], [2.0976467, 41.5501786], [2.0981043, 41.5506157], [2.0988932, 41.5502605], [2.1023835, 41.551046], [2.1062869, 41.5520398], [2.1136498, 41.5541128], [2.1151218, 41.5542016], [2.1169454, 41.5564931], [2.1186495, 41.5554481], [2.1199405, 41.5541503], [2.1205927, 41.5528799], [2.1205552, 41.5513295], [2.1200156, 41.5492121], [2.1202615, 41.5479519], [2.1215797, 41.5467669], [2.12396, 41.5458995], [2.1248206, 41.5448237], [2.126313, 41.5417638], [2.1279796, 41.5392332], [2.1279523, 41.5386185], [2.1271122, 41.5365899], [2.1266238, 41.5333934], [2.1243596, 41.5336598], [2.1234409, 41.5331953], [2.1231711, 41.5324952], [2.1231575, 41.531778], [2.123902, 41.5313204], [2.1239327, 41.5297119], [2.1245747, 41.5285883], [2.1265009, 41.5279668], [2.126716, 41.5278985], [2.116901, 41.5230764], [2.1141997, 41.5224207], [2.1095176, 41.52128], [2.111553, 41.5188348], [2.1128746, 41.5175542], [2.1124136, 41.5161301], [2.1132605, 41.5139854], [2.1125878, 41.5135039], [2.1107334, 41.5115436], [2.1095381, 41.5105054], [2.1095142, 41.5090164], [2.109118, 41.508067], [2.1075949, 41.5075479]]]}}, {"type": "Feature", "properties": {"Index": 1110}, "geometry": {"type": "Polygon", "coordinates": [[[2.1257734, 41.5065371], [2.122693, 41.5056867], [2.1136669, 41.5123735], [2.1136806, 41.5139239], [2.1160199, 41.5150987], [2.1128746, 41.5175542], [2.1095176, 41.52128], [2.116901, 41.5230764], [2.126716, 41.5278985], [2.1245747, 41.5285883], [2.1234409, 41.5331953], [2.1298067, 41.5331714], [2.1323919, 41.5344145], [2.1339048, 41.5332397], [2.1343453, 41.5315185], [2.1388703, 41.531638], [2.1409296, 41.5293328], [2.1444438, 41.528923], [2.1500992, 41.5248693], [2.1501401, 41.5228612], [2.1534323, 41.5193266], [2.158893, 41.5197467], [2.1614065, 41.5160071], [2.1626599, 41.5161472], [2.161188, 41.5088525], [2.159033, 41.5073977], [2.1550715, 41.5113387], [2.1499489, 41.5086647], [2.149201, 41.5100171], [2.1459532, 41.510461], [2.1387337, 41.5075172], [2.1349395, 41.5081627], [2.1360939, 41.5067112], [2.1349703, 41.5066054], [2.1257734, 41.5065371]]]}}, {"type": "Feature", "properties": {"Index": 1027}, "geometry": {"type": "Polygon", "coordinates": [[[2.1693261, 41.5412379], [2.1585891, 41.5367129], [2.1564649, 41.5396806], [2.1505158, 41.5409851], [2.1452907, 41.5515173], [2.1408921, 41.5543791], [2.1413053, 41.5588085], [2.1404344, 41.5597852], [2.1391504, 41.5591603], [2.1389318, 41.5612298], [2.1360699, 41.5632379], [2.1316269, 41.5625207], [2.1289768, 41.5662842], [2.1266887, 41.5751122], [2.1373369, 41.5740672], [2.1502699, 41.5761162], [2.157585, 41.5653074], [2.1650436, 41.565205], [2.1686909, 41.5623773], [2.1712659, 41.5550041], [2.1744829, 41.5553729], [2.1738887, 41.5477846], [2.1700809, 41.5479656], [2.1678542, 41.5450115], [2.1693261, 41.5412379]]]}}, {"type": "Feature", "properties": {"Index": 10007}, "geometry": {"type": "MultiPolygon", "coordinates": [[[[2.1356362, 41.5318019], [2.1343453, 41.5315185], [2.134137, 41.5323381], [2.1339048, 41.5332397], [2.1323919, 41.5344145], [2.1298067, 41.5331714], [2.1288641, 41.533209], [2.1286729, 41.5331748], [2.1277474, 41.5331782], [2.1266238, 41.5333934], [2.1271122, 41.5365899], [2.1279523, 41.5386185], [2.1279796, 41.5392332], [2.126313, 41.5417638], [2.1248206, 41.5448237], [2.12396, 41.5458995], [2.1215797, 41.5467669], [2.1202615, 41.5479519], [2.1200156, 41.5492121], [2.1205552, 41.5513295], [2.1205927, 41.5528799], [2.1199405, 41.5541503], [2.1186495, 41.5554481], [2.1169488, 41.5564931], [2.1176797, 41.5573947], [2.1177719, 41.5575415], [2.1177787, 41.5575518], [2.1178333, 41.5577567], [2.117847, 41.5578762], [2.1178368, 41.5579513], [2.1178333, 41.5579889], [2.1178129, 41.5580709], [2.1177924, 41.5581494], [2.117765, 41.5582245], [2.1177275, 41.5583475], [2.117707, 41.5584841], [2.117707, 41.5585934], [2.1177343, 41.55873], [2.1177924, 41.5588563], [2.1178812, 41.5589793], [2.1180553, 41.5591876], [2.1181236, 41.5592661], [2.1181885, 41.5593413], [2.1182568, 41.5594335], [2.1183012, 41.559512], [2.1183388, 41.5596042], [2.118349, 41.5596486], [2.1183729, 41.559734], [2.11839, 41.5598672], [2.1183627, 41.560195], [2.1183627, 41.5603043], [2.1183661, 41.5604102], [2.1183798, 41.5605161], [2.1184071, 41.5606219], [2.1184446, 41.5607176], [2.1184925, 41.5608029], [2.1185744, 41.5609088], [2.1186495, 41.5609839], [2.1187179, 41.561042], [2.1188066, 41.5611035], [2.1189091, 41.5611615], [2.1189808, 41.5611923], [2.1190901, 41.5612298], [2.119196, 41.5612606], [2.1193257, 41.5612845], [2.1194282, 41.5613015], [2.1195306, 41.5613084], [2.119616, 41.5613118], [2.1197014, 41.5613049], [2.1198141, 41.5612947], [2.1199165, 41.5612742], [2.1200156, 41.5612469], [2.1201215, 41.5612162], [2.1203059, 41.5611479], [2.1204356, 41.5610864], [2.1205791, 41.5610352], [2.1207123, 41.5609839], [2.1208694, 41.560919], [2.1209445, 41.5608849], [2.1210196, 41.5608542], [2.1210948, 41.5608337], [2.1211494, 41.5608268], [2.1212177, 41.5608268], [2.121286, 41.5608303], [2.1213577, 41.5608542], [2.1214329, 41.5608849], [2.1214807, 41.560919], [2.1215216, 41.5609566], [2.1215524, 41.5610078], [2.121566, 41.5610488], [2.1215729, 41.5610932], [2.1215695, 41.5611342], [2.1215592, 41.5611854], [2.1215421, 41.5612332], [2.121508, 41.5613015], [2.1213748, 41.5614825], [2.1213133, 41.5615713], [2.1212758, 41.5616635], [2.1212553, 41.5617421], [2.1212075, 41.5618548], [2.121187, 41.5619163], [2.1211665, 41.5619948], [2.1211528, 41.5620973], [2.1211528, 41.5621929], [2.1211665, 41.5623192], [2.1215216, 41.5642283], [2.121566, 41.564481], [2.1218017, 41.5658675], [2.1217641, 41.5661236], [2.1215865, 41.5664139], [2.1214055, 41.5666188], [2.1212723, 41.5668067], [2.121245, 41.5669843], [2.1212928, 41.5671174], [2.1213816, 41.5672233], [2.1214192, 41.5672643], [2.1215729, 41.5674658], [2.1216241, 41.5676946], [2.1215934, 41.5679097], [2.1215421, 41.5680361], [2.1214909, 41.5681761], [2.1214602, 41.5683503], [2.1214875, 41.5685074], [2.121508, 41.5687055], [2.1214943, 41.5688967], [2.1214636, 41.5690572], [2.1214363, 41.5692246], [2.1214397, 41.5694978], [2.1214636, 41.5696753], [2.1215182, 41.5701432], [2.1215319, 41.5702662], [2.1215387, 41.5703652], [2.1215421, 41.5704711], [2.1215285, 41.570553], [2.121508, 41.5706316], [2.1214568, 41.570734], [2.1214192, 41.5707989], [2.121368, 41.5708775], [2.1213099, 41.5709628], [2.1212689, 41.5710414], [2.1212587, 41.5711165], [2.1212621, 41.5711712], [2.1212792, 41.5712429], [2.1213441, 41.5713897], [2.1214089, 41.5715673], [2.1214158, 41.5716049], [2.1214158, 41.571779], [2.1213885, 41.571861], [2.1213509, 41.5719259], [2.1213065, 41.5719839], [2.1212348, 41.5720762], [2.1211392, 41.5722059], [2.1211016, 41.5722845], [2.1210879, 41.5723425], [2.1210913, 41.5724143], [2.1211118, 41.5724689], [2.1211528, 41.5725372], [2.1212279, 41.5726192], [2.1213099, 41.5726909], [2.1214397, 41.5727865], [2.1215421, 41.5728411], [2.1216787, 41.5728924], [2.1217641, 41.5729129], [2.1218529, 41.5729333], [2.1219485, 41.5729436], [2.1220715, 41.5729538], [2.1222012, 41.5729607], [2.1223174, 41.5729675], [2.1230994, 41.5730016], [2.1232155, 41.5730119], [2.1233351, 41.5730256], [2.1234443, 41.5730563], [2.1235468, 41.5731041], [2.1236219, 41.5731553], [2.1236936, 41.5732612], [2.1237175, 41.5733534], [2.1237175, 41.5734012], [2.1237141, 41.5734695], [2.1237039, 41.5735344], [2.1236595, 41.5738418], [2.1236561, 41.5739203], [2.1236697, 41.5740125], [2.1237073, 41.5740911], [2.1237756, 41.5741901], [2.1238337, 41.5742618], [2.1238985, 41.5743404], [2.1239703, 41.5744394], [2.1240215, 41.5745077], [2.124083, 41.5746102], [2.1241444, 41.5747058], [2.1241957, 41.5748185], [2.124223, 41.5748663], [2.124281, 41.5749858], [2.1243459, 41.575119], [2.1243972, 41.5751941], [2.1244484, 41.5752522], [2.124503, 41.5753034], [2.1245645, 41.5753581], [2.124626, 41.5754161], [2.1247113, 41.5755186], [2.1247557, 41.5755835], [2.1247762, 41.5756483], [2.1248001, 41.5757303], [2.1248275, 41.5758396], [2.1248479, 41.5759147], [2.1248923, 41.5760479], [2.1248992, 41.5761401], [2.1248992, 41.5761777], [2.1248958, 41.5762016], [2.1248855, 41.5762187], [2.124865, 41.5762972], [2.1248343, 41.5763655], [2.124807, 41.5764202], [2.1247728, 41.5764714], [2.1247523, 41.5765294], [2.1247318, 41.5765807], [2.1247216, 41.5766353], [2.1247216, 41.5766899], [2.124725, 41.5767583], [2.1247284, 41.5767958], [2.1263233, 41.5763621], [2.1266887, 41.5751122], [2.1289768, 41.5662842], [2.1316269, 41.5625207], [2.1360699, 41.5632379], [2.1389318, 41.5612298], [2.1391504, 41.5591603], [2.1397514, 41.559454], [2.1404344, 41.5597852], [2.1412882, 41.5588256], [2.1413053, 41.5588085], [2.1410389, 41.5559364], [2.1402637, 41.555653], [2.1408921, 41.5543791], [2.1429787, 41.5530233], [2.1438495, 41.5516368], [2.1452907, 41.5515173], [2.1461616, 41.5497653], [2.1462674, 41.549195], [2.1471656, 41.5477368], [2.1482379, 41.5455784], [2.1485931, 41.5433108], [2.1505158, 41.5409851], [2.1492829, 41.5409817], [2.1487365, 41.541371], [2.147753, 41.5415042], [2.1475788, 41.541091], [2.1462742, 41.5409783], [2.1461069, 41.5400562], [2.1452668, 41.5399128], [2.1453488, 41.5391444], [2.1459259, 41.5390556], [2.1457825, 41.5382633], [2.1445769, 41.5384511], [2.1407179, 41.5374232], [2.1406462, 41.5374027], [2.1382044, 41.5330553], [2.1384981, 41.5324337], [2.1388703, 41.531638], [2.1371047, 41.5315902], [2.1356362, 41.5318019]]], [[[2.1142748, 41.5541503], [2.1138274, 41.554123], [2.1140084, 41.5541879], [2.114087, 41.5541947], [2.1141041, 41.5541947], [2.1141621, 41.5541879], [2.1142065, 41.5541776], [2.1142543, 41.5541606], [2.1142748, 41.5541503]]], [[[2.1136498, 41.5541128], [2.1062869, 41.5520398], [2.1090497, 41.5528458], [2.1099855, 41.5531053], [2.1123589, 41.5537644], [2.1136498, 41.5541128]]], [[[2.1237893, 41.5333695], [2.1234409, 41.5331953], [2.1238337, 41.5333934], [2.1237893, 41.5333695]]]]}}, {"type": "Feature", "properties": {"Index": 10008}, "geometry": {"type": "Polygon", "coordinates": [[[2.100915, 41.5628861], [2.1012326, 41.5611513], [2.1009559, 41.5612298], [2.100751, 41.5612845], [2.1005017, 41.5613425], [2.1002422, 41.5614006], [2.0999929, 41.5614518], [2.0996787, 41.5615099], [2.0991903, 41.5615782], [2.0985346, 41.561643], [2.0979985, 41.5617079], [2.0977082, 41.5616738], [2.0976809, 41.5616738], [2.0976433, 41.5616669], [2.0976023, 41.5616601], [2.0975682, 41.5616533], [2.0975511, 41.5616465], [2.0974486, 41.5616157], [2.0974282, 41.5615713], [2.0974008, 41.5615269], [2.0973735, 41.5614894], [2.097312, 41.5614211], [2.0972711, 41.5613903], [2.0972267, 41.5613528], [2.0971925, 41.5613323], [2.0971447, 41.5613015], [2.0970901, 41.5612776], [2.0970286, 41.5612503], [2.0969671, 41.5612298], [2.0968988, 41.5612093], [2.0968442, 41.5611991], [2.0967793, 41.5611888], [2.0967178, 41.561182], [2.0958026, 41.5619367], [2.0935588, 41.5621895], [2.0933813, 41.5622202], [2.0933232, 41.562227], [2.0931422, 41.5622441], [2.0929373, 41.5622646], [2.0927426, 41.5622851], [2.0925412, 41.5623056], [2.0923328, 41.5623261], [2.0917693, 41.5623875], [2.0917625, 41.5623909], [2.0916498, 41.5624149], [2.0912878, 41.5625344], [2.0899901, 41.5626676], [2.0898057, 41.5626095], [2.0889416, 41.5626949], [2.0869711, 41.562893], [2.0868994, 41.5628998], [2.0819817, 41.5633847], [2.0815377, 41.5634291], [2.0797687, 41.5636033], [2.0767566, 41.5639004], [2.0718218, 41.5643854], [2.0642608, 41.5650069], [2.0643735, 41.5651913], [2.0648481, 41.5659563], [2.0648174, 41.5667759], [2.0661698, 41.5681317], [2.0631304, 41.5694021], [2.061474, 41.5704642], [2.0625498, 41.5722776], [2.0636255, 41.5732851], [2.0649165, 41.5729504], [2.0661698, 41.5754878], [2.0608491, 41.5776189], [2.0629938, 41.5791386], [2.0546199, 41.5815633], [2.0525777, 41.5812184], [2.0505662, 41.5833767], [2.0495656, 41.5847086], [2.0485889, 41.5846198], [2.0478615, 41.5856033], [2.0485957, 41.5861122], [2.0472502, 41.5871231], [2.0510102, 41.5895444], [2.0525401, 41.5885642], [2.0596401, 41.5873348], [2.0624268, 41.587707], [2.0648345, 41.5878027], [2.0655687, 41.58783], [2.0650496, 41.5871777], [2.0665455, 41.5862044], [2.0695746, 41.5852687], [2.0778972, 41.5848008], [2.0802673, 41.5827756], [2.0834877, 41.5829771], [2.0855061, 41.5807437], [2.0857929, 41.5804261], [2.0869506, 41.5809861], [2.0874288, 41.5826459], [2.0879649, 41.5833733], [2.0885148, 41.5832469], [2.0885284, 41.5832128], [2.0897783, 41.5829498], [2.0901642, 41.5833699], [2.0901472, 41.5831274], [2.0900481, 41.5821234], [2.0900379, 41.5820346], [2.0900174, 41.5818638], [2.0900242, 41.581717], [2.090055, 41.5815838], [2.090113, 41.5814267], [2.0901984, 41.5812867], [2.0903043, 41.581133], [2.0904272, 41.5809759], [2.0918752, 41.579323], [2.0930124, 41.5780901], [2.0931525, 41.5779194], [2.0932652, 41.5777623], [2.0933539, 41.5776052], [2.0934598, 41.5774413], [2.093552, 41.5772432], [2.0936374, 41.5769973], [2.0939243, 41.5751976], [2.0939584, 41.5749551], [2.0941702, 41.5735378], [2.0941906, 41.5734319], [2.0942419, 41.5732851], [2.094317, 41.5731143], [2.0944331, 41.5728889], [2.0945048, 41.5727865], [2.0945697, 41.5726943], [2.0947097, 41.572503], [2.0949249, 41.5722674], [2.0992689, 41.5683025], [2.0994294, 41.5681351], [2.0994977, 41.5680668], [2.0995387, 41.5680088], [2.0995762, 41.5679473], [2.0996036, 41.5678653], [2.0996309, 41.5677526], [2.0996411, 41.567657], [2.0996275, 41.5675512], [2.0995592, 41.5672779], [2.0995318, 41.5671823], [2.0995114, 41.5670867], [2.0995045, 41.567056], [2.099484, 41.5669603], [2.0994738, 41.5668408], [2.0994772, 41.5667145], [2.099484, 41.5666496], [2.0995182, 41.5665574], [2.0995728, 41.5664652], [2.0996787, 41.5663286], [2.0998255, 41.5661783], [2.0999792, 41.5660383], [2.1001807, 41.5659085], [2.1003583, 41.5658265], [2.1005154, 41.5657514], [2.1006042, 41.5656933], [2.1007476, 41.5655977], [2.1008672, 41.5654919], [2.1009525, 41.5653792], [2.1010106, 41.5652528], [2.1010413, 41.5650957], [2.1010516, 41.5649933], [2.1010482, 41.5647542], [2.1010208, 41.5645425], [2.100915, 41.5628861]]]}}, {"type": "Feature", "properties": {"Index": 10004}, "geometry": {"type": "Polygon", "coordinates": [[[2.1023835, 41.551046], [2.0988932, 41.5502605], [2.0981043, 41.5506157], [2.0970218, 41.5588666], [2.0970559, 41.55887], [2.0967759, 41.5608337], [2.0967178, 41.561182], [2.0967793, 41.5611888], [2.0968442, 41.5611991], [2.0968988, 41.5612093], [2.0969671, 41.5612298], [2.0970286, 41.5612503], [2.0970901, 41.5612776], [2.0971447, 41.5613015], [2.0971925, 41.5613323], [2.0972267, 41.5613528], [2.0972711, 41.5613903], [2.097312, 41.5614211], [2.0973735, 41.5614894], [2.0974008, 41.5615269], [2.0974282, 41.5615713], [2.0974486, 41.5616157], [2.0975511, 41.5616465], [2.0975682, 41.5616533], [2.0976023, 41.5616601], [2.0976433, 41.5616669], [2.0976809, 41.5616738], [2.0977082, 41.5616738], [2.0979985, 41.5617079], [2.0985346, 41.561643], [2.0991903, 41.5615782], [2.0996787, 41.5615099], [2.0999929, 41.5614518], [2.1002422, 41.5614006], [2.1005017, 41.5613425], [2.100751, 41.5612845], [2.1009559, 41.5612298], [2.1012326, 41.5611513], [2.100915, 41.5628861], [2.1010208, 41.5645425], [2.1010482, 41.5647542], [2.1010516, 41.5649933], [2.1010413, 41.5650957], [2.1010106, 41.5652528], [2.1009525, 41.5653792], [2.1008672, 41.5654919], [2.1007476, 41.5655977], [2.1006042, 41.5656933], [2.1005154, 41.5657514], [2.1003583, 41.5658265], [2.1001807, 41.5659085], [2.0999792, 41.5660383], [2.0998255, 41.5661783], [2.0996787, 41.5663286], [2.0995728, 41.5664652], [2.0995182, 41.5665574], [2.099484, 41.5666496], [2.0994772, 41.5667145], [2.0994738, 41.5668408], [2.099484, 41.5669603], [2.0995045, 41.567056], [2.0995114, 41.5670867], [2.0995318, 41.5671823], [2.0995592, 41.5672779], [2.0996275, 41.5675512], [2.0996411, 41.567657], [2.0996309, 41.5677526], [2.0996036, 41.5678653], [2.0995762, 41.5679473], [2.0995387, 41.5680088], [2.0994977, 41.5680668], [2.0994294, 41.5681351], [2.0992689, 41.5683025], [2.0949249, 41.5722674], [2.0947097, 41.572503], [2.0945697, 41.5726943], [2.0945048, 41.5727865], [2.0944331, 41.5728889], [2.094317, 41.5731143], [2.0942419, 41.5732851], [2.0941906, 41.5734319], [2.0941702, 41.5735378], [2.0939584, 41.5749551], [2.0939243, 41.5751976], [2.0936374, 41.5769973], [2.093552, 41.5772432], [2.0934598, 41.5774413], [2.0933539, 41.5776052], [2.0932652, 41.5777623], [2.0931525, 41.5779194], [2.0930124, 41.5780901], [2.0918752, 41.579323], [2.0904272, 41.5809759], [2.0903043, 41.581133], [2.0901984, 41.5812867], [2.090113, 41.5814267], [2.090055, 41.5815838], [2.0900242, 41.581717], [2.0900174, 41.5818638], [2.0900379, 41.5820346], [2.0900481, 41.5821234], [2.0901472, 41.5831274], [2.0901642, 41.5833699], [2.0915883, 41.5830762], [2.0936989, 41.5833699], [2.0954372, 41.5839675], [2.0969978, 41.5840222], [2.0969364, 41.5844832], [2.0977184, 41.584753], [2.0983366, 41.5847052], [2.0992211, 41.5852653], [2.1012292, 41.5853404], [2.1012462, 41.5852311], [2.1014545, 41.5839504], [2.1055902, 41.585173], [2.1053409, 41.5861668], [2.1052624, 41.5864844], [2.1071304, 41.5865732], [2.1059044, 41.587789], [2.1067411, 41.5878676], [2.1062084, 41.5905382], [2.1111398, 41.5893907], [2.1178129, 41.590183], [2.1188545, 41.587731], [2.1176831, 41.5852379], [2.1178948, 41.578657], [2.1247284, 41.5767958], [2.124725, 41.5767583], [2.1247216, 41.5766899], [2.1247216, 41.5766353], [2.1247318, 41.5765807], [2.1247523, 41.5765294], [2.1247728, 41.5764714], [2.124807, 41.5764202], [2.1248343, 41.5763655], [2.124865, 41.5762972], [2.1248855, 41.5762187], [2.1248958, 41.5762016], [2.1248992, 41.5761777], [2.1248992, 41.5761401], [2.1248923, 41.5760479], [2.1248479, 41.5759147], [2.1248275, 41.5758396], [2.1248001, 41.5757303], [2.1247762, 41.5756483], [2.1247557, 41.5755835], [2.1247113, 41.5755186], [2.124626, 41.5754161], [2.1245645, 41.5753581], [2.124503, 41.5753034], [2.1244484, 41.5752522], [2.1243972, 41.5751941], [2.1243459, 41.575119], [2.124281, 41.5749858], [2.124223, 41.5748663], [2.1241957, 41.5748185], [2.1241444, 41.5747058], [2.124083, 41.5746102], [2.1240215, 41.5745077], [2.1239703, 41.5744394], [2.1238985, 41.5743404], [2.1238337, 41.5742618], [2.1237756, 41.5741901], [2.1237073, 41.5740911], [2.1236697, 41.5740125], [2.1236561, 41.5739203], [2.1236595, 41.5738418], [2.1237039, 41.5735344], [2.1237141, 41.5734695], [2.1237175, 41.5734012], [2.1237175, 41.5733534], [2.1236936, 41.5732612], [2.1236219, 41.5731553], [2.1235468, 41.5731041], [2.1234443, 41.5730563], [2.1233351, 41.5730256], [2.1232155, 41.5730119], [2.1230994, 41.5730016], [2.1223174, 41.5729675], [2.1222012, 41.5729607], [2.1220715, 41.5729538], [2.1219485, 41.5729436], [2.1218529, 41.5729333], [2.1217641, 41.5729129], [2.1216787, 41.5728924], [2.1215421, 41.5728411], [2.1214397, 41.5727865], [2.1213099, 41.5726909], [2.1212279, 41.5726192], [2.1211528, 41.5725372], [2.1211118, 41.5724689], [2.1210913, 41.5724143], [2.1210879, 41.5723425], [2.1211016, 41.5722845], [2.1211392, 41.5722059], [2.1212348, 41.5720762], [2.1213065, 41.5719839], [2.1213509, 41.5719259], [2.1213885, 41.571861], [2.1214158, 41.571779], [2.1214158, 41.5716049], [2.1214089, 41.5715673], [2.1213441, 41.5713897], [2.1212792, 41.5712429], [2.1212621, 41.5711712], [2.1212587, 41.5711165], [2.1212689, 41.5710414], [2.1213099, 41.5709628], [2.121368, 41.5708775], [2.1214192, 41.5707989], [2.1214568, 41.570734], [2.121508, 41.5706316], [2.1215285, 41.570553], [2.1215421, 41.5704711], [2.1215387, 41.5703652], [2.1215319, 41.5702662], [2.1215182, 41.5701432], [2.1214636, 41.5696753], [2.1214397, 41.5694978], [2.1214363, 41.5692246], [2.1214636, 41.5690572], [2.1214943, 41.5688967], [2.121508, 41.5687055], [2.1214875, 41.5685074], [2.1214602, 41.5683503], [2.1214909, 41.5681761], [2.1215421, 41.5680361], [2.1215934, 41.5679097], [2.1216241, 41.5676946], [2.1215729, 41.5674658], [2.1214192, 41.5672643], [2.1213816, 41.5672233], [2.1212928, 41.5671174], [2.121245, 41.5669843], [2.1212723, 41.5668067], [2.1214055, 41.5666188], [2.1215865, 41.5664139], [2.1217641, 41.5661236], [2.1218017, 41.5658675], [2.121566, 41.564481], [2.1215216, 41.5642283], [2.1211665, 41.5623192], [2.1211528, 41.5621929], [2.1211528, 41.5620973], [2.1211665, 41.5619948], [2.121187, 41.5619163], [2.1212075, 41.5618548], [2.1212553, 41.5617421], [2.1212758, 41.5616635], [2.1213133, 41.5615713], [2.1213748, 41.5614825], [2.121508, 41.5613015], [2.1215421, 41.5612332], [2.1215592, 41.5611854], [2.1215695, 41.5611342], [2.1215729, 41.5610932], [2.121566, 41.5610488], [2.1215524, 41.5610078], [2.1215216, 41.5609566], [2.1214807, 41.560919], [2.1214329, 41.5608849], [2.1213577, 41.5608542], [2.121286, 41.5608303], [2.1212177, 41.5608268], [2.1211494, 41.5608268], [2.1210948, 41.5608337], [2.1210196, 41.5608542], [2.1209445, 41.5608849], [2.1208694, 41.560919], [2.1207123, 41.5609839], [2.1205791, 41.5610352], [2.1204356, 41.5610864], [2.1203059, 41.5611479], [2.1201215, 41.5612162], [2.1200156, 41.5612469], [2.1199165, 41.5612742], [2.1198141, 41.5612947], [2.1197014, 41.5613049], [2.119616, 41.5613118], [2.1195306, 41.5613084], [2.1194282, 41.5613015], [2.1193257, 41.5612845], [2.119196, 41.5612606], [2.1190901, 41.5612298], [2.1189808, 41.5611923], [2.1189091, 41.5611615], [2.1188066, 41.5611035], [2.1187179, 41.561042], [2.1186495, 41.5609839], [2.1185744, 41.5609088], [2.1184925, 41.5608029], [2.1184446, 41.5607176], [2.1184071, 41.5606219], [2.1183798, 41.5605161], [2.1183661, 41.5604102], [2.1183627, 41.5603043], [2.1183627, 41.560195], [2.11839, 41.5598672], [2.1183729, 41.559734], [2.118349, 41.5596486], [2.1183388, 41.5596042], [2.1183012, 41.559512], [2.1182568, 41.5594335], [2.1181885, 41.5593413], [2.1181236, 41.5592661], [2.1180553, 41.5591876], [2.1178812, 41.5589793], [2.1177924, 41.5588563], [2.1177343, 41.55873], [2.117707, 41.5585934], [2.117707, 41.5584841], [2.1177275, 41.5583475], [2.117765, 41.5582245], [2.1177924, 41.5581494], [2.1178129, 41.5580709], [2.1178333, 41.5579889], [2.1178368, 41.5579513], [2.117847, 41.5578762], [2.1178333, 41.5577567], [2.1177787, 41.5575518], [2.1177719, 41.5575415], [2.1176797, 41.5573947], [2.1169488, 41.5564931], [2.1169454, 41.5564931], [2.1151218, 41.5542016], [2.1142748, 41.5541503], [2.1142543, 41.5541606], [2.1142065, 41.5541776], [2.1141621, 41.5541879], [2.1141041, 41.5541947], [2.114087, 41.5541947], [2.1140084, 41.5541879], [2.1138274, 41.554123], [2.1136498, 41.5541128], [2.1123589, 41.5537644], [2.1099855, 41.5531053], [2.1090497, 41.5528458], [2.1062869, 41.5520398], [2.1023835, 41.551046]]]}}, {"type": "Feature", "properties": {"Index": 10178}, "geometry": {"type": "Polygon", "coordinates": [[[2.0625737, 41.553358], [2.0625635, 41.5533546], [2.0612077, 41.5535288], [2.0596504, 41.553358], [2.0579872, 41.5534263], [2.0563719, 41.5538771], [2.053148, 41.5540854], [2.0502691, 41.555834], [2.0411986, 41.5569541], [2.0276475, 41.5588324], [2.0282008, 41.5598877], [2.0262644, 41.5687806], [2.0388217, 41.5676229], [2.0448733, 41.5669638], [2.0643735, 41.5651913], [2.0642608, 41.5650069], [2.0633831, 41.5635896], [2.0678329, 41.5625754], [2.0681745, 41.5617216], [2.0691751, 41.5607073], [2.06771, 41.5599321], [2.0667777, 41.5604341], [2.0651999, 41.5594062], [2.0656029, 41.5590544], [2.0641583, 41.5578762], [2.0672968, 41.5561789], [2.065357, 41.5553115], [2.0653058, 41.5543313], [2.0662381, 41.5535902], [2.0631884, 41.5536244], [2.0625737, 41.553358]]]}}, {"type": "Feature", "properties": {"Index": 10180}, "geometry": {"type": "Polygon", "coordinates": [[[2.0648481, 41.5659563], [2.0643735, 41.5651913], [2.0448733, 41.5669638], [2.0388217, 41.5676229], [2.0262644, 41.5687806], [2.0260151, 41.5692006], [2.020749, 41.5725065], [2.0176345, 41.5750575], [2.0173134, 41.575522], [2.0185224, 41.5841758], [2.0204724, 41.5843432], [2.0263293, 41.5845822], [2.0255472, 41.5860439], [2.0227639, 41.5907396], [2.0226171, 41.5934137], [2.0229688, 41.5942777], [2.026541, 41.5935059], [2.0283579, 41.5923413], [2.0287301, 41.5929151], [2.0309328, 41.5947968], [2.0323843, 41.5943528], [2.0342728, 41.5951315], [2.0333234, 41.5959203], [2.0361135, 41.5983929], [2.0444669, 41.6038775], [2.044682, 41.6035599], [2.0492992, 41.6010771], [2.0517786, 41.5990247], [2.0547565, 41.597867], [2.0552791, 41.5971942], [2.0564812, 41.5969927], [2.0578609, 41.5962004], [2.0591688, 41.5949539], [2.0596435, 41.593943], [2.0617438, 41.592133], [2.0612999, 41.5917744], [2.0606578, 41.5912587], [2.061556, 41.5904903], [2.0626318, 41.5903025], [2.0625225, 41.5889126], [2.0624268, 41.587707], [2.0596401, 41.5873348], [2.0525401, 41.5885642], [2.0510102, 41.5895444], [2.0472502, 41.5871231], [2.0485957, 41.5861122], [2.0478615, 41.5856033], [2.0485889, 41.5846198], [2.0495656, 41.5847086], [2.0505662, 41.5833767], [2.0525777, 41.5812184], [2.0546199, 41.5815633], [2.0629938, 41.5791386], [2.0608491, 41.5776189], [2.0661698, 41.5754878], [2.0649165, 41.5729504], [2.0636255, 41.5732851], [2.0625498, 41.5722776], [2.061474, 41.5704642], [2.0631304, 41.5694021], [2.0661698, 41.5681317], [2.0648174, 41.5667759], [2.0648481, 41.5659563]]]}}, {"type": "Feature", "properties": {"Index": 10179}, "geometry": {"type": "Polygon", "coordinates": [[[1.9891116, 41.5625139], [1.9874997, 41.5623739], [1.9836577, 41.5710277], [1.983644, 41.5710653], [1.9832103, 41.5720386], [1.9829064, 41.5720693], [1.9815881, 41.5721957], [1.9788629, 41.5724552], [1.9784975, 41.5726362], [1.9775891, 41.5730802], [1.9768275, 41.5734559], [1.9767455, 41.5734968], [1.9760625, 41.5738315], [1.9751951, 41.5742584], [1.9740271, 41.5738042], [1.9715375, 41.5732168], [1.9710697, 41.5727455], [1.9697651, 41.572264], [1.9691401, 41.5723801], [1.9684878, 41.5724996], [1.9680234, 41.5725884], [1.9670535, 41.5727694], [1.9664661, 41.5728787], [1.9660768, 41.5729504], [1.9658172, 41.5737222], [1.9651786, 41.5756005], [1.9611693, 41.5791693], [1.9608893, 41.5797123], [1.958106, 41.5820585], [1.9580581, 41.5820721], [1.9521773, 41.5843466], [1.9535092, 41.5859551], [1.9535263, 41.5859653], [1.9535366, 41.5859927], [1.9549163, 41.5876592], [1.9541274, 41.5892609], [1.9547421, 41.5899371], [1.9552885, 41.5914602], [1.9536561, 41.5927511], [1.9535263, 41.5930141], [1.9532429, 41.593079], [1.9481885, 41.5970781], [1.9467064, 41.5971122], [1.9464776, 41.5979353], [1.9454906, 41.599274], [1.9447154, 41.5999467], [1.944227, 41.5999911], [1.944005, 41.6002814], [1.9440289, 41.6004727], [1.945214, 41.6016406], [1.9452652, 41.6016714], [1.9473928, 41.6034506], [1.9477582, 41.6041473], [1.9512655, 41.6054485], [1.9526042, 41.6057046], [1.9534375, 41.606251], [1.9565487, 41.6111414], [1.9563335, 41.6112541], [1.9553841, 41.6117596], [1.9558144, 41.6134705], [1.9555617, 41.6144063], [1.954824, 41.6150995], [1.9543118, 41.6181799], [1.9543015, 41.6183063], [1.9540932, 41.6194947], [1.9544074, 41.6203007], [1.95396, 41.6211579], [1.9539634, 41.6211681], [1.954766, 41.6213935], [1.9550768, 41.6244774], [1.9663602, 41.6298493], [1.9669271, 41.630184], [1.9694133, 41.6324004], [1.9704037, 41.6334352], [1.9730128, 41.6339713], [1.9750073, 41.6346134], [1.9762094, 41.6352554], [1.9764484, 41.6367922], [1.975844, 41.6377962], [1.975803, 41.6380899], [1.9754854, 41.6383973], [1.9752156, 41.6388447], [1.9748707, 41.6389881], [1.9739452, 41.6398794], [1.9735661, 41.6412865], [1.9718005, 41.6419456], [1.9716741, 41.6420719], [1.9713292, 41.642731], [1.9711277, 41.644541], [1.9721522, 41.6456783], [1.9721932, 41.6476112], [1.9719029, 41.6488133], [1.9828107, 41.6483011], [1.9796859, 41.6233743], [1.984409, 41.6190713], [1.9844671, 41.6189586], [1.984689, 41.6188186], [1.9861746, 41.6174628], [1.9873904, 41.6170051], [1.9896136, 41.617234], [1.9895692, 41.6165817], [1.9895146, 41.6158133], [1.9985817, 41.6094236], [2.0003848, 41.6086757], [2.0019216, 41.6077741], [2.0077273, 41.6052709], [2.0088747, 41.6051616], [2.0212169, 41.6000492], [2.02037, 41.597563], [2.0199806, 41.5947421], [2.0228049, 41.5941001], [2.0229688, 41.5942777], [2.0226171, 41.5934137], [2.0227639, 41.5907396], [2.0255472, 41.5860439], [2.0263293, 41.5845822], [2.0204724, 41.5843432], [2.0185224, 41.5841758], [2.0173134, 41.575522], [2.0176345, 41.5750575], [2.020749, 41.5725065], [2.0260151, 41.5692006], [2.0262644, 41.5687806], [2.017713, 41.5696207], [2.0149775, 41.5700578], [2.0095885, 41.570331], [2.0062929, 41.5699007], [2.0042985, 41.569245], [2.0015323, 41.5683025], [1.9999135, 41.5675887], [1.9923525, 41.5637228], [1.9907099, 41.5629442], [1.9891116, 41.5625139]]]}}, {"type": "Feature", "properties": {"Index": 10177}, "geometry": {"type": "Polygon", "coordinates": [[[2.0226376, 41.5308833], [2.023447, 41.5281034], [2.0206534, 41.5284825], [2.0199601, 41.5290186], [2.0197279, 41.5303027], [2.0191952, 41.5308082], [2.0176037, 41.5316005], [2.0156298, 41.5317849], [2.0143799, 41.5323108], [2.0113609, 41.5327821], [2.0069418, 41.5325464], [2.0066242, 41.5325738], [2.003998, 41.534295], [2.0039024, 41.5344691], [2.0020036, 41.5356029], [2.0001594, 41.5380311], [1.999934, 41.5383453], [2.0001389, 41.5394005], [1.9986363, 41.5412481], [1.9971985, 41.5421838], [1.993961, 41.5416272], [1.9924789, 41.5422043], [1.9916797, 41.5430376], [1.9907543, 41.5414359], [1.9906177, 41.5398684], [1.9870352, 41.5361972], [1.9861029, 41.5352409], [1.9830737, 41.5352819], [1.9807207, 41.5353127], [1.9786512, 41.5338203], [1.9745223, 41.534616], [1.9744608, 41.5346296], [1.9705881, 41.5388234], [1.9631637, 41.5391751], [1.9630066, 41.5391649], [1.9608244, 41.5393186], [1.9591305, 41.5389497], [1.9591954, 41.5400255], [1.9605682, 41.5400187], [1.9614186, 41.5409646], [1.9633379, 41.541634], [1.9642292, 41.5416613], [1.9648371, 41.5421565], [1.9654108, 41.542358], [1.9663466, 41.5426824], [1.9664524, 41.54272], [1.968061, 41.5432801], [1.9691674, 41.5435123], [1.9706393, 41.5451003], [1.9709091, 41.5453701], [1.972726, 41.5462205], [1.9726508, 41.5471221], [1.9728592, 41.5473304], [1.973549, 41.5472655], [1.9742798, 41.5487579], [1.9748331, 41.5493146], [1.975721, 41.5499805], [1.9761616, 41.5502537], [1.9771997, 41.5502605], [1.9776403, 41.5511689], [1.9791771, 41.5521218], [1.9801811, 41.5527399], [1.9817657, 41.5534161], [1.9820423, 41.5538942], [1.9822882, 41.5540445], [1.982681, 41.5542869], [1.9829883, 41.5544782], [1.9833708, 41.5547172], [1.9834016, 41.5547343], [1.9881759, 41.5608542], [1.9874997, 41.5623739], [1.9891116, 41.5625139], [1.9907099, 41.5629442], [1.9923525, 41.5637228], [1.9999135, 41.5675887], [2.0015323, 41.5683025], [2.0042985, 41.569245], [2.0062929, 41.5699007], [2.0095885, 41.570331], [2.0149775, 41.5700578], [2.017713, 41.5696207], [2.0262644, 41.5687806], [2.0282008, 41.5598877], [2.0276475, 41.5588324], [2.0257829, 41.5589622], [2.0245056, 41.5587505], [2.0220877, 41.5580094], [2.0216882, 41.5575996], [2.0201275, 41.5572581], [2.0177062, 41.5581187], [2.0110228, 41.5568858], [2.0081473, 41.5570634], [2.0074814, 41.5568619], [2.0073209, 41.5564009], [2.0091889, 41.5506259], [2.0109716, 41.5482251], [2.0120679, 41.5471323], [2.0144038, 41.5444549], [2.0163606, 41.5412959], [2.0179179, 41.5400972], [2.0192771, 41.5387892], [2.020066, 41.537471], [2.0206363, 41.5344657], [2.0212067, 41.5330314], [2.0226376, 41.5308833]]]}}, {"type": "Feature", "properties": {"Index": 10176}, "geometry": {"type": "Polygon", "coordinates": [[[2.0355501, 41.5182816], [2.0348978, 41.5171717], [2.0336752, 41.5175508], [2.0319198, 41.5187734], [2.0306767, 41.5199174], [2.0303318, 41.520597], [2.0301849, 41.520679], [2.0276817, 41.5248147], [2.0276612, 41.5248898], [2.0269235, 41.5260987], [2.0268586, 41.5261739], [2.0260219, 41.527557], [2.0256224, 41.5276219], [2.0254858, 41.5277824], [2.023447, 41.5281034], [2.0226376, 41.5308833], [2.0212067, 41.5330314], [2.0206363, 41.5344657], [2.020066, 41.537471], [2.0192771, 41.5387892], [2.0179179, 41.5400972], [2.0163606, 41.5412959], [2.0144038, 41.5444549], [2.0120679, 41.5471323], [2.0109716, 41.5482251], [2.0091889, 41.5506259], [2.0073209, 41.5564009], [2.0074814, 41.5568619], [2.0081473, 41.5570634], [2.0110228, 41.5568858], [2.0177062, 41.5581187], [2.0201275, 41.5572581], [2.0216882, 41.5575996], [2.0220877, 41.5580094], [2.0245056, 41.5587505], [2.0257829, 41.5589622], [2.0276475, 41.5588324], [2.0411986, 41.5569541], [2.0502691, 41.555834], [2.053148, 41.5540854], [2.0563719, 41.5538771], [2.0579872, 41.5534263], [2.0596504, 41.553358], [2.0612077, 41.5535288], [2.0625635, 41.5533546], [2.0609242, 41.552815], [2.0624644, 41.549779], [2.0637656, 41.5481363], [2.0633148, 41.5477641], [2.0657531, 41.5445949], [2.0661527, 41.5439016], [2.0663815, 41.5425014], [2.0655175, 41.5425117], [2.0652785, 41.541593], [2.0644076, 41.5414701], [2.0640763, 41.5404695], [2.0629357, 41.5398342], [2.0626147, 41.5389976], [2.0607808, 41.5389224], [2.0596743, 41.5400221], [2.0579531, 41.5409749], [2.0555591, 41.5409476], [2.0537423, 41.5405548], [2.0528168, 41.5382087], [2.0520928, 41.5378467], [2.0512936, 41.5361733], [2.0518127, 41.5348106], [2.0515771, 41.5342403], [2.0498593, 41.5335197], [2.0500369, 41.5323313], [2.0546302, 41.5304257], [2.0569285, 41.5255216], [2.05518, 41.5257538], [2.0542511, 41.5254157], [2.0518913, 41.5255216], [2.0510682, 41.5251698], [2.0493607, 41.5257162], [2.0469872, 41.5255489], [2.0451704, 41.5246029], [2.044081, 41.5245995], [2.0429471, 41.5240565], [2.0417484, 41.5240531], [2.0407922, 41.5245449], [2.0408264, 41.5253577], [2.0390369, 41.5276048], [2.0367692, 41.5256104], [2.0363594, 41.526751], [2.0331322, 41.5280966], [2.0323808, 41.5250332], [2.0318925, 41.5222636], [2.0328248, 41.5222363], [2.0357959, 41.5216215], [2.0369946, 41.5211742], [2.0359599, 41.5200745], [2.0355501, 41.5182816]]]}}, {"type": "Feature", "properties": {"Index": 1148}, "geometry": {"type": "Polygon", "coordinates": [[[2.0099949, 41.461714], [2.0031306, 41.4616627], [2.0037282, 41.462899], [2.005808, 41.4630151], [2.0061358, 41.4686261], [2.0031101, 41.4731887], [1.9983802, 41.4728369], [1.9970346, 41.4752616], [1.9963516, 41.4842707], [1.9952827, 41.4857733], [1.991328, 41.4866646], [1.988333, 41.4942701], [1.9862634, 41.5125545], [1.9854438, 41.5146445], [1.981554, 41.5156246], [1.978839, 41.5231686], [1.9821414, 41.525122], [1.9865366, 41.5235716], [1.9848837, 41.5279122], [1.9861029, 41.5352409], [1.9914544, 41.5407256], [1.9971917, 41.5421394], [2.0018362, 41.5357088], [2.0066242, 41.5325738], [2.0175354, 41.5315902], [2.020469, 41.5284791], [2.0260219, 41.527557], [2.0309158, 41.5194735], [2.0347475, 41.5168029], [2.0334942, 41.5126808], [2.0348602, 41.5134595], [2.0348192, 41.5122574], [2.0386271, 41.5130941], [2.043176, 41.5123086], [2.0439956, 41.5092862], [2.0497944, 41.5096072], [2.0515566, 41.5122369], [2.0549068, 41.5097507], [2.0562319, 41.50276], [2.054275, 41.5028693], [2.0527041, 41.5003728], [2.0481278, 41.4860533], [2.0439273, 41.4851313], [2.041786, 41.4807053], [2.0402629, 41.4808112], [2.0384904, 41.477601], [2.0394945, 41.4767916], [2.0339962, 41.4702517], [2.0280778, 41.4666488], [2.0206807, 41.4689642], [2.0180887, 41.4687456], [2.0148068, 41.4655525], [2.0144653, 41.4631927], [2.0099949, 41.461714]]]}}, {"type": "Feature", "properties": {"Index": 1018}, "geometry": {"type": "Polygon", "coordinates": [[[2.0355535, 41.3969638], [2.0221458, 41.3894574], [2.012826, 41.4072295], [2.0097388, 41.4109383], [2.0027788, 41.408739], [1.998387, 41.4057884], [1.992875, 41.4088927], [1.9910582, 41.4093606], [1.9889716, 41.4083429], [1.9877285, 41.4115018], [1.9834938, 41.4111467], [1.9819228, 41.4126732], [1.9840607, 41.4135782], [1.9832103, 41.4146335], [1.9776471, 41.4133528], [1.9785658, 41.4144217], [1.9759771, 41.4143705], [1.9762196, 41.4158014], [1.9734978, 41.4151184], [1.9735797, 41.4177514], [1.9701749, 41.4169796], [1.9703661, 41.4177754], [1.9685459, 41.4163478], [1.9666847, 41.4164025], [1.9673813, 41.4173997], [1.9658446, 41.4177822], [1.9632559, 41.4170821], [1.9642121, 41.4186257], [1.9557564, 41.4164435], [1.9556129, 41.4175295], [1.9528604, 41.41783], [1.9475806, 41.4166894], [1.9453164, 41.4175602], [1.9456409, 41.4202376], [1.9558725, 41.4196878], [1.9641814, 41.4223072], [1.968966, 41.4277748], [1.9717527, 41.4279216], [1.9745155, 41.4321358], [1.9830088, 41.4346288], [1.986318, 41.4344137], [1.9905152, 41.439813], [1.9952314, 41.4358071], [1.9963106, 41.4518956], [2.0013001, 41.456062], [2.000016, 41.4600337], [2.0106813, 41.4565162], [2.0121601, 41.4580018], [2.0158962, 41.4588111], [2.0231259, 41.4577046], [2.0246696, 41.4530601], [2.0236963, 41.4508608], [2.027429, 41.4468105], [2.03123, 41.4458679], [2.0313631, 41.4430812], [2.0331117, 41.4417049], [2.0376264, 41.4422274], [2.0408537, 41.4442014], [2.0551561, 41.4454649], [2.0615184, 41.4449902], [2.0644964, 41.4422104], [2.0621468, 41.4375317], [2.060067, 41.4378732], [2.0597289, 41.436193], [2.0576081, 41.4361315], [2.0577994, 41.4263609], [2.0524514, 41.4240796], [2.0563138, 41.4215695], [2.0572086, 41.4184994], [2.0549239, 41.4141793], [2.0533529, 41.4149306], [2.0488553, 41.4135372], [2.0481791, 41.4114335], [2.0493983, 41.4117306], [2.0497671, 41.4106173], [2.0415743, 41.4081414], [2.0393511, 41.4042926], [2.0335727, 41.399648], [2.0355535, 41.3969638]]]}}, {"type": "Feature", "properties": {"Index": 10183}, "geometry": {"type": "Polygon", "coordinates": [[[2.0652375, 41.4607953], [2.0639295, 41.460587], [2.0625532, 41.461591], [2.0606851, 41.4624824], [2.0608764, 41.4628648], [2.0593054, 41.463343], [2.0586122, 41.4628683], [2.0574476, 41.4630732], [2.0568568, 41.4644324], [2.0562694, 41.4646885], [2.054176, 41.4641523], [2.0529841, 41.464627], [2.0483328, 41.4644324], [2.0473834, 41.4652418], [2.0465637, 41.4650027], [2.0460754, 41.4655457], [2.0447367, 41.4657506], [2.0442449, 41.4662492], [2.0432818, 41.4662834], [2.0406624, 41.467465], [2.0401297, 41.4665873], [2.0387705, 41.4657335], [2.0374591, 41.4658838], [2.0365404, 41.4649583], [2.0356388, 41.4649344], [2.034587, 41.4642548], [2.0336888, 41.4651495], [2.0311753, 41.4658394], [2.0288394, 41.4661433], [2.0279139, 41.4667], [2.0280778, 41.4666488], [2.0286242, 41.46698], [2.0291467, 41.4671884], [2.0319642, 41.4686022], [2.0339962, 41.4702517], [2.0359018, 41.4725193], [2.036035, 41.472632], [2.036035, 41.4726764], [2.0373464, 41.4742337], [2.038207, 41.474401], [2.0405839, 41.4756305], [2.0443473, 41.4784377], [2.0452387, 41.4794656], [2.0476839, 41.482768], [2.0485786, 41.482406], [2.0560031, 41.4802784], [2.0568671, 41.480094], [2.0629801, 41.4793734], [2.0691034, 41.4781713], [2.0690897, 41.4761359], [2.067891, 41.4739912], [2.0678944, 41.4734346], [2.0697317, 41.4701151], [2.069981, 41.4694013], [2.0703396, 41.4643743], [2.0696737, 41.4636059], [2.0678773, 41.4631415], [2.0665011, 41.4620281], [2.0663405, 41.4613212], [2.0652375, 41.4607953]]]}}, {"type": "Feature", "properties": {"Index": 10184}, "geometry": {"type": "Polygon", "coordinates": [[[2.079919, 41.4152004], [2.0787647, 41.4150501], [2.0770161, 41.415921], [2.0755681, 41.415979], [2.0740791, 41.4169352], [2.0740348, 41.4169967], [2.0740279, 41.4169694], [2.0739323, 41.4174543], [2.0711934, 41.4185403], [2.0704967, 41.4194146], [2.0698888, 41.424206], [2.0699435, 41.4250666], [2.0671772, 41.4262858], [2.0668187, 41.4273991], [2.0677988, 41.4291408], [2.0677885, 41.429554], [2.0647286, 41.4299775], [2.0636187, 41.4323134], [2.0634719, 41.4334916], [2.0616209, 41.433717], [2.0599577, 41.4346186], [2.0597289, 41.436193], [2.060067, 41.4378732], [2.0621468, 41.4375317], [2.0644964, 41.4422104], [2.0635607, 41.4437369], [2.0615184, 41.4449902], [2.0586395, 41.4452054], [2.0551561, 41.4454649], [2.0472911, 41.4447717], [2.0469121, 41.444898], [2.0408537, 41.4442014], [2.0383846, 41.4426919], [2.0376264, 41.4422274], [2.0331117, 41.4417083], [2.0313631, 41.4430812], [2.0312948, 41.4445463], [2.03123, 41.4458679], [2.030021, 41.4461684], [2.027429, 41.4468105], [2.0236963, 41.4508608], [2.0246696, 41.4530601], [2.0235016, 41.4565708], [2.0239558, 41.4571446], [2.0231259, 41.4577046], [2.0210257, 41.4580257], [2.0201377, 41.4585618], [2.019284, 41.458292], [2.0158962, 41.4588111], [2.0121601, 41.4580018], [2.0106813, 41.4565162], [2.0098207, 41.4567996], [2.000016, 41.4600337], [2.0031306, 41.4616627], [2.0066208, 41.4615842], [2.0099949, 41.461714], [2.0135534, 41.4628922], [2.0144653, 41.4631927], [2.0150766, 41.4639372], [2.0148068, 41.4655525], [2.0180887, 41.4687456], [2.0206807, 41.4689642], [2.0216131, 41.4686705], [2.0279139, 41.4667], [2.0288394, 41.4661433], [2.0311753, 41.4658394], [2.0336888, 41.4651495], [2.034587, 41.4642548], [2.0356388, 41.4649344], [2.0365404, 41.4649583], [2.0374591, 41.4658838], [2.0387705, 41.4657335], [2.0401297, 41.4665873], [2.0406624, 41.467465], [2.0432818, 41.4662834], [2.0442449, 41.4662492], [2.0447367, 41.4657506], [2.0460754, 41.4655457], [2.0465637, 41.4650027], [2.0473834, 41.4652418], [2.0483328, 41.4644324], [2.0529841, 41.464627], [2.054176, 41.4641523], [2.0562694, 41.4646885], [2.0568568, 41.4644324], [2.0574476, 41.4630732], [2.0586122, 41.4628683], [2.0593054, 41.463343], [2.0608764, 41.4628648], [2.0606851, 41.4624824], [2.0625532, 41.461591], [2.0639295, 41.460587], [2.0652375, 41.4607953], [2.0663405, 41.4613212], [2.0664225, 41.4616866], [2.0665011, 41.4620281], [2.0678773, 41.4631415], [2.0696737, 41.4636059], [2.0703396, 41.4643743], [2.069981, 41.4694013], [2.0697317, 41.4701151], [2.0678944, 41.4734346], [2.067891, 41.4739912], [2.0690897, 41.4761359], [2.0691034, 41.4781713], [2.0629801, 41.4793734], [2.0568671, 41.480094], [2.0560031, 41.4802784], [2.0485786, 41.482406], [2.0476839, 41.482768], [2.0452387, 41.4794656], [2.0443473, 41.4784377], [2.0405839, 41.4756305], [2.038207, 41.474401], [2.0373464, 41.4742337], [2.0394945, 41.4767916], [2.039194, 41.4770341], [2.0384904, 41.477601], [2.0402458, 41.4807838], [2.0402629, 41.4808112], [2.0416836, 41.4807121], [2.041786, 41.4807053], [2.0418372, 41.4808078], [2.043859, 41.4849912], [2.0443473, 41.4852235], [2.0481278, 41.4860533], [2.0498456, 41.4888674], [2.0497056, 41.4909916], [2.0515156, 41.4966572], [2.0526836, 41.4982794], [2.0527041, 41.5003728], [2.0535818, 41.5017662], [2.054275, 41.5028693], [2.0562319, 41.50276], [2.0555352, 41.5072099], [2.0553269, 41.5075275], [2.0549068, 41.5097507], [2.0515566, 41.5122369], [2.0532129, 41.5138215], [2.0570856, 41.516154], [2.0584073, 41.5185343], [2.0644896, 41.5198389], [2.0649096, 41.5192651], [2.0648379, 41.5129643], [2.0680276, 41.5096585], [2.0727473, 41.5069059], [2.073946, 41.5070425], [2.0754588, 41.5067966], [2.0749432, 41.4993585], [2.0747144, 41.4989965], [2.0748134, 41.4974734], [2.0790071, 41.495397], [2.0828013, 41.4888093], [2.0910897, 41.4828192], [2.0914073, 41.4824743], [2.0924285, 41.4818528], [2.0975204, 41.4781747], [2.1026464, 41.4736292], [2.1049618, 41.4727959], [2.1049277, 41.471727], [2.1070519, 41.4678509], [2.1123043, 41.466017], [2.1177889, 41.4660136], [2.1165322, 41.463162], [2.1162487, 41.4600064], [2.1183285, 41.4564752], [2.1188101, 41.456284], [2.1201727, 41.455741], [2.1195648, 41.4534836], [2.1201146, 41.4502802], [2.1221534, 41.448238], [2.1235809, 41.4475242], [2.1249197, 41.4464382], [2.1302096, 41.4431017], [2.1295437, 41.4417288], [2.1299091, 41.4408751], [2.1294173, 41.440233], [2.129431, 41.4382147], [2.1288641, 41.4365686], [2.1292807, 41.4357968], [2.1283518, 41.4341644], [2.1282835, 41.4335531], [2.1274229, 41.4328291], [2.1266272, 41.4315928], [2.1231131, 41.4286798], [2.1219246, 41.4264941], [2.1211562, 41.4258042], [2.1196365, 41.4256506], [2.1159687, 41.4267502], [2.1148383, 41.4279592], [2.1124477, 41.4285978], [2.111109, 41.4282904], [2.1084043, 41.4287207], [2.1066489, 41.4286217], [2.1054058, 41.4288027], [2.1032202, 41.4280753], [2.102059, 41.4286388], [2.1010994, 41.4297453], [2.0994738, 41.4301858], [2.0987191, 41.4308927], [2.0986986, 41.4318011], [2.0958299, 41.4329862], [2.0946756, 41.432713], [2.0922714, 41.429595], [2.0910897, 41.4291681], [2.0905365, 41.4286012], [2.0892729, 41.4291715], [2.0883133, 41.4281709], [2.0874868, 41.4287685], [2.0858305, 41.4289051], [2.083901, 41.4299877], [2.0836619, 41.4309201], [2.082651, 41.4307664], [2.082593, 41.4318251], [2.0815138, 41.4317465], [2.0808479, 41.4306366], [2.0801785, 41.4309064], [2.0799668, 41.4318797], [2.077887, 41.4321188], [2.0769342, 41.4327574], [2.075172, 41.4330579], [2.07523, 41.4343864], [2.0748134, 41.4353836], [2.0728361, 41.4350831], [2.0726072, 41.4353255], [2.0732322, 41.4371628], [2.0717296, 41.4363022], [2.0709919, 41.4349977], [2.0709475, 41.4343693], [2.0714939, 41.4328871], [2.0731298, 41.4306708], [2.0754179, 41.4295882], [2.0765927, 41.4286695], [2.0749363, 41.4282016], [2.0731741, 41.4274093], [2.072638, 41.4250939], [2.0745778, 41.4248139], [2.0770981, 41.4250495], [2.0801409, 41.4242231], [2.0798507, 41.4229936], [2.0780714, 41.422536], [2.0754725, 41.4221774], [2.0772347, 41.4210197], [2.0769581, 41.4199303], [2.0776172, 41.4187213], [2.0791301, 41.4189262], [2.0786281, 41.418011], [2.0791506, 41.4169216], [2.0801375, 41.4157229], [2.079919, 41.4152004]]]}}, {"type": "Feature", "properties": {"Index": 1124}, "geometry": {"type": "Polygon", "coordinates": [[[2.1347039, 41.4475925], [2.1302096, 41.4431017], [2.1201146, 41.4502802], [2.1201727, 41.455741], [2.1183285, 41.4564752], [2.1162487, 41.4600064], [2.1177889, 41.4660136], [2.1123043, 41.466017], [2.1070519, 41.4678509], [2.1049618, 41.4727959], [2.0828013, 41.4888093], [2.0790071, 41.495397], [2.0748134, 41.4974734], [2.0754588, 41.5067966], [2.0887675, 41.5110962], [2.0905843, 41.5095287], [2.0999622, 41.51014], [2.1051189, 41.5067078], [2.1075949, 41.5075479], [2.1107538, 41.5048125], [2.1206337, 41.5026575], [2.1257734, 41.5065371], [2.1349703, 41.5066054], [2.1415239, 41.4988224], [2.1495869, 41.4941232], [2.1481286, 41.4932763], [2.153043, 41.4894548], [2.1603991, 41.4845507], [2.1546412, 41.4752207], [2.1575543, 41.4718021], [2.1562839, 41.4669527], [2.1590262, 41.4682983], [2.1599756, 41.4641421], [2.1575167, 41.4586609], [2.1587018, 41.4535587], [2.154368, 41.4493718], [2.1523429, 41.447374], [2.1486614, 41.44679], [2.1347039, 41.4475925]]]}}, {"type": "Feature", "properties": {"Index": 10182}, "geometry": {"type": "Polygon", "coordinates": [[[2.1629467, 41.4275801], [2.1583398, 41.4255925], [2.1577524, 41.4284748], [2.1569806, 41.4289974], [2.1566015, 41.4294721], [2.1539309, 41.4314699], [2.1534664, 41.4322895], [2.1524282, 41.4331467], [2.1525819, 41.4339356], [2.1535108, 41.4356021], [2.1523121, 41.4357217], [2.1519775, 41.4362476], [2.1527663, 41.4367496], [2.1517555, 41.4373302], [2.1504304, 41.437115], [2.148576, 41.4361247], [2.1480945, 41.4374736], [2.1461308, 41.4387031], [2.145359, 41.4393997], [2.1429445, 41.4404584], [2.1411448, 41.4396661], [2.1384298, 41.4407897], [2.1378014, 41.4404106], [2.1369442, 41.4409604], [2.1370501, 41.4418176], [2.136309, 41.4427363], [2.1349976, 41.4436379], [2.1328495, 41.4447239], [2.1328768, 41.4454342], [2.1336623, 41.4458474], [2.1347073, 41.4475925], [2.1347107, 41.4475925], [2.136169, 41.4473842], [2.1364627, 41.4474901], [2.1413668, 41.4472101], [2.1415341, 41.4470871], [2.1418927, 41.4471793], [2.1486614, 41.44679], [2.1516701, 41.4472681], [2.1519296, 41.4472681], [2.1520662, 41.4473296], [2.1523429, 41.447374], [2.1524966, 41.4475277], [2.1528005, 41.4476643], [2.1530737, 41.448098], [2.154368, 41.4493718], [2.1543714, 41.4493718], [2.1565673, 41.4498977], [2.1577285, 41.4497065], [2.1591252, 41.4504612], [2.1594907, 41.449768], [2.1583534, 41.4481082], [2.1576124, 41.4475242], [2.1572299, 41.4460284], [2.1562361, 41.4455025], [2.1575885, 41.4449493], [2.1590638, 41.4425041], [2.1627931, 41.4412166], [2.1619256, 41.4407521], [2.1615295, 41.4399291], [2.1619939, 41.4389968], [2.163681, 41.4378868], [2.1633566, 41.4368555], [2.1642684, 41.4362818], [2.1631482, 41.4330818], [2.1631585, 41.4321529], [2.1638278, 41.4310806], [2.1661774, 41.4296018], [2.163739, 41.4280241], [2.1629467, 41.4275801]]]}}, {"type": "Feature", "properties": {"Index": 10181}, "geometry": {"type": "Polygon", "coordinates": [[[2.1278805, 41.418332], [2.1288914, 41.4174475], [2.1215626, 41.4205621], [2.1214055, 41.4213783], [2.1204698, 41.4226692], [2.1205279, 41.4241274], [2.1213338, 41.4254627], [2.1211562, 41.4258042], [2.1219246, 41.4264941], [2.1231131, 41.4286798], [2.1266272, 41.4315928], [2.1274229, 41.4328291], [2.1282835, 41.4335531], [2.1283518, 41.4341644], [2.1292807, 41.4357968], [2.1288641, 41.4365686], [2.129431, 41.4382147], [2.1294173, 41.440233], [2.1299091, 41.4408751], [2.1295437, 41.4417288], [2.1302096, 41.4431017], [2.1309746, 41.4438667], [2.1322587, 41.4441706], [2.1328495, 41.4447239], [2.1349976, 41.4436379], [2.136309, 41.4427363], [2.1370501, 41.4418176], [2.1369442, 41.4409604], [2.1378014, 41.4404106], [2.1384298, 41.4407897], [2.1411448, 41.4396661], [2.1429445, 41.4404584], [2.145359, 41.4393997], [2.1461308, 41.4387031], [2.1480945, 41.4374736], [2.148576, 41.4361247], [2.1504304, 41.437115], [2.1517555, 41.4373302], [2.1527663, 41.4367496], [2.1519775, 41.4362476], [2.1523121, 41.4357217], [2.1535108, 41.4356021], [2.1525819, 41.4339356], [2.1524282, 41.4331467], [2.1534664, 41.4322895], [2.1539309, 41.4314699], [2.1566015, 41.4294721], [2.1569806, 41.4289974], [2.1549691, 41.4282494], [2.151793, 41.4264599], [2.1517623, 41.4252715], [2.1509188, 41.4223789], [2.1495254, 41.4206816], [2.1493137, 41.4216276], [2.1479067, 41.4216037], [2.1448228, 41.4207909], [2.1440408, 41.4201693], [2.1421215, 41.4214978], [2.140373, 41.4210607], [2.140011, 41.4202411], [2.1380644, 41.4207943], [2.1376989, 41.4212929], [2.1384366, 41.4218803], [2.1376785, 41.4232429], [2.1364149, 41.4235537], [2.1358719, 41.4245919], [2.1346527, 41.4236117], [2.1343078, 41.4225565], [2.1350386, 41.4218735], [2.1331193, 41.4218017], [2.1313913, 41.4213851], [2.1321972, 41.4200464], [2.1311385, 41.4193907], [2.1301106, 41.4200908], [2.1292705, 41.4195307], [2.1288539, 41.4199132], [2.1275834, 41.4195], [2.1281674, 41.418735], [2.1278805, 41.418332]]]}}, {"type": "Feature", "properties": {"Index": 10128}, "geometry": {"type": "Polygon", "coordinates": [[[2.1506729, 41.4079604], [2.1490678, 41.4068334], [2.1475856, 41.4080628], [2.1459498, 41.4101051], [2.1453317, 41.4111227], [2.1445155, 41.4113994], [2.1419098, 41.4116179], [2.1406872, 41.4118638], [2.1378697, 41.4140256], [2.1360563, 41.4153711], [2.1362783, 41.4159756], [2.1342019, 41.4177958], [2.1321392, 41.4185677], [2.1305238, 41.4183149], [2.1300628, 41.4191141], [2.1292705, 41.4195307], [2.1301106, 41.4200908], [2.1311385, 41.4193907], [2.1321972, 41.4200464], [2.1313913, 41.4213851], [2.1331193, 41.4218017], [2.1350386, 41.4218735], [2.1343078, 41.4225565], [2.1346527, 41.4236117], [2.1358719, 41.4245919], [2.1364149, 41.4235537], [2.1376785, 41.4232429], [2.1384366, 41.4218803], [2.1376989, 41.4212929], [2.1380644, 41.4207943], [2.140011, 41.4202411], [2.140373, 41.4210607], [2.1421215, 41.4214978], [2.1440408, 41.4201693], [2.1448228, 41.4207909], [2.1479067, 41.4216037], [2.1493137, 41.4216276], [2.1495254, 41.4206816], [2.1493922, 41.4203606], [2.1517452, 41.4201454], [2.1516086, 41.4191585], [2.1509359, 41.4180042], [2.1519296, 41.4169079], [2.1529439, 41.4166245], [2.1550306, 41.4149818], [2.1555838, 41.4150979], [2.156663, 41.4156546], [2.1575919, 41.4164913], [2.1581929, 41.4154053], [2.1596204, 41.4141212], [2.1613929, 41.4137011], [2.1620178, 41.4126425], [2.1581929, 41.4105968], [2.1542212, 41.408558], [2.1537533, 41.409043], [2.1506729, 41.4079604]]]}}, {"type": "Feature", "properties": {"Index": 1069}, "geometry": {"type": "Polygon", "coordinates": [[[2.0466389, 41.3752267], [2.0361545, 41.3705822], [2.0272821, 41.3799839], [2.0271182, 41.3832761], [2.0221458, 41.389454], [2.0355535, 41.3969638], [2.0335727, 41.399648], [2.0393511, 41.4042926], [2.0415743, 41.4081414], [2.0497671, 41.4106173], [2.0493983, 41.4117306], [2.0481791, 41.4114335], [2.0488553, 41.4135372], [2.0533529, 41.4149306], [2.0549239, 41.4141793], [2.0569149, 41.4105797], [2.0591279, 41.4108974], [2.0588786, 41.4125195], [2.0642027, 41.4140768], [2.0642232, 41.4178437], [2.0711934, 41.4185403], [2.0739323, 41.4174543], [2.0704045, 41.4141895], [2.0705001, 41.412178], [2.0755681, 41.415979], [2.0787647, 41.4150501], [2.0774942, 41.4134792], [2.0785017, 41.4124102], [2.0766268, 41.4108291], [2.0724706, 41.4109827], [2.0717569, 41.4074788], [2.0694244, 41.4068675], [2.0721565, 41.4038725], [2.0781909, 41.4029641], [2.0767634, 41.4001227], [2.0701791, 41.396933], [2.0657327, 41.3966496], [2.0639534, 41.394539], [2.0598314, 41.3928759], [2.0610711, 41.3903829], [2.0576355, 41.3882211], [2.0577857, 41.384888], [2.059425, 41.3830165], [2.0559621, 41.3811519], [2.0566212, 41.3801786], [2.0525333, 41.3792975], [2.0466389, 41.3752267]]]}}, {"type": "Feature", "properties": {"Index": 1079}, "geometry": {"type": "Polygon", "coordinates": [[[2.076719, 41.3757014], [2.0753018, 41.3733108], [2.0728326, 41.3753223], [2.0674573, 41.3770264], [2.0650872, 41.3792702], [2.0595411, 41.3793043], [2.0587932, 41.3778529], [2.0525333, 41.3792975], [2.0566212, 41.3801786], [2.0559621, 41.3811519], [2.059425, 41.3830165], [2.0577857, 41.384888], [2.0576355, 41.3882211], [2.0610711, 41.3903829], [2.0598314, 41.3928759], [2.0639534, 41.394539], [2.0657327, 41.3966496], [2.0701791, 41.396933], [2.0767634, 41.4001227], [2.0781909, 41.4029641], [2.0853865, 41.4096133], [2.0914278, 41.4081482], [2.0954884, 41.4077896], [2.097797, 41.4091078], [2.1005803, 41.4083565], [2.1019566, 41.404979], [2.1036505, 41.4041764], [2.1021615, 41.3995831], [2.0979336, 41.3940302], [2.0927153, 41.3932481], [2.0900515, 41.3902429], [2.0851099, 41.3886412], [2.0827774, 41.3829209], [2.0801922, 41.380964], [2.0801034, 41.3775455], [2.076719, 41.3757014]]]}}, {"type": "Feature", "properties": {"Index": 10190}, "geometry": {"type": "MultiPolygon", "coordinates": [[[[2.1225564, 41.3907176], [2.1209138, 41.3900824], [2.1205005, 41.3908439], [2.119558, 41.3914825], [2.1175362, 41.392186], [2.1183319, 41.3931013], [2.1184446, 41.3940814], [2.1178846, 41.3950581], [2.1158116, 41.3957719], [2.1131512, 41.3972472], [2.1111432, 41.3959153], [2.1098386, 41.3961612], [2.1086536, 41.3984527], [2.106526, 41.4001296], [2.1033294, 41.4011165], [2.1029162, 41.401096], [2.1038178, 41.4037359], [2.10363, 41.4041081], [2.1036505, 41.4041764], [2.1035753, 41.4042106], [2.103408, 41.4045419], [2.1019566, 41.404979], [2.101335, 41.4072637], [2.1005803, 41.4083565], [2.097797, 41.4091078], [2.0977048, 41.4090532], [2.0975272, 41.4090976], [2.0970491, 41.408681], [2.0954884, 41.4077896], [2.0924899, 41.4082233], [2.0915132, 41.4081414], [2.0914278, 41.4081482], [2.0875927, 41.4090771], [2.0863803, 41.4096269], [2.0856939, 41.4095381], [2.0853865, 41.4096133], [2.0852431, 41.4094801], [2.0850314, 41.4094528], [2.083136, 41.4079501], [2.082593, 41.4071612], [2.0804141, 41.4058737], [2.0802468, 41.4048629], [2.0781909, 41.4029641], [2.073765, 41.40363], [2.0736625, 41.4037052], [2.0721565, 41.4038725], [2.072153, 41.4038759], [2.0707358, 41.4054537], [2.0706675, 41.4055049], [2.0696498, 41.4066182], [2.069701, 41.4069393], [2.0703943, 41.4071203], [2.0713744, 41.4072125], [2.0715964, 41.4074379], [2.0717569, 41.4074788], [2.0717876, 41.4076291], [2.0718969, 41.4077384], [2.0718423, 41.4078955], [2.0724706, 41.4109827], [2.0737547, 41.4105832], [2.0746529, 41.4109008], [2.0766268, 41.4108291], [2.0776991, 41.4117341], [2.0785017, 41.4124102], [2.0774942, 41.4134792], [2.0782626, 41.4144286], [2.0787647, 41.4150501], [2.079919, 41.4152004], [2.0801375, 41.4157229], [2.0791506, 41.4169216], [2.0786281, 41.418011], [2.0791301, 41.4189262], [2.0776172, 41.4187213], [2.0769581, 41.4199303], [2.0772347, 41.4210197], [2.0754725, 41.4221774], [2.0780714, 41.422536], [2.0798507, 41.4229936], [2.0801409, 41.4242231], [2.0770981, 41.4250495], [2.0745778, 41.4248139], [2.072638, 41.4250939], [2.0731741, 41.4274093], [2.0749363, 41.4282016], [2.0765927, 41.4286695], [2.0754179, 41.4295882], [2.0731298, 41.4306708], [2.0714939, 41.4328871], [2.0709475, 41.4343693], [2.0709919, 41.4349977], [2.0717296, 41.4363022], [2.0732322, 41.4371628], [2.0726072, 41.4353255], [2.0728361, 41.4350831], [2.0748134, 41.4353836], [2.07523, 41.4343864], [2.075172, 41.4330579], [2.0769342, 41.4327574], [2.077887, 41.4321188], [2.0799668, 41.4318797], [2.0801785, 41.4309064], [2.0808479, 41.4306366], [2.0815138, 41.4317465], [2.082593, 41.4318251], [2.082651, 41.4307664], [2.0836619, 41.4309201], [2.083901, 41.4299877], [2.0858305, 41.4289051], [2.0874868, 41.4287685], [2.0883133, 41.4281709], [2.0892729, 41.4291715], [2.0905365, 41.4286012], [2.0910897, 41.4291681], [2.0922714, 41.429595], [2.0946756, 41.432713], [2.0958299, 41.4329862], [2.0986986, 41.4318011], [2.0987191, 41.4308927], [2.0994738, 41.4301858], [2.1010994, 41.4297453], [2.102059, 41.4286388], [2.1032202, 41.4280753], [2.1054058, 41.4288027], [2.1066489, 41.4286217], [2.1084043, 41.4287207], [2.111109, 41.4282904], [2.1124477, 41.4285978], [2.1148383, 41.4279592], [2.1159687, 41.4267502], [2.1196365, 41.4256506], [2.1211562, 41.4258042], [2.1213338, 41.4254627], [2.1205279, 41.4241274], [2.1204698, 41.4226692], [2.1214055, 41.4213783], [2.1215626, 41.4205621], [2.1288914, 41.4174475], [2.1282938, 41.4166006], [2.1267604, 41.416744], [2.1262959, 41.4160029], [2.1251212, 41.4149511], [2.1254251, 41.4139744], [2.1241888, 41.4136226], [2.1231882, 41.4140631], [2.1232155, 41.4153199], [2.1224027, 41.4151731], [2.1221739, 41.4160951], [2.1215285, 41.4169113], [2.1209479, 41.4160234], [2.1200156, 41.4159483], [2.1202888, 41.4150228], [2.1188237, 41.4147803], [2.1196229, 41.4131172], [2.1194726, 41.4124478], [2.1202683, 41.4114608], [2.1219519, 41.4099684], [2.1218871, 41.4089371], [2.1226179, 41.4077247], [2.1218256, 41.4070349], [2.1227579, 41.4058977], [2.123639, 41.4040467], [2.1245747, 41.4031792], [2.1252099, 41.4020284], [2.1228774, 41.4007238], [2.1240112, 41.3996924], [2.1261149, 41.3981454], [2.1281674, 41.3977766], [2.1262515, 41.396513], [2.1259852, 41.3956148], [2.1299467, 41.3925412], [2.1295744, 41.3925071], [2.1225564, 41.3907176]]], [[[2.0581307, 41.4107539], [2.0569149, 41.4105797], [2.0549239, 41.4141793], [2.056891, 41.4164127], [2.0572086, 41.4184994], [2.0571813, 41.4185916], [2.0563138, 41.4215729], [2.0524548, 41.4240796], [2.0543092, 41.4248719], [2.0544287, 41.4249231], [2.0568807, 41.4257633], [2.0577994, 41.4263609], [2.0582946, 41.4286354], [2.0582843, 41.4296394], [2.0576491, 41.4339868], [2.0576116, 41.4360154], [2.0576081, 41.4361315], [2.0597289, 41.436193], [2.0599577, 41.4346186], [2.0616209, 41.433717], [2.0634719, 41.4334916], [2.0636187, 41.4323134], [2.0647286, 41.4299775], [2.0677885, 41.429554], [2.0677988, 41.4291408], [2.0668187, 41.4273991], [2.0671772, 41.4262858], [2.0699435, 41.4250666], [2.0698888, 41.424206], [2.0704967, 41.4194146], [2.0711934, 41.4185403], [2.0686935, 41.418291], [2.064995, 41.4181339], [2.0642232, 41.4178437], [2.0642027, 41.4140768], [2.0588786, 41.4125195], [2.0591279, 41.4108974], [2.0581307, 41.4107539]]], [[[2.0711388, 41.4126561], [2.0706948, 41.4126356], [2.0704045, 41.4141895], [2.0715315, 41.4152345], [2.0728805, 41.415839], [2.0739323, 41.4174543], [2.0740279, 41.4169694], [2.0740928, 41.4169182], [2.0740791, 41.4169352], [2.0755681, 41.415979], [2.0740211, 41.4150125], [2.073601, 41.4145037], [2.0711388, 41.4126561]]]]}}, {"type": "Feature", "properties": {"Index": 10192}, "geometry": {"type": "Polygon", "coordinates": [[[2.1511544, 41.4014717], [2.1511749, 41.400536], [2.150106, 41.400956], [2.1476198, 41.4011609], [2.144898, 41.4026875], [2.1433304, 41.4031656], [2.1419815, 41.4039579], [2.1406837, 41.4044257], [2.1394987, 41.4051941], [2.1372516, 41.4094733], [2.1371355, 41.410228], [2.137979, 41.4106583], [2.1383, 41.4114233], [2.1376887, 41.4138582], [2.1378697, 41.4140256], [2.1406872, 41.4118638], [2.1419098, 41.4116179], [2.1445155, 41.4113994], [2.1453317, 41.4111227], [2.1459498, 41.4101051], [2.1475856, 41.4080628], [2.1490678, 41.4068334], [2.1499386, 41.4061231], [2.1503587, 41.4043506], [2.1499728, 41.4030426], [2.1511544, 41.4014717]]]}}, {"type": "Feature", "properties": {"Index": 10191}, "geometry": {"type": "Polygon", "coordinates": [[[2.1547061, 41.3953484], [2.1495698, 41.3940609], [2.1452361, 41.3973599], [2.1379243, 41.4028172], [2.1406837, 41.4044257], [2.1419815, 41.4039579], [2.1433304, 41.4031656], [2.144898, 41.4026875], [2.1476198, 41.4011609], [2.150106, 41.400956], [2.1511749, 41.400536], [2.1549657, 41.396735], [2.1556658, 41.3955909], [2.1547061, 41.3953484]]]}}, {"type": "Feature", "properties": {"Index": 10186}, "geometry": {"type": "Polygon", "coordinates": [[[2.1357728, 41.3922885], [2.1364354, 41.391585], [2.1299467, 41.3925412], [2.1259852, 41.3956148], [2.1262515, 41.396513], [2.1281674, 41.3977766], [2.1261149, 41.3981454], [2.1240112, 41.3996924], [2.1228774, 41.4007238], [2.1252099, 41.4020284], [2.1300047, 41.4047058], [2.1341609, 41.3993338], [2.1329895, 41.3979849], [2.1329759, 41.3969023], [2.1345707, 41.395106], [2.1357728, 41.3922885]]]}}, {"type": "Feature", "properties": {"Index": 10198}, "geometry": {"type": "Polygon", "coordinates": [[[2.1382112, 41.3828219], [2.1335564, 41.3811416], [2.131784, 41.384806], [2.1337852, 41.3861004], [2.138925, 41.3890544], [2.1370911, 41.3908029], [2.1383273, 41.3912537], [2.1440203, 41.3926129], [2.1443823, 41.3923841], [2.1436241, 41.3904956], [2.1430436, 41.3882314], [2.1426303, 41.385472], [2.1402466, 41.3838976], [2.1382112, 41.3828219]]]}}, {"type": "Feature", "properties": {"Index": 10200}, "geometry": {"type": "Polygon", "coordinates": [[[2.1066352, 41.3829755], [2.1023459, 41.3819442], [2.1016799, 41.3835732], [2.1026157, 41.38372], [2.1035924, 41.3847104], [2.102643, 41.3856837], [2.1009969, 41.3869712], [2.1020419, 41.3873434], [2.1020317, 41.3873503], [2.1021239, 41.3873844], [2.1000919, 41.3898945], [2.0999178, 41.3905946], [2.0999007, 41.3919128], [2.0991733, 41.3927666], [2.0983878, 41.3931594], [2.0979336, 41.3940302], [2.1021615, 41.3995831], [2.1024142, 41.4003618], [2.1029162, 41.401096], [2.1033294, 41.4011165], [2.106526, 41.4001296], [2.1086536, 41.3984527], [2.1098386, 41.3961612], [2.1111432, 41.3959153], [2.1131512, 41.3972472], [2.1158116, 41.3957719], [2.1178846, 41.3950581], [2.1184446, 41.3940814], [2.1183319, 41.3931013], [2.1175362, 41.392186], [2.119558, 41.3914825], [2.1205005, 41.3908439], [2.1209138, 41.3900824], [2.1225564, 41.3907176], [2.1295744, 41.3925071], [2.1289392, 41.3917182], [2.1276312, 41.3889827], [2.1269243, 41.3882075], [2.1208011, 41.3866604], [2.1131854, 41.3847992], [2.1066352, 41.3829755]]]}}, {"type": "Feature", "properties": {"Index": 10199}, "geometry": {"type": "Polygon", "coordinates": [[[2.1032236, 41.3690351], [2.0990264, 41.3686321], [2.0986405, 41.3701006], [2.1012838, 41.3739153], [2.1003754, 41.3764595], [2.1008159, 41.3769342], [2.10224, 41.377689], [2.1018268, 41.378997], [2.101779, 41.379557], [2.1029777, 41.3804006], [2.1047569, 41.3794307], [2.10572, 41.3794238], [2.1077895, 41.3781603], [2.1086502, 41.3779485], [2.1092546, 41.3771187], [2.1095995, 41.3759746], [2.1095381, 41.3746598], [2.1086945, 41.3745232], [2.1065157, 41.3733484], [2.1047194, 41.3714872], [2.1048457, 41.3711252], [2.1036026, 41.3701997], [2.1032236, 41.3690351]]]}}, {"type": "Feature", "properties": {"Index": 10194}, "geometry": {"type": "Polygon", "coordinates": [[[2.1062084, 41.3652239], [2.1043301, 41.3647833], [2.1032236, 41.3690351], [2.1036026, 41.3701997], [2.1048457, 41.3711252], [2.1047194, 41.3714872], [2.1065157, 41.3733484], [2.1086945, 41.3745232], [2.1095381, 41.3746598], [2.1113515, 41.3744685], [2.1166278, 41.3693561], [2.1166449, 41.3691649], [2.1167508, 41.3679218], [2.1155282, 41.3678535], [2.1108187, 41.3662587], [2.1081174, 41.3654629], [2.1062084, 41.3652239]]]}}, {"type": "Feature", "properties": {"Index": 10193}, "geometry": {"type": "Polygon", "coordinates": [[[2.1220476, 41.3729283], [2.1166278, 41.3693561], [2.1113515, 41.3744685], [2.1095381, 41.3746598], [2.1095995, 41.3759746], [2.1178504, 41.3758277], [2.1214431, 41.3779724], [2.1217539, 41.3756911], [2.123458, 41.3747213], [2.1238542, 41.374209], [2.1220476, 41.3729283]]]}}, {"type": "Feature", "properties": {"Index": 10196}, "geometry": {"type": "Polygon", "coordinates": [[[2.1197082, 41.3681574], [2.1189569, 41.3676486], [2.1167508, 41.3679218], [2.1166449, 41.3691649], [2.1166278, 41.3693561], [2.1220476, 41.3729283], [2.1238542, 41.374209], [2.1242742, 41.3736148], [2.1271497, 41.3718014], [2.1288743, 41.3709783], [2.1299569, 41.3701143], [2.1306946, 41.3693732], [2.1282186, 41.3681267], [2.1262174, 41.3682531], [2.1226042, 41.3680652], [2.1197082, 41.3681574]]]}}, {"type": "Feature", "properties": {"Index": 10208}, "geometry": {"type": "Polygon", "coordinates": [[[2.1404925, 41.3764903], [2.1404515, 41.3753052], [2.1361417, 41.3753872], [2.1359948, 41.3760087], [2.1335564, 41.3811416], [2.1382112, 41.3828219], [2.1402466, 41.3838976], [2.1426303, 41.385472], [2.1423264, 41.3808411], [2.1425484, 41.3806533], [2.1429787, 41.3802844], [2.1421625, 41.3796868], [2.141838, 41.3784164], [2.1418244, 41.3769513], [2.1404925, 41.3764903]]]}}, {"type": "Feature", "properties": {"Index": 10207}, "geometry": {"type": "Polygon", "coordinates": [[[2.1504202, 41.3759985], [2.1498191, 41.375295], [2.1490712, 41.3756775], [2.1429787, 41.3802844], [2.1425484, 41.3806533], [2.1443755, 41.3809367], [2.1486443, 41.3828082], [2.1544466, 41.3852432], [2.1585754, 41.3821286], [2.1504202, 41.3759985]]]}}, {"type": "Feature", "properties": {"Index": 10202}, "geometry": {"type": "Polygon", "coordinates": [[[2.1467694, 41.3732459], [2.1423469, 41.3698923], [2.1424664, 41.3726995], [2.1414556, 41.37286], [2.1411379, 41.3738026], [2.1410457, 41.3748579], [2.1404515, 41.3753052], [2.1404925, 41.3764903], [2.1418244, 41.3769513], [2.141838, 41.3784164], [2.1421625, 41.3796868], [2.1429787, 41.3802844], [2.1490712, 41.3756775], [2.1485385, 41.37467], [2.1472407, 41.3736865], [2.1467694, 41.3732459]]]}}, {"type": "Feature", "properties": {"Index": 10206}, "geometry": {"type": "Polygon", "coordinates": [[[2.1394816, 41.3677579], [2.1339253, 41.3635402], [2.1327334, 41.3655039], [2.1316781, 41.3677954], [2.1306946, 41.3693732], [2.1299569, 41.3701143], [2.1288743, 41.3709783], [2.1271497, 41.3718014], [2.1242742, 41.3736148], [2.1238542, 41.374209], [2.123458, 41.3747213], [2.1217539, 41.3756911], [2.122816, 41.3756843], [2.1269687, 41.3782251], [2.1291407, 41.3794341], [2.1291441, 41.3794341], [2.1304419, 41.3755136], [2.1317669, 41.3718731], [2.1316918, 41.3716716], [2.1319889, 41.3708349], [2.1336213, 41.3711798], [2.1353289, 41.371091], [2.1380575, 41.3719789], [2.1378629, 41.3723409], [2.1404105, 41.3731947], [2.1411379, 41.3738026], [2.1414556, 41.37286], [2.1424664, 41.3726995], [2.1423469, 41.3698923], [2.1394816, 41.3677579]]]}}, {"type": "Feature", "properties": {"Index": 10204}, "geometry": {"type": "Polygon", "coordinates": [[[2.1263916, 41.344928], [2.1154633, 41.3412909], [2.1141758, 41.3424725], [2.1139026, 41.3464511], [2.1140392, 41.3473083], [2.1153301, 41.3502043], [2.1189774, 41.3527349], [2.1219246, 41.3548932], [2.1251758, 41.357335], [2.1268492, 41.3583766], [2.1261832, 41.359466], [2.1254422, 41.3591382], [2.1240522, 41.3614126], [2.127037, 41.3626216], [2.1307287, 41.36506], [2.1327334, 41.3655039], [2.1339253, 41.3635402], [2.1358275, 41.3619386], [2.1334574, 41.360091], [2.1331398, 41.3570481], [2.1328393, 41.3560612], [2.1320128, 41.3556138], [2.1337511, 41.3530935], [2.1345844, 41.3523695], [2.1375009, 41.3490022], [2.1360324, 41.3484797], [2.1348542, 41.3490944], [2.1337067, 41.3486026], [2.1334472, 41.3478615], [2.1325763, 41.3478308], [2.1304077, 41.3464067], [2.1286933, 41.3461369], [2.1282699, 41.3466697], [2.1269107, 41.3458842], [2.1272624, 41.3453583], [2.1263916, 41.344928]]]}}, {"type": "Feature", "properties": {"Index": 10203}, "geometry": {"type": "Polygon", "coordinates": [[[2.1189774, 41.3527349], [2.1153301, 41.3502043], [2.1153403, 41.3521167], [2.1158833, 41.3565564], [2.1159926, 41.3594865], [2.1159755, 41.3594831], [2.116177, 41.3628675], [2.1165015, 41.3649029], [2.1168737, 41.3660367], [2.1176489, 41.3668324], [2.1189569, 41.3676486], [2.1197082, 41.3681574], [2.1226042, 41.3680652], [2.1262174, 41.3682531], [2.1282186, 41.3681267], [2.1306946, 41.3693732], [2.1316781, 41.3677954], [2.1327334, 41.3655039], [2.1307287, 41.36506], [2.127037, 41.3626216], [2.1240522, 41.3614126], [2.1254422, 41.3591382], [2.1261832, 41.359466], [2.1268492, 41.3583766], [2.1251758, 41.357335], [2.1219246, 41.3548932], [2.1189774, 41.3527349]]]}}, {"type": "Feature", "properties": {"Index": 10211}, "geometry": {"type": "Polygon", "coordinates": [[[2.116177, 41.3628675], [2.1072841, 41.359647], [2.1063074, 41.3610745], [2.1043301, 41.3647833], [2.1062084, 41.3652239], [2.1081174, 41.3654629], [2.1108187, 41.3662587], [2.1155282, 41.3678535], [2.1167508, 41.3679218], [2.1189569, 41.3676486], [2.1176489, 41.3668324], [2.1168737, 41.3660367], [2.1165015, 41.3649029], [2.116177, 41.3628675]]]}}, {"type": "Feature", "properties": {"Index": 10210}, "geometry": {"type": "Polygon", "coordinates": [[[2.1026088, 41.3369537], [2.1009969, 41.3361204], [2.0923772, 41.3407479], [2.094942, 41.3425374], [2.0885899, 41.3458979], [2.0899696, 41.3463794], [2.0915747, 41.3477488], [2.0951161, 41.3496852], [2.0974896, 41.3509112], [2.0998699, 41.3519665], [2.0969227, 41.3563549], [2.0970183, 41.3567818], [2.0955977, 41.3591177], [2.0936852, 41.3585781], [2.0922475, 41.3602481], [2.0905604, 41.3615561], [2.0905092, 41.3616073], [2.0892866, 41.3628948], [2.0891192, 41.3633831], [2.0876951, 41.3639671], [2.0863735, 41.3666172], [2.0872887, 41.3669758], [2.0869541, 41.3678979], [2.0874219, 41.3689293], [2.0924968, 41.3688883], [2.0925309, 41.3688883], [2.0927631, 41.3679184], [2.094399, 41.3669758], [2.0954406, 41.3675017], [2.0968373, 41.3680652], [2.0977082, 41.3682906], [2.0990196, 41.3684307], [2.0989752, 41.3686185], [2.0990264, 41.3686321], [2.1032236, 41.3690351], [2.1043301, 41.3647833], [2.1063074, 41.3610745], [2.1072841, 41.359647], [2.116177, 41.3628675], [2.1159755, 41.3594831], [2.1159926, 41.3594865], [2.1158833, 41.3565564], [2.1153403, 41.3521167], [2.1153301, 41.3502043], [2.1140392, 41.3473083], [2.1139026, 41.3464511], [2.1141758, 41.3424725], [2.1154633, 41.3412909], [2.1075505, 41.3386579], [2.1026088, 41.3369537]]]}}, {"type": "Feature", "properties": {"Index": 10213}, "geometry": {"type": "Polygon", "coordinates": [[[2.0923772, 41.3407479], [2.0921177, 41.340584], [2.0894949, 41.341711], [2.087702, 41.3428038], [2.0865135, 41.3437703], [2.0859364, 41.3450099], [2.0805098, 41.3467311], [2.0789764, 41.3475747], [2.0756638, 41.354702], [2.0745709, 41.3556036], [2.0726448, 41.35657], [2.0728702, 41.3567988], [2.0747075, 41.3565051], [2.0771459, 41.356512], [2.0788091, 41.3567852], [2.0814592, 41.3577175], [2.0872443, 41.3604393], [2.0905604, 41.3615561], [2.0922475, 41.3602481], [2.0936852, 41.3585781], [2.0955977, 41.3591177], [2.0970183, 41.3567818], [2.0969227, 41.3563549], [2.0998699, 41.3519665], [2.0974896, 41.3509112], [2.0951161, 41.3496852], [2.0915747, 41.3477488], [2.0899696, 41.3463794], [2.0885899, 41.3458979], [2.094942, 41.3425374], [2.0923772, 41.3407479]]]}}, {"type": "Feature", "properties": {"Index": 10209}, "geometry": {"type": "Polygon", "coordinates": [[[2.0872443, 41.3604393], [2.0814592, 41.3577175], [2.0807522, 41.3585986], [2.0804585, 41.3599066], [2.079574, 41.3599749], [2.0796697, 41.36172], [2.0794682, 41.3625533], [2.0795809, 41.3643462], [2.0786793, 41.366146], [2.0812372, 41.3666958], [2.0823812, 41.3669553], [2.0833614, 41.3659991], [2.0848845, 41.3662962], [2.0853046, 41.3659103], [2.0863735, 41.3666172], [2.0876951, 41.3639671], [2.0891192, 41.3633831], [2.0892866, 41.3628948], [2.0905092, 41.3616073], [2.0905604, 41.3615561], [2.0872443, 41.3604393]]]}}, {"type": "Feature", "properties": {"Index": 937}, "geometry": {"type": "Polygon", "coordinates": [[[2.0863735, 41.3666172], [2.0833614, 41.3659991], [2.0815104, 41.3678603], [2.0804381, 41.3673686], [2.0791437, 41.3696737], [2.0753018, 41.3733108], [2.076719, 41.3757014], [2.0801034, 41.3775455], [2.0801922, 41.380964], [2.0827774, 41.3829209], [2.0851099, 41.3886412], [2.0900515, 41.3902429], [2.0927153, 41.3932481], [2.0979336, 41.3940302], [2.1000851, 41.3899014], [2.1021239, 41.3873844], [2.1009969, 41.3869712], [2.1035924, 41.3847104], [2.1016799, 41.3835732], [2.1029777, 41.3804006], [2.1016731, 41.3794819], [2.10224, 41.377689], [2.0999485, 41.3764732], [2.1012838, 41.3739153], [2.0986405, 41.3701006], [2.0990196, 41.3684307], [2.095082, 41.3680106], [2.094399, 41.3669758], [2.0925309, 41.3688883], [2.0874219, 41.3689293], [2.0863735, 41.3666172]]]}}, {"type": "Feature", "properties": {"Index": 1075}, "geometry": {"type": "Polygon", "coordinates": [[[2.0575159, 41.3542136], [2.0495588, 41.3474483], [2.0460583, 41.3488587], [2.0457851, 41.353032], [2.0399555, 41.350013], [2.0362126, 41.3539985], [2.0363014, 41.3560134], [2.0489441, 41.3603642], [2.0486469, 41.3616756], [2.0437087, 41.3667573], [2.0379816, 41.3687107], [2.0361545, 41.3705822], [2.0466389, 41.3752267], [2.0525333, 41.3792975], [2.0587932, 41.3778529], [2.0595411, 41.3793043], [2.0650872, 41.3792702], [2.0674573, 41.3770264], [2.0728326, 41.3753223], [2.0753018, 41.3733108], [2.0791437, 41.3696737], [2.0651453, 41.3625225], [2.0611564, 41.3649233], [2.0587385, 41.3634344], [2.0600841, 41.3622323], [2.0582741, 41.3610472], [2.0590835, 41.3592782], [2.0548351, 41.3563515], [2.0575159, 41.3542136]]]}}, {"type": "Feature", "properties": {"Index": 10212}, "geometry": {"type": "Polygon", "coordinates": [[[2.0562319, 41.3512971], [2.0537798, 41.3510376], [2.0575159, 41.3542136], [2.0561738, 41.3552825], [2.0548351, 41.3563515], [2.0574511, 41.3581546], [2.0590835, 41.3592782], [2.0582741, 41.3610472], [2.05894, 41.3614843], [2.0600841, 41.3622323], [2.0589127, 41.3632807], [2.0587385, 41.3634344], [2.0603334, 41.3644179], [2.0611564, 41.3649233], [2.0634343, 41.3634617], [2.0651453, 41.3625225], [2.0700528, 41.3650292], [2.0724399, 41.3660128], [2.0730512, 41.3658044], [2.0739323, 41.3667231], [2.0768829, 41.3685194], [2.0791437, 41.3696737], [2.0804381, 41.3673686], [2.0805371, 41.367413], [2.0807078, 41.3671261], [2.0815104, 41.3678603], [2.0823812, 41.3669553], [2.0812372, 41.3666958], [2.0786793, 41.366146], [2.0795809, 41.3643462], [2.0794682, 41.3625533], [2.0796697, 41.36172], [2.079574, 41.3599749], [2.0804585, 41.3599066], [2.0807522, 41.3585986], [2.0814592, 41.3577175], [2.0788091, 41.3567852], [2.0771459, 41.356512], [2.0747075, 41.3565051], [2.0728702, 41.3567988], [2.0726448, 41.35657], [2.0708587, 41.3574067], [2.0688677, 41.356734], [2.0678056, 41.3567408], [2.0579394, 41.3528749], [2.056669, 41.3520075], [2.0562319, 41.3512971]]]}}, {"type": "Feature", "properties": {"Index": 1121}, "geometry": {"type": "Polygon", "coordinates": [[[2.0026183, 41.377911], [2.0002619, 41.3716647], [1.9949241, 41.3756331], [1.9907679, 41.3759848], [1.9892653, 41.3767806], [1.9861746, 41.3755921], [1.9801231, 41.3777709], [1.9791395, 41.3802196], [1.982179, 41.3805747], [1.9812671, 41.3814866], [1.9835177, 41.3868175], [1.9895863, 41.3940883], [1.9950573, 41.3958778], [1.9957232, 41.4017278], [1.9915363, 41.4045316], [1.9893404, 41.4077896], [1.9889716, 41.4083429], [1.9910582, 41.4093606], [1.992875, 41.4088927], [1.998387, 41.4057884], [2.0027788, 41.408739], [2.0097388, 41.4109383], [2.012826, 41.4072295], [2.0221458, 41.3894574], [2.0271182, 41.3832761], [2.0157493, 41.3796868], [2.0026183, 41.377911]]]}}, {"type": "Feature", "properties": {"Index": 1171}, "geometry": {"type": "Polygon", "coordinates": [[[1.9808539, 41.3685673], [1.9650557, 41.3646604], [1.9542264, 41.3677715], [1.9507533, 41.3697352], [1.950784, 41.3748647], [1.948793, 41.3780817], [1.9489296, 41.3850553], [1.9411159, 41.3962842], [1.9378613, 41.3978585], [1.9334285, 41.3986713], [1.9277082, 41.3963764], [1.9276023, 41.3935897], [1.9246756, 41.3926607], [1.9224694, 41.3898843], [1.917538, 41.3882416], [1.9162335, 41.3893242], [1.9005719, 41.3907585], [1.8786709, 41.3888495], [1.8767823, 41.389495], [1.8750748, 41.3949591], [1.8759183, 41.3988865], [1.8779708, 41.4040945], [1.8828748, 41.4055152], [1.8854464, 41.4081141], [1.8926557, 41.4069358], [1.9002133, 41.408377], [1.9051993, 41.4045624], [1.9089969, 41.4044975], [1.9206185, 41.4068197], [1.9222816, 41.409241], [1.9236852, 41.4078682], [1.9274794, 41.4115462], [1.933548, 41.4148862], [1.9369938, 41.4151013], [1.9357268, 41.4171436], [1.9399103, 41.418998], [1.9453164, 41.4175602], [1.9475806, 41.4166894], [1.9528604, 41.41783], [1.9556129, 41.4175295], [1.9557564, 41.4164435], [1.9642121, 41.4186257], [1.9632559, 41.4170821], [1.9658446, 41.4177822], [1.9673813, 41.4173997], [1.9666847, 41.4164025], [1.9685459, 41.4163478], [1.9703661, 41.4177754], [1.9701749, 41.4169796], [1.9735797, 41.4177514], [1.9734978, 41.4151184], [1.9762196, 41.4158014], [1.9759771, 41.4143705], [1.9785658, 41.4144217], [1.9776471, 41.4133528], [1.9832103, 41.4146335], [1.9840607, 41.4135782], [1.9819228, 41.4126732], [1.9834938, 41.4111467], [1.9877285, 41.4115018], [1.9889716, 41.4083429], [1.9893404, 41.4077896], [1.9915363, 41.4045316], [1.9957232, 41.4017278], [1.9950573, 41.3958778], [1.9895863, 41.3940883], [1.9835177, 41.3868175], [1.9812671, 41.3814866], [1.982179, 41.3805747], [1.9791395, 41.3802196], [1.9801231, 41.3777709], [1.9861746, 41.3755921], [1.9892653, 41.3767806], [1.9907679, 41.3759848], [1.9871582, 41.3728395], [1.9823326, 41.3724366], [1.9808539, 41.3685673]]]}}, {"type": "Feature", "properties": {"Index": 1062}, "geometry": {"type": "Polygon", "coordinates": [[[1.9907406, 41.3189596], [1.9884593, 41.3141443], [1.9835552, 41.3156094], [1.9811066, 41.3182356], [1.9754615, 41.3197041], [1.9654894, 41.3211009], [1.9643931, 41.3224088], [1.9586455, 41.3207833], [1.9574229, 41.3226206], [1.9560262, 41.3223098], [1.9554114, 41.3233173], [1.9616645, 41.3268929], [1.9615176, 41.3286994], [1.9586933, 41.3300723], [1.9595061, 41.3333508], [1.9495409, 41.3349149], [1.9472186, 41.3365849], [1.9443056, 41.3368888], [1.9453062, 41.3417519], [1.9445344, 41.3500028], [1.9476421, 41.3522021], [1.9455726, 41.3542273], [1.9490355, 41.3622459], [1.9514568, 41.3634344], [1.9542264, 41.3677715], [1.9650557, 41.3646604], [1.9808539, 41.3685673], [1.9823326, 41.3724366], [1.9871582, 41.3728395], [1.9907679, 41.3759848], [1.9949241, 41.3756331], [2.0002619, 41.3716647], [2.0034755, 41.3694552], [2.0006614, 41.3649507], [1.9983904, 41.3639603], [1.9995242, 41.3603369], [1.9984724, 41.35643], [1.9995379, 41.3561397], [1.9997086, 41.3524514], [2.0056577, 41.3473117], [2.0059685, 41.3438761], [2.0114258, 41.3377938], [2.0099744, 41.3369298], [2.0083454, 41.330827], [2.004582, 41.3265957], [1.9977859, 41.3230304], [1.9894668, 41.3212136], [1.9907406, 41.3189596]]]}}, {"type": "Feature", "properties": {"Index": 1102}, "geometry": {"type": "Polygon", "coordinates": [[[2.0681369, 41.2880564], [2.0705582, 41.2852663], [2.0667128, 41.2883262], [2.0592337, 41.2916149], [2.0562626, 41.2976631], [2.0527655, 41.2987559], [2.0508053, 41.3045684], [2.049149, 41.3053846], [2.0474585, 41.3089978], [2.0295531, 41.3247482], [2.0161352, 41.3370664], [2.0114258, 41.3377938], [2.0059685, 41.3438761], [2.0056577, 41.3473117], [1.9997086, 41.3524514], [1.9995379, 41.3561397], [1.9984724, 41.35643], [1.9995242, 41.3603369], [1.9983904, 41.3639603], [2.0006614, 41.3649507], [2.0034755, 41.3694552], [2.0002619, 41.3716647], [2.0026183, 41.377911], [2.0157493, 41.3796868], [2.0271182, 41.3832761], [2.0272821, 41.3799839], [2.0361545, 41.3705822], [2.0379816, 41.3687107], [2.0437087, 41.3667573], [2.0486469, 41.3616756], [2.0489441, 41.3603642], [2.0363014, 41.3560134], [2.0362126, 41.3539985], [2.0399555, 41.350013], [2.0457851, 41.353032], [2.0460583, 41.3488587], [2.0495588, 41.3474483], [2.0579804, 41.349552], [2.0697488, 41.3450646], [2.0723682, 41.3387979], [2.0771732, 41.3424042], [2.0790208, 41.3397097], [2.0714359, 41.3349593], [2.0725321, 41.3318686], [2.0676998, 41.3291741], [2.0730956, 41.323768], [2.0704079, 41.3223918], [2.0708895, 41.3196699], [2.0630621, 41.3160533], [2.0673787, 41.3078435], [2.0587659, 41.3056032], [2.0598758, 41.3030145], [2.0577584, 41.3024783], [2.0623722, 41.2917584], [2.0681369, 41.2880564]]]}}, {"type": "Feature", "properties": {"Index": 1159}, "geometry": {"type": "Polygon", "coordinates": [[[2.0748407, 41.2772715], [2.0465262, 41.270677], [2.0230167, 41.2928751], [2.0245295, 41.2954569], [2.0207593, 41.2999887], [2.0119074, 41.306334], [2.0070579, 41.3066618], [2.0023861, 41.3116649], [1.9884593, 41.3141443], [1.9907406, 41.3189596], [1.9894668, 41.3212136], [1.9977859, 41.3230304], [2.004582, 41.3265957], [2.0083454, 41.330827], [2.0099744, 41.3369298], [2.0114258, 41.3377938], [2.0161352, 41.3370664], [2.0295531, 41.3247482], [2.0474585, 41.3089978], [2.049149, 41.3053846], [2.0508053, 41.3045684], [2.0527655, 41.2987559], [2.0562626, 41.2976631], [2.0592337, 41.2916149], [2.0667128, 41.2883262], [2.0705582, 41.2852663], [2.0709441, 41.2817931], [2.0748407, 41.2772715]]]}}, {"type": "Feature", "properties": {"Index": 949}, "geometry": {"type": "Polygon", "coordinates": [[[2.0268518, 41.2668692], [2.0031818, 41.2647245], [1.9879641, 41.2912529], [1.9853926, 41.2910036], [1.9842622, 41.2921784], [1.9783062, 41.2965873], [1.9713838, 41.2932781], [1.9637238, 41.2922433], [1.9539942, 41.2837295], [1.9501829, 41.2835177], [1.9479631, 41.2808676], [1.9430146, 41.2802597], [1.9359659, 41.2835075], [1.9292347, 41.2868201], [1.9248566, 41.2909968], [1.9152192, 41.2888624], [1.9296787, 41.2941319], [1.9315331, 41.3019456], [1.9458219, 41.3175116], [1.9554114, 41.3233173], [1.9560262, 41.3223098], [1.9574229, 41.3226206], [1.9586455, 41.3207833], [1.9643931, 41.3224088], [1.9654894, 41.3211009], [1.9754615, 41.3197041], [1.9811066, 41.3182356], [1.9835552, 41.3156094], [1.9884593, 41.3141443], [2.0023861, 41.3116649], [2.0070579, 41.3066618], [2.0119074, 41.306334], [2.0207593, 41.2999887], [2.0245295, 41.2954569], [2.0230167, 41.2928751], [2.0465262, 41.270677], [2.0268518, 41.2668692]]]}}, {"type": "Feature", "properties": {"Index": 10215}, "geometry": {"type": "Polygon", "coordinates": [[[1.9612513, 41.264581], [1.9446915, 41.2638024], [1.9430556, 41.266292], [1.9397976, 41.269287], [1.9401221, 41.2704379], [1.9375983, 41.2747853], [1.9436635, 41.2792147], [1.9430146, 41.2802597], [1.9448827, 41.2798807], [1.9479631, 41.2808676], [1.9501829, 41.2835177], [1.9527101, 41.2833265], [1.9539942, 41.2837295], [1.9551792, 41.2847677], [1.9611215, 41.2812535], [1.9628598, 41.2813013], [1.9709638, 41.2764861], [1.9737642, 41.2748195], [1.972101, 41.2729651], [1.9692289, 41.2710834], [1.9710389, 41.2675214], [1.9717219, 41.2643556], [1.9612513, 41.264581]]]}}, {"type": "Feature", "properties": {"Index": 10217}, "geometry": {"type": "Polygon", "coordinates": [[[1.9999443, 41.2645059], [1.9795971, 41.2641849], [1.9717219, 41.2643556], [1.9710389, 41.2675214], [1.9692289, 41.2710834], [1.972101, 41.2729651], [1.9737642, 41.2748195], [1.9709638, 41.2764861], [1.9628598, 41.2813013], [1.9611215, 41.2812535], [1.9551792, 41.2847677], [1.9579557, 41.2871958], [1.9597828, 41.2878378], [1.9609507, 41.2898152], [1.9637238, 41.2922433], [1.9713838, 41.2932781], [1.9754854, 41.2952383], [1.9783062, 41.2965873], [1.9830396, 41.2930834], [1.9842622, 41.2921784], [1.9853926, 41.2910036], [1.9879641, 41.2912529], [1.9901703, 41.2874075], [1.9896922, 41.2870216], [1.9999409, 41.2694544], [2.0008937, 41.2687133], [2.0008834, 41.2671902], [2.0014981, 41.2662613], [2.0021709, 41.2662203], [2.0022768, 41.2646835], [2.0031818, 41.2647245], [1.9999443, 41.2645059]]]}}, {"type": "Feature", "properties": {"Index": 10214}, "geometry": {"type": "Polygon", "coordinates": [[[2.1056585, 41.286301], [2.0918035, 41.2822439], [2.0901779, 41.2850853], [2.0887606, 41.2882306], [2.0899115, 41.2887087], [2.0945731, 41.2914203], [2.0999485, 41.2943675], [2.1001534, 41.2948217], [2.0985381, 41.297325], [2.0984595, 41.2986603], [2.1010789, 41.3027789], [2.101096, 41.3036531], [2.0981282, 41.3073312], [2.0966598, 41.3096261], [2.0952732, 41.3111493], [2.0942931, 41.3119143], [2.0924387, 41.3129456], [2.0928622, 41.3147932], [2.0935315, 41.3194138], [2.0937774, 41.3217019], [2.0947371, 41.3219751], [2.0941702, 41.3228767], [2.0928997, 41.3260903], [2.0927119, 41.3267221], [2.0926197, 41.3291024], [2.0937467, 41.3320326], [2.0936715, 41.3324868], [2.0923875, 41.3342626], [2.0910624, 41.3338289], [2.0900891, 41.336117], [2.0870053, 41.3354886], [2.0870531, 41.3371313], [2.086674, 41.3385691], [2.0856871, 41.3397268], [2.0846318, 41.3401605], [2.0835424, 41.3411714], [2.0774874, 41.3419466], [2.0771732, 41.3424042], [2.0758277, 41.3413933], [2.0730512, 41.3400717], [2.0734678, 41.3396243], [2.0723682, 41.3387979], [2.0697488, 41.3450646], [2.0712002, 41.3450304], [2.0726004, 41.3454505], [2.0759779, 41.3481757], [2.0766029, 41.3484523], [2.0778631, 41.3483397], [2.0789764, 41.3475747], [2.0805098, 41.3467311], [2.0859364, 41.3450099], [2.0865135, 41.3437703], [2.087702, 41.3428038], [2.0894949, 41.341711], [2.0921177, 41.340584], [2.0923772, 41.3407479], [2.1009969, 41.3361204], [2.1048662, 41.3339928], [2.1055561, 41.3333781], [2.1083291, 41.33109], [2.1107129, 41.3282418], [2.112861, 41.3256771], [2.1191721, 41.3228289], [2.1313366, 41.3208072], [2.139608, 41.3211589], [2.1471963, 41.3200456], [2.1491907, 41.3203256], [2.1506763, 41.3209643], [2.1458371, 41.314479], [2.1385425, 41.3056783], [2.1198039, 41.2920657], [2.1056585, 41.286301]]]}}, {"type": "Feature", "properties": {"Index": 10216}, "geometry": {"type": "Polygon", "coordinates": [[[2.0918035, 41.2822439], [2.0748407, 41.2772715], [2.0709441, 41.2817931], [2.0705582, 41.2852663], [2.0681369, 41.2880564], [2.0623722, 41.2917584], [2.0611701, 41.2945519], [2.0577584, 41.3024783], [2.0598758, 41.3030145], [2.0587659, 41.3056032], [2.0637109, 41.3065799], [2.0666308, 41.3076488], [2.0673787, 41.3078435], [2.0673446, 41.3079118], [2.067348, 41.3079118], [2.0738572, 41.3091446], [2.077525, 41.3101043], [2.0779314, 41.3109307], [2.0785188, 41.3135569], [2.0785939, 41.3148717], [2.0783548, 41.316248], [2.0793145, 41.3165724], [2.0842322, 41.3194719], [2.0863667, 41.3195026], [2.0913937, 41.319325], [2.0935315, 41.3194138], [2.0928622, 41.3147932], [2.0924387, 41.3129456], [2.0942931, 41.3119143], [2.0952732, 41.3111493], [2.0966598, 41.3096261], [2.0981282, 41.3073312], [2.101096, 41.3036531], [2.1010789, 41.3027789], [2.0984595, 41.2986603], [2.0985381, 41.297325], [2.1001534, 41.2948217], [2.0999485, 41.2943675], [2.0945731, 41.2914203], [2.0899115, 41.2887087], [2.0887606, 41.2882306], [2.0901779, 41.2850853], [2.0918035, 41.2822439]]]}}, {"type": "Feature", "properties": {"Index": 10221}, "geometry": {"type": "Polygon", "coordinates": [[[2.0738572, 41.3091446], [2.067348, 41.3079118], [2.0644144, 41.3143834], [2.0630621, 41.3160533], [2.0708895, 41.3196699], [2.070565, 41.3215073], [2.0707699, 41.3216643], [2.0704079, 41.3223918], [2.0718388, 41.323126], [2.0730956, 41.323768], [2.0685194, 41.3283545], [2.0676998, 41.3291741], [2.0725321, 41.3318686], [2.0718525, 41.3337811], [2.0723784, 41.3340441], [2.0714359, 41.3349593], [2.0725936, 41.3351403], [2.0741304, 41.3362878], [2.073905, 41.3365029], [2.0790208, 41.3397097], [2.0790037, 41.3397336], [2.0774874, 41.3419466], [2.0835424, 41.3411714], [2.0846318, 41.3401605], [2.0856871, 41.3397268], [2.086674, 41.3385691], [2.0870531, 41.3371313], [2.0870053, 41.3354886], [2.0900891, 41.336117], [2.0910624, 41.3338289], [2.0923875, 41.3342626], [2.0936715, 41.3324868], [2.0937467, 41.3320326], [2.0926197, 41.3291024], [2.0927119, 41.3267221], [2.0928997, 41.3260903], [2.0941702, 41.3228767], [2.0947371, 41.3219751], [2.0937774, 41.3217019], [2.0935315, 41.3194138], [2.0913937, 41.319325], [2.0863667, 41.3195026], [2.0842322, 41.3194719], [2.0793145, 41.3165724], [2.0783548, 41.316248], [2.0785939, 41.3148717], [2.0785188, 41.3135569], [2.0779314, 41.3109307], [2.077525, 41.3101043], [2.0738572, 41.3091446]]]}}, {"type": "Feature", "properties": {"Index": 10220}, "geometry": {"type": "Polygon", "coordinates": [[[2.0726004, 41.3454505], [2.0712002, 41.3450304], [2.0697488, 41.3450646], [2.0688028, 41.3455017], [2.0673241, 41.3459901], [2.0631679, 41.3475747], [2.0616004, 41.348927], [2.0579804, 41.349552], [2.0495588, 41.3474483], [2.0537798, 41.3510376], [2.0562319, 41.3512971], [2.056669, 41.3520075], [2.0579394, 41.3528749], [2.0678056, 41.3567408], [2.0688677, 41.356734], [2.0708587, 41.3574067], [2.0726448, 41.35657], [2.0745709, 41.3556036], [2.0756638, 41.354702], [2.0789764, 41.3475747], [2.0778631, 41.3483397], [2.0766029, 41.3484523], [2.0759779, 41.3481757], [2.0726004, 41.3454505]]]}}, {"type": "Feature", "properties": {"Index": 10201}, "geometry": {"type": "Polygon", "coordinates": [[[2.1731886, 41.3170881], [2.1723451, 41.3169242], [2.1691895, 41.3263362], [2.1712181, 41.3351164], [2.169835, 41.3352803], [2.1703951, 41.3378656], [2.1697906, 41.3379373], [2.172147, 41.3487734], [2.1723929, 41.3493539], [2.1821532, 41.3644623], [2.180374, 41.3651112], [2.1791992, 41.3641003], [2.1759958, 41.3652649], [2.1733662, 41.3618156], [2.176771, 41.3605589], [2.1754562, 41.3585303], [2.1709586, 41.36019], [2.1699682, 41.3586567], [2.173134, 41.3565325], [2.1674444, 41.3478718], [2.1675093, 41.3484387], [2.1633156, 41.3512698], [2.162554, 41.3518948], [2.1615056, 41.3511503], [2.1659452, 41.345891], [2.1654124, 41.3456349], [2.1617412, 41.3499823], [2.160423, 41.3493505], [2.160423, 41.3487324], [2.1615739, 41.3473663], [2.1533264, 41.3426535], [2.1529064, 41.3427184], [2.1531522, 41.3444225], [2.1529405, 41.3455529], [2.1508812, 41.3457476], [2.149621, 41.336619], [2.1456732, 41.3365029], [2.144355, 41.3347681], [2.1473568, 41.3337162], [2.1459225, 41.3313905], [2.1459806, 41.3310115], [2.1485146, 41.3301235], [2.1557238, 41.3418339], [2.1592277, 41.3434219], [2.1606996, 41.3428482], [2.1666111, 41.3418851], [2.1657847, 41.3400034], [2.1649651, 41.3401366], [2.1591799, 41.3269816], [2.1588452, 41.3277774], [2.1546412, 41.3278047], [2.1538284, 41.3271422], [2.152418, 41.3231431], [2.1510281, 41.3209438], [2.1506763, 41.3209643], [2.1491907, 41.3203256], [2.1471963, 41.3200456], [2.139608, 41.3211589], [2.1313366, 41.3208072], [2.1191721, 41.3228289], [2.112861, 41.3256771], [2.1107129, 41.3282418], [2.1083291, 41.33109], [2.1055561, 41.3333781], [2.1048662, 41.3339928], [2.1009969, 41.3361204], [2.1026088, 41.3369537], [2.1075505, 41.3386579], [2.1154633, 41.3412909], [2.1263916, 41.344928], [2.1272624, 41.3453583], [2.1269107, 41.3458842], [2.1282699, 41.3466697], [2.1286933, 41.3461369], [2.1304077, 41.3464067], [2.1325763, 41.3478308], [2.1334472, 41.3478615], [2.1337067, 41.3486026], [2.1348542, 41.3490944], [2.1360324, 41.3484797], [2.1375009, 41.3490022], [2.1345844, 41.3523695], [2.1337511, 41.3530935], [2.1320128, 41.3556138], [2.1328393, 41.3560612], [2.1331398, 41.3570481], [2.1334574, 41.360091], [2.1358275, 41.3619386], [2.1339253, 41.3635402], [2.1394816, 41.3677579], [2.1423469, 41.3698923], [2.1467694, 41.3732459], [2.1472407, 41.3736865], [2.1504372, 41.3712823], [2.1495049, 41.3707393], [2.1491668, 41.3697523], [2.1482277, 41.3694244], [2.1470256, 41.3694962], [2.1459601, 41.369199], [2.1453351, 41.3685194], [2.1433953, 41.3674915], [2.1421454, 41.3660401], [2.1421283, 41.3654117], [2.1441842, 41.3637588], [2.1474012, 41.3625635], [2.1484292, 41.3618327], [2.1492898, 41.3607057], [2.148979, 41.3597495], [2.1463699, 41.3599646], [2.1446862, 41.3591143], [2.1448399, 41.3579224], [2.1457381, 41.3568706], [2.1465816, 41.3550469], [2.1508266, 41.3527827], [2.152821, 41.3521475], [2.1546481, 41.3521236], [2.1564956, 41.3526632], [2.1592277, 41.3544629], [2.1631892, 41.3580385], [2.1667716, 41.3604906], [2.1691725, 41.3623347], [2.1709278, 41.3646672], [2.1721436, 41.3667538], [2.1733833, 41.3683931], [2.1738477, 41.3700597], [2.1763954, 41.373024], [2.1776385, 41.3723], [2.1771296, 41.3720916], [2.1764603, 41.3674608], [2.1765935, 41.3671466], [2.1796534, 41.3660367], [2.1805447, 41.3653741], [2.1823206, 41.3647287], [2.1831709, 41.364838], [2.1835466, 41.3632739], [2.1831675, 41.3632056], [2.1773789, 41.3541658], [2.1760914, 41.352004], [2.1752889, 41.3502897], [2.1719763, 41.3350037], [2.1700023, 41.326466], [2.1731886, 41.3170881]]]}}, {"type": "Feature", "properties": {"Index": 10222}, "geometry": {"type": "Polygon", "coordinates": [[[1.6838295, 41.2023546], [1.6836792, 41.201757], [1.6809403, 41.2085428], [1.6804485, 41.2100591], [1.6871626, 41.2107011], [1.691732, 41.2118008], [1.6959018, 41.2132248], [1.6974898, 41.2149051], [1.7009596, 41.2174869], [1.701786, 41.2187983], [1.7029506, 41.219454], [1.7042415, 41.2205741], [1.705085, 41.2196452], [1.7057783, 41.2193686], [1.7065979, 41.2184602], [1.7079981, 41.2176679], [1.7091763, 41.2186207], [1.7192952, 41.2220495], [1.7187659, 41.2226403], [1.7259683, 41.224942], [1.727891, 41.2255431], [1.7296942, 41.2266359], [1.730968, 41.2266667], [1.7326175, 41.227056], [1.7350969, 41.2282137], [1.7357457, 41.2276126], [1.7391847, 41.2305223], [1.7420978, 41.2319805], [1.7427194, 41.230635], [1.7427706, 41.2305223], [1.7414933, 41.2295388], [1.7415958, 41.2276434], [1.7416163, 41.2276263], [1.7420841, 41.2272199], [1.7454446, 41.2242795], [1.7520699, 41.2186139], [1.7510385, 41.2179104], [1.7493685, 41.2177362], [1.7486958, 41.2184738], [1.747159, 41.2185012], [1.7439078, 41.2182211], [1.7415719, 41.2174083], [1.7372415, 41.2142733], [1.7384607, 41.2107045], [1.734991, 41.2098712], [1.7334952, 41.2074568], [1.7300562, 41.2057458], [1.7294961, 41.2059131], [1.7339904, 41.2085188], [1.7343626, 41.2110597], [1.7349876, 41.2106396], [1.7376753, 41.211186], [1.7370161, 41.2134366], [1.7361111, 41.2157793], [1.7314803, 41.2150724], [1.7309544, 41.2155505], [1.7293902, 41.2151817], [1.7284135, 41.2135493], [1.7297557, 41.2100112], [1.7294141, 41.2095639], [1.7284135, 41.2122071], [1.7229904, 41.2127262], [1.7169593, 41.2121115], [1.7131276, 41.2102127], [1.7128065, 41.2105952], [1.7107848, 41.2094819], [1.70752, 41.2073748], [1.7031213, 41.2077265], [1.7028071, 41.2079895], [1.6977323, 41.2078631], [1.6880095, 41.2042807], [1.6838295, 41.2023546]]]}}, {"type": "Feature", "properties": {"Index": 6490}, "geometry": {"type": "MultiPolygon", "coordinates": [[[[1.5163259, 41.2573854], [1.5129415, 41.2562209], [1.5120707, 41.2598477], [1.5121697, 41.2619685], [1.5105066, 41.2634472], [1.5077062, 41.2652333], [1.5050083, 41.2652197], [1.5055581, 41.2678459], [1.5100182, 41.2683206], [1.5102641, 41.269994], [1.5171524, 41.2722274], [1.5259565, 41.2723572], [1.5269127, 41.2700008], [1.5267898, 41.2677059], [1.5260043, 41.265107], [1.5273498, 41.2656022], [1.5286476, 41.2639868], [1.5284802, 41.260237], [1.5273669, 41.2601585], [1.5265575, 41.2603975], [1.5257413, 41.2606332], [1.5163259, 41.2573854]]], [[[1.5250481, 41.1802419], [1.4958866, 41.1732682], [1.4835239, 41.1866178], [1.4788384, 41.1965524], [1.4791628, 41.2056536], [1.4771274, 41.2085325], [1.483985, 41.2142801], [1.4943224, 41.2179752], [1.4936667, 41.2224319], [1.4950328, 41.228282], [1.5060157, 41.2367275], [1.507877, 41.2365841], [1.5091166, 41.2386502], [1.52513, 41.2388688], [1.5281114, 41.2405593], [1.5309015, 41.2431718], [1.5314582, 41.2466962], [1.5291086, 41.253622], [1.5378239, 41.2571498], [1.5384762, 41.2542879], [1.5429056, 41.2567502], [1.5470993, 41.2546021], [1.5528811, 41.2569312], [1.5539568, 41.2557803], [1.5640245, 41.2565522], [1.5669205, 41.258048], [1.5705064, 41.2607254], [1.5753661, 41.256156], [1.5762813, 41.2482569], [1.5819948, 41.2371612], [1.5938998, 41.2339306], [1.5941798, 41.2324621], [1.5910243, 41.2300203], [1.5855943, 41.2314819], [1.5786548, 41.2306589], [1.5745908, 41.2259153], [1.5741708, 41.2214484], [1.5756495, 41.2209566], [1.5738702, 41.2185422], [1.5751065, 41.2164214], [1.5657867, 41.2180162], [1.5644412, 41.2137918], [1.560063, 41.2115105], [1.5575802, 41.2000801], [1.560729, 41.1977818], [1.5609031, 41.1931748], [1.5659267, 41.1894114], [1.567566, 41.1859007], [1.5251403, 41.1802589], [1.5258164, 41.1782099], [1.5269981, 41.178227], [1.5258711, 41.1781894], [1.5262604, 41.1770078], [1.5272337, 41.1779128], [1.5275752, 41.1768712], [1.5255193, 41.1764818], [1.5250481, 41.1802419]]]]}}, {"type": "Feature", "properties": {"Index": 6365}, "geometry": {"type": "Polygon", "coordinates": [[[1.6016657, 41.1886567], [1.567566, 41.1859007], [1.5659267, 41.1894114], [1.5609031, 41.1931748], [1.560729, 41.1977818], [1.5575802, 41.2000801], [1.560063, 41.2115105], [1.5644412, 41.2137918], [1.5657867, 41.2180162], [1.5751065, 41.2164214], [1.5738702, 41.2185422], [1.5756495, 41.2209566], [1.5741708, 41.2214484], [1.5745908, 41.2259153], [1.5786548, 41.2306589], [1.5855943, 41.2314819], [1.5910243, 41.2300203], [1.5941798, 41.2324621], [1.5938998, 41.2339306], [1.6029088, 41.2348117], [1.6095648, 41.2311063], [1.6145611, 41.2295832], [1.6145167, 41.2259119], [1.6217567, 41.2232072], [1.6196632, 41.2195359], [1.6187753, 41.2137371], [1.6151109, 41.2109777], [1.611228, 41.2043354], [1.6095887, 41.1982258], [1.6113953, 41.1950805], [1.6140557, 41.1949814], [1.6171668, 41.1907057], [1.6085608, 41.1883766], [1.6084925, 41.1863037], [1.6064571, 41.1859997], [1.6057741, 41.1869696], [1.6080997, 41.186471], [1.6077787, 41.1877073], [1.6061361, 41.1872599], [1.605354, 41.1883595], [1.6016657, 41.1886567]]]}}, {"type": "Feature", "properties": {"Index": 6379}, "geometry": {"type": "Polygon", "coordinates": [[[1.6349151, 41.1929016], [1.6171668, 41.1907057], [1.6140557, 41.1949814], [1.6113953, 41.1950805], [1.6095887, 41.1982258], [1.611228, 41.2043354], [1.6151109, 41.2109777], [1.6187753, 41.2137371], [1.6196632, 41.2195359], [1.6217567, 41.2232072], [1.6314351, 41.2244571], [1.6344574, 41.2309628], [1.641332, 41.2353581], [1.6462429, 41.2277561], [1.6442997, 41.2203829], [1.6479676, 41.2164248], [1.6482066, 41.2122276], [1.6535034, 41.2074055], [1.6466459, 41.2085701], [1.6468918, 41.2118827], [1.6415882, 41.2117359], [1.6411647, 41.2037411], [1.6455736, 41.1956235], [1.6349151, 41.1929016]]]}}, {"type": "Feature", "properties": {"Index": 934}, "geometry": {"type": "Polygon", "coordinates": [[[1.6756674, 41.1985707], [1.6455736, 41.1956235], [1.6411647, 41.2037411], [1.6415882, 41.2117359], [1.6468918, 41.2118827], [1.6466459, 41.2085701], [1.6535034, 41.2074055], [1.6482066, 41.2122276], [1.6479676, 41.2164248], [1.6442997, 41.2203829], [1.6462429, 41.2277561], [1.641332, 41.2353581], [1.6462395, 41.238155], [1.6689943, 41.2452926], [1.6809403, 41.2085428], [1.6836792, 41.201757], [1.6756674, 41.1985707]]]}}, {"type": "Feature", "properties": {"Index": 10219}, "geometry": {"type": "Polygon", "coordinates": [[[1.6871626, 41.2107011], [1.6804485, 41.2100591], [1.6689943, 41.2452926], [1.6695851, 41.2463683], [1.670432, 41.2486838], [1.6715863, 41.2500225], [1.670637, 41.2540591], [1.672406, 41.2554832], [1.6754659, 41.256518], [1.6772383, 41.2603088], [1.6799192, 41.2629008], [1.6830508, 41.2648269], [1.6909773, 41.2716127], [1.6950617, 41.270595], [1.6949968, 41.2684367], [1.694184, 41.2665379], [1.6945119, 41.2661247], [1.6968888, 41.2644479], [1.6971073, 41.2623851], [1.6964346, 41.2619958], [1.6971996, 41.261364], [1.6968717, 41.2607356], [1.6972132, 41.2599194], [1.6999282, 41.2573137], [1.7022539, 41.2564019], [1.7033331, 41.2553466], [1.7029062, 41.2540079], [1.7027696, 41.2526897], [1.7029335, 41.2514295], [1.7022983, 41.2502855], [1.7014035, 41.2492917], [1.701226, 41.2472529], [1.7014138, 41.2465186], [1.7012874, 41.244835], [1.7021036, 41.2433562], [1.7034526, 41.2431821], [1.7042654, 41.2426391], [1.70557, 41.2425571], [1.7057783, 41.2411262], [1.7066286, 41.241133], [1.7072946, 41.2398387], [1.7087084, 41.2400299], [1.7090055, 41.2394323], [1.7109351, 41.2391557], [1.7112902, 41.2378238], [1.7132881, 41.2375232], [1.7133393, 41.236386], [1.7150776, 41.2347195], [1.7159348, 41.2342584], [1.7170139, 41.2343609], [1.7186327, 41.2327182], [1.7196572, 41.2321206], [1.7212965, 41.230051], [1.7236904, 41.2291324], [1.724954, 41.2284562], [1.7247901, 41.2277117], [1.725077, 41.2267247], [1.7259683, 41.224942], [1.7187659, 41.2226403], [1.7192952, 41.2220495], [1.7091763, 41.2186207], [1.7079981, 41.2176679], [1.7065979, 41.2184602], [1.7057783, 41.2193686], [1.705085, 41.2196452], [1.7042415, 41.2205741], [1.7029506, 41.219454], [1.701786, 41.2187983], [1.7009596, 41.2174869], [1.6974898, 41.2149051], [1.6959018, 41.2132248], [1.691732, 41.2118008], [1.6871626, 41.2107011]]]}}, {"type": "Feature", "properties": {"Index": 10218}, "geometry": {"type": "Polygon", "coordinates": [[[1.6314351, 41.2244571], [1.6217567, 41.2232072], [1.6181196, 41.2252426], [1.6145201, 41.2259119], [1.6152817, 41.228463], [1.6145611, 41.2295832], [1.6095648, 41.2311063], [1.6063922, 41.2332851], [1.6029088, 41.2348117], [1.6021609, 41.2347399], [1.5938998, 41.233934], [1.5904983, 41.2354093], [1.5844161, 41.2371271], [1.5839618, 41.2366285], [1.5819913, 41.2371681], [1.5819538, 41.2372432], [1.576295, 41.2482296], [1.5761071, 41.2497732], [1.5760969, 41.2498415], [1.5760935, 41.2498722], [1.5766706, 41.2512588], [1.5760115, 41.2536186], [1.575769, 41.2552647], [1.5753661, 41.256156], [1.5747172, 41.2570986], [1.5715275, 41.2599365], [1.5705064, 41.2607254], [1.5769575, 41.2589359], [1.5853825, 41.257423], [1.5946545, 41.2589598], [1.5938349, 41.2579762], [1.5965601, 41.2566956], [1.5952829, 41.2554969], [1.5965431, 41.2550768], [1.5995483, 41.2562858], [1.5993742, 41.2560638], [1.5982506, 41.254609], [1.5973183, 41.2534034], [1.6028507, 41.2533556], [1.6029703, 41.2532532], [1.6045651, 41.2518837], [1.6063171, 41.2503811], [1.6081954, 41.2504323], [1.6115456, 41.2505245], [1.6117573, 41.2505313], [1.6169004, 41.2524848], [1.6169039, 41.2524848], [1.6180684, 41.2546158], [1.6180718, 41.2546192], [1.618106, 41.2546021], [1.6197042, 41.2538542], [1.620056, 41.2536903], [1.6221768, 41.2548378], [1.6223373, 41.2549232], [1.6213264, 41.2564839], [1.6222143, 41.2583451], [1.6240995, 41.2622998], [1.6242156, 41.2625456], [1.6226685, 41.2638297], [1.6226822, 41.2638946], [1.6232218, 41.266736], [1.6266198, 41.2687919], [1.6278014, 41.269509], [1.6278082, 41.2695124], [1.6266369, 41.2721182], [1.6262578, 41.2729617], [1.626251, 41.2729719], [1.6239594, 41.2738086], [1.6242702, 41.2746453], [1.6240858, 41.2762436], [1.6203599, 41.277053], [1.6263329, 41.2800104], [1.62635, 41.2807857], [1.6295363, 41.2827698], [1.6284127, 41.2842622], [1.6293929, 41.28598], [1.6298949, 41.2888419], [1.6298095, 41.2889204], [1.6287542, 41.2898801], [1.6274394, 41.2910753], [1.6276341, 41.292076], [1.6281122, 41.2945519], [1.6281327, 41.2946509], [1.6337642, 41.2944153], [1.633812, 41.2944358], [1.634717, 41.2948456], [1.6371417, 41.2959419], [1.6335149, 41.2984827], [1.6334944, 41.2984861], [1.6329309, 41.2985954], [1.631558, 41.2988583], [1.6312985, 41.2986432], [1.6281088, 41.2959931], [1.6252401, 41.2966283], [1.616716, 41.2931005], [1.6145406, 41.2904948], [1.6144484, 41.288917], [1.6138986, 41.2879027], [1.6134102, 41.2869977], [1.612413, 41.285157], [1.6120408, 41.2853824], [1.6092814, 41.2853414], [1.6077514, 41.287206], [1.6077309, 41.2872299], [1.6070479, 41.2861576], [1.6044968, 41.286523], [1.6031239, 41.2867177], [1.6031103, 41.2867211], [1.6031308, 41.2867518], [1.6038787, 41.2879403], [1.6047222, 41.2882306], [1.6045105, 41.2889443], [1.60268, 41.2890604], [1.5996371, 41.2892517], [1.5993742, 41.2892688], [1.5962084, 41.2922638], [1.5962015, 41.2922638], [1.5959966, 41.2922706], [1.5922093, 41.2923902], [1.5906589, 41.2934693], [1.5895968, 41.2935103], [1.5884971, 41.2939816], [1.5885039, 41.2939884], [1.5905052, 41.2957472], [1.5915229, 41.3008698], [1.5959864, 41.3076078], [1.5958566, 41.3088373], [1.5953307, 41.309329], [1.6012559, 41.3103775], [1.6049476, 41.3113576], [1.6151417, 41.3135091], [1.6151485, 41.3135125], [1.6151656, 41.3135091], [1.6183689, 41.3129319], [1.619011, 41.3126997], [1.6195062, 41.3128944], [1.6240995, 41.3122421], [1.6286518, 41.3144448], [1.6315614, 41.3138779], [1.6335866, 41.3134818], [1.6335729, 41.3134715], [1.6329138, 41.3130344], [1.6293246, 41.3106438], [1.6356835, 41.3095066], [1.6402836, 41.3104184], [1.6406934, 41.3107156], [1.6425102, 41.3120269], [1.641011, 41.3088953], [1.6407105, 41.306334], [1.6396279, 41.3057363], [1.6384189, 41.3041756], [1.6409632, 41.3006239], [1.6453516, 41.2985373], [1.6438968, 41.2967307], [1.645717, 41.2952998], [1.6495556, 41.2938655], [1.6523252, 41.2934283], [1.6594901, 41.2913998], [1.6637146, 41.2876739], [1.6716137, 41.284795], [1.6733144, 41.2860005], [1.6752234, 41.2873563], [1.6838875, 41.2883399], [1.6843588, 41.2884355], [1.6937162, 41.2803998], [1.6937127, 41.2803076], [1.6935932, 41.275383], [1.6914315, 41.2743516], [1.6910592, 41.2737745], [1.6907928, 41.2736037], [1.6907928, 41.2735969], [1.6908304, 41.2734193], [1.6906255, 41.2730983], [1.6909773, 41.2716127], [1.6830508, 41.2648269], [1.6799192, 41.2629008], [1.6772383, 41.2603088], [1.6754659, 41.256518], [1.672406, 41.2554832], [1.670637, 41.2540591], [1.6715863, 41.2500225], [1.670432, 41.2486838], [1.6695851, 41.2463683], [1.6689943, 41.2452926], [1.6636053, 41.2436021], [1.6462395, 41.238155], [1.6440436, 41.2369017], [1.641332, 41.2353581], [1.6389859, 41.2346068], [1.637128, 41.2326704], [1.6344574, 41.2309628], [1.6344404, 41.2309287], [1.6334363, 41.2287669], [1.6326679, 41.2285655], [1.6314351, 41.2244571]]]}}, {"type": "Feature", "properties": {"Index": 6348}, "geometry": {"type": "MultiPolygon", "coordinates": [[[[1.6402836, 41.3104184], [1.6356835, 41.3095066], [1.6293246, 41.3106438], [1.6335866, 41.3134818], [1.6428517, 41.3129456], [1.6425136, 41.3120304], [1.6402836, 41.3104184]]], [[[1.6117573, 41.2505313], [1.6063171, 41.2503811], [1.6028507, 41.2533556], [1.5973183, 41.2534034], [1.5995483, 41.2562858], [1.5952829, 41.2554969], [1.5965601, 41.2566956], [1.5938349, 41.2579762], [1.5946545, 41.2589598], [1.5853825, 41.257423], [1.5705064, 41.2607254], [1.5669205, 41.258048], [1.5640245, 41.2565522], [1.5539568, 41.2557803], [1.5528811, 41.2569312], [1.5470993, 41.2546021], [1.5429056, 41.2567502], [1.5384728, 41.2542879], [1.5378239, 41.2571498], [1.5273669, 41.2601585], [1.5284802, 41.260237], [1.5286476, 41.2639868], [1.5273498, 41.2656022], [1.5260043, 41.265107], [1.5267898, 41.2677059], [1.5269127, 41.2700008], [1.5279748, 41.2736208], [1.5372229, 41.2752703], [1.5448658, 41.2744814], [1.5475296, 41.2753591], [1.5537348, 41.2806969], [1.5613778, 41.2809154], [1.5672928, 41.2830191], [1.5771351, 41.2897674], [1.581001, 41.2907577], [1.5891665, 41.2853516], [1.5935105, 41.2810725], [1.5891665, 41.2853551], [1.5930597, 41.2904572], [1.5922059, 41.2923902], [1.5962084, 41.2922638], [1.5993742, 41.2892688], [1.6045105, 41.2889443], [1.6031103, 41.2867211], [1.6070479, 41.2861576], [1.6077309, 41.2872299], [1.6092814, 41.2853414], [1.6124096, 41.2851536], [1.616716, 41.2931005], [1.6252401, 41.2966283], [1.6281088, 41.2959931], [1.631558, 41.2988583], [1.6335149, 41.2984827], [1.6371417, 41.2959419], [1.6337642, 41.2944153], [1.6281327, 41.2946509], [1.6274394, 41.2910753], [1.6298949, 41.2888419], [1.6284127, 41.2842622], [1.6295363, 41.2827698], [1.6203599, 41.277053], [1.6240858, 41.2762436], [1.6239594, 41.2738086], [1.626251, 41.2729719], [1.6278082, 41.2695124], [1.6232218, 41.266736], [1.6226685, 41.2638297], [1.6242156, 41.2625456], [1.6213264, 41.2564839], [1.6223373, 41.2549232], [1.620056, 41.2536903], [1.6180718, 41.2546192], [1.6169039, 41.2524848], [1.6117573, 41.2505313]]]]}}, {"type": "Feature", "properties": {"Index": 925}, "geometry": {"type": "Polygon", "coordinates": [[[1.6752234, 41.2873563], [1.6716137, 41.284795], [1.6637146, 41.2876739], [1.6594901, 41.2913998], [1.645717, 41.2952998], [1.6438968, 41.2967307], [1.6453516, 41.2985373], [1.6409632, 41.3006239], [1.6384189, 41.3041756], [1.6407105, 41.306334], [1.6425136, 41.3120304], [1.6428517, 41.3129456], [1.6335866, 41.3134818], [1.6286518, 41.3144448], [1.6240995, 41.3122421], [1.6151485, 41.3135125], [1.5953307, 41.309329], [1.5927284, 41.3115488], [1.5873189, 41.3122319], [1.5785933, 41.3158928], [1.5751031, 41.3151415], [1.5737234, 41.3172759], [1.5740717, 41.324837], [1.5689013, 41.3304719], [1.5695467, 41.3325243], [1.5661385, 41.339638], [1.5590112, 41.3431385], [1.5739659, 41.3553474], [1.5791363, 41.3563378], [1.5775415, 41.3608047], [1.5783133, 41.3624474], [1.5744474, 41.3632158], [1.5708513, 41.3614058], [1.5697038, 41.3683623], [1.563321, 41.3697352], [1.5639255, 41.374267], [1.5758886, 41.3781295], [1.5883366, 41.3854959], [1.5948116, 41.393214], [1.5961811, 41.3980464], [1.6176347, 41.4047843], [1.6282659, 41.411857], [1.6413013, 41.4105046], [1.6455394, 41.4072159], [1.6440197, 41.4046751], [1.6425444, 41.4027626], [1.6392727, 41.4028343], [1.6392488, 41.4003208], [1.6380979, 41.4001261], [1.6390507, 41.3980327], [1.6435143, 41.3947371], [1.653138, 41.3809948], [1.6624544, 41.3707222], [1.6474519, 41.3673037], [1.6466459, 41.3662484], [1.6474758, 41.3621264], [1.6491492, 41.3611053], [1.6482476, 41.3598793], [1.6501054, 41.3591211], [1.6489067, 41.3578985], [1.6535956, 41.3565939], [1.6544562, 41.3547771], [1.6580728, 41.3526939], [1.6620548, 41.3457271], [1.6659993, 41.3459354], [1.6642063, 41.340082], [1.6656577, 41.3294337], [1.6738608, 41.327552], [1.683126, 41.3234914], [1.6839046, 41.3164017], [1.686524, 41.3159441], [1.6928043, 41.3104321], [1.6871899, 41.3000809], [1.6843588, 41.2884355], [1.6752234, 41.2873563]]]}}, {"type": "Feature", "properties": {"Index": 1014}, "geometry": {"type": "Polygon", "coordinates": [[[1.7031862, 41.2902762], [1.6937162, 41.2803998], [1.6843588, 41.2884355], [1.6871899, 41.3000809], [1.6928043, 41.3104321], [1.686524, 41.3159441], [1.6839046, 41.3164017], [1.683126, 41.3234914], [1.6738608, 41.327552], [1.6656577, 41.3294337], [1.6642063, 41.340082], [1.6659993, 41.3459354], [1.6735978, 41.347742], [1.6769105, 41.3502794], [1.6778906, 41.3561295], [1.6843998, 41.3607364], [1.6843725, 41.3624918], [1.6881461, 41.3643086], [1.6963219, 41.369783], [1.6944436, 41.3720848], [1.6962433, 41.3731708], [1.6981831, 41.3773509], [1.697582, 41.3801205], [1.6994262, 41.3834776], [1.7031008, 41.3828936], [1.7052967, 41.3864965], [1.7053377, 41.3864624], [1.7078547, 41.3843382], [1.7097227, 41.3848573], [1.7099652, 41.3849256], [1.7213033, 41.3800044], [1.7292536, 41.3830097], [1.7296259, 41.386155], [1.7294756, 41.3848709], [1.7296259, 41.3861516], [1.7327336, 41.3848197], [1.7431189, 41.3938082], [1.7403664, 41.3955704], [1.7390276, 41.3947679], [1.7363707, 41.3960485], [1.7362477, 41.393354], [1.7308587, 41.3924319], [1.7291, 41.3935487], [1.7265386, 41.3918719], [1.723547, 41.3933096], [1.7199919, 41.3924217], [1.7157743, 41.3942863], [1.7142955, 41.3935179], [1.7118845, 41.3942556], [1.7132198, 41.3968511], [1.7156377, 41.3968955], [1.7183663, 41.4008706], [1.7280515, 41.4053137], [1.748665, 41.4175465], [1.7511751, 41.4235571], [1.7575955, 41.421911], [1.7685648, 41.4215764], [1.7807294, 41.4166928], [1.7826725, 41.412038], [1.794639, 41.4095211], [1.8032348, 41.416464], [1.8008477, 41.4259101], [1.8056117, 41.4309679], [1.8073876, 41.4359095], [1.8137841, 41.4366301], [1.8158912, 41.4389353], [1.8232097, 41.4335531], [1.8354938, 41.4296701], [1.8396261, 41.4232907], [1.8545432, 41.4095245], [1.8587335, 41.4046033], [1.8622169, 41.4038623], [1.8647509, 41.4062289], [1.8663253, 41.4109964], [1.8759183, 41.3988865], [1.8750748, 41.3949591], [1.8767823, 41.389495], [1.869754, 41.3871351], [1.8709288, 41.3806328], [1.8819528, 41.3731503], [1.8887864, 41.3703909], [1.8912726, 41.3629119], [1.8982496, 41.3548078], [1.896221, 41.3514747], [1.8922766, 41.3505082], [1.8827826, 41.3438693], [1.8739956, 41.3442791], [1.8701468, 41.3426433], [1.8719055, 41.3385452], [1.86137, 41.3337333], [1.8604923, 41.330284], [1.8564659, 41.3270704], [1.8528937, 41.3200012], [1.8480921, 41.3193387], [1.8409511, 41.3158314], [1.8338614, 41.3203803], [1.8294457, 41.3213946], [1.8254022, 41.3191884], [1.8198493, 41.3213023], [1.8142451, 41.3206091], [1.8086034, 41.3234743], [1.7900526, 41.3227845], [1.787925, 41.3258786], [1.7858998, 41.3262508], [1.7780519, 41.3292083], [1.7719184, 41.3250316], [1.7684521, 41.3241779], [1.7634558, 41.3211623], [1.7632611, 41.3157221], [1.7655356, 41.3128636], [1.7631382, 41.3104423], [1.7584083, 41.3083079], [1.7589923, 41.3071126], [1.7567349, 41.3043054], [1.7585073, 41.3034141], [1.7544707, 41.3010884], [1.7533779, 41.3018534], [1.7472341, 41.3010816], [1.7436687, 41.2965634], [1.7398609, 41.2967307], [1.7384744, 41.2947329], [1.7256234, 41.3002859], [1.7126836, 41.3011328], [1.7085821, 41.3010235], [1.7030564, 41.2989164], [1.7011645, 41.2955457], [1.7037258, 41.2921374], [1.7031862, 41.2902762]]]}}, {"type": "Feature", "properties": {"Index": 1008}, "geometry": {"type": "Polygon", "coordinates": [[[1.8418459, 41.2686177], [1.8351625, 41.2682762], [1.8260921, 41.2736106], [1.8261569, 41.2749595], [1.8247875, 41.2748536], [1.8239064, 41.2796997], [1.8179471, 41.2785454], [1.8137636, 41.2871924], [1.8160824, 41.2890399], [1.8157204, 41.2928375], [1.8097303, 41.2919155], [1.80693, 41.2926292], [1.8005642, 41.2904982], [1.7951547, 41.2921033], [1.783639, 41.2945997], [1.7776216, 41.2893405], [1.7700333, 41.2892244], [1.7614682, 41.2827801], [1.7545253, 41.2823669], [1.7495086, 41.2877149], [1.7506253, 41.2909182], [1.7457895, 41.2930356], [1.7456666, 41.2951291], [1.7436687, 41.2965634], [1.7472341, 41.3010816], [1.7533779, 41.3018534], [1.7544707, 41.3010884], [1.7585073, 41.3034141], [1.7567349, 41.3043054], [1.7589923, 41.3071126], [1.7584083, 41.3083079], [1.7631382, 41.3104423], [1.7655356, 41.3128636], [1.7632611, 41.3157221], [1.7634558, 41.3211623], [1.7684521, 41.3241779], [1.7719184, 41.3250316], [1.7780519, 41.3292083], [1.7858998, 41.3262508], [1.787925, 41.3258786], [1.7900526, 41.3227845], [1.8086034, 41.3234743], [1.8142451, 41.3206091], [1.8198493, 41.3213023], [1.8254022, 41.3191884], [1.8294457, 41.3213946], [1.8338614, 41.3203803], [1.8409511, 41.3158314], [1.8480921, 41.3193387], [1.8507081, 41.3161421], [1.8470812, 41.3063989], [1.851374, 41.3017987], [1.8547959, 41.3004361], [1.8554311, 41.2987354], [1.8591502, 41.2980182], [1.8604377, 41.2992443], [1.8627224, 41.296437], [1.8695218, 41.2962014], [1.8732443, 41.2934523], [1.8696584, 41.2811989], [1.8713865, 41.2805295], [1.8717348, 41.278822], [1.8600893, 41.2713122], [1.8615817, 41.2698881], [1.8565513, 41.2691299], [1.8510188, 41.2717869], [1.8451551, 41.272347], [1.8417434, 41.2707829], [1.8418459, 41.2686177]]]}}, {"type": "Feature", "properties": {"Index": 903}, "geometry": {"type": "Polygon", "coordinates": [[[1.7356262, 41.2682898], [1.7243735, 41.2662886], [1.7154498, 41.2691641], [1.7041698, 41.2669989], [1.6977187, 41.2703526], [1.6911753, 41.2717801], [1.6907928, 41.2736037], [1.6935932, 41.275383], [1.6937162, 41.2803998], [1.7031862, 41.2902762], [1.7037258, 41.2921374], [1.7011645, 41.2955457], [1.7030564, 41.2989164], [1.7085821, 41.3010235], [1.7126836, 41.3011328], [1.7256234, 41.3002859], [1.7384744, 41.2947329], [1.7398609, 41.2967307], [1.7436687, 41.2965634], [1.7456666, 41.2951291], [1.7457895, 41.2930356], [1.7506253, 41.2909182], [1.7495086, 41.2877149], [1.7545253, 41.2823669], [1.7485284, 41.281759], [1.7431189, 41.2778043], [1.7408001, 41.2754342], [1.7414319, 41.27331], [1.7393657, 41.2679825], [1.7356262, 41.2682898]]]}}, {"type": "Feature", "properties": {"Index": 10224}, "geometry": {"type": "Polygon", "coordinates": [[[1.727891, 41.2255431], [1.7259683, 41.224942], [1.725077, 41.2267247], [1.7247901, 41.2277117], [1.724954, 41.2284562], [1.7236904, 41.2291324], [1.7212965, 41.230051], [1.7196572, 41.2321206], [1.7186327, 41.2327182], [1.7170139, 41.2343609], [1.7159348, 41.2342584], [1.7150776, 41.2347195], [1.7133393, 41.236386], [1.7132881, 41.2375232], [1.7112902, 41.2378238], [1.7109351, 41.2391557], [1.7090055, 41.2394323], [1.7087084, 41.2400299], [1.7072946, 41.2398387], [1.7066286, 41.241133], [1.7057783, 41.2411262], [1.70557, 41.2425571], [1.7042654, 41.2426391], [1.7034526, 41.2431821], [1.7021036, 41.2433562], [1.7012874, 41.244835], [1.7014138, 41.2465186], [1.701226, 41.2472529], [1.7014035, 41.2492917], [1.7022983, 41.2502855], [1.7029335, 41.2514295], [1.7027696, 41.2526897], [1.7029062, 41.2540079], [1.7033331, 41.2553466], [1.7022539, 41.2564019], [1.6999282, 41.2573137], [1.6972132, 41.2599194], [1.6968717, 41.2607356], [1.6971996, 41.261364], [1.6964346, 41.2619958], [1.6971073, 41.2623851], [1.6968888, 41.2644479], [1.6945119, 41.2661247], [1.694184, 41.2665379], [1.6949968, 41.2684367], [1.6950617, 41.270595], [1.6966805, 41.2702399], [1.6983675, 41.2690104], [1.6997814, 41.2687372], [1.7006727, 41.2680064], [1.7017587, 41.2682523], [1.7039205, 41.2671287], [1.7041698, 41.2669989], [1.7049416, 41.266876], [1.7076497, 41.2673712], [1.7085855, 41.2672038], [1.7102589, 41.2680986], [1.7144355, 41.2689694], [1.7145243, 41.2689865], [1.7163377, 41.2688772], [1.7243735, 41.2662886], [1.7230655, 41.2628906], [1.7239329, 41.2617875], [1.7346051, 41.2482057], [1.7364527, 41.2437387], [1.7375694, 41.2417887], [1.7391472, 41.238377], [1.739919, 41.2367002], [1.7400009, 41.2359318], [1.7407727, 41.2348492], [1.7417836, 41.2326567], [1.7420978, 41.2319805], [1.7391847, 41.2305223], [1.7357457, 41.2276126], [1.7350969, 41.2282137], [1.7326175, 41.227056], [1.730968, 41.2266667], [1.7296942, 41.2266359], [1.727891, 41.2255431]]]}}, {"type": "Feature", "properties": {"Index": 1089}, "geometry": {"type": "Polygon", "coordinates": [[[1.7527597, 41.2196213], [1.7520699, 41.2186139], [1.7415958, 41.2276434], [1.7427706, 41.2305223], [1.7346153, 41.248192], [1.7230655, 41.2628906], [1.7243735, 41.2662886], [1.7356262, 41.2682898], [1.7393657, 41.2679825], [1.7414319, 41.27331], [1.7408001, 41.2754342], [1.7431189, 41.2778043], [1.7485284, 41.281759], [1.7545253, 41.2823669], [1.7614682, 41.2827801], [1.7700333, 41.2892244], [1.7776216, 41.2893405], [1.783639, 41.2945997], [1.7951547, 41.2921033], [1.8005642, 41.2904982], [1.80693, 41.2926292], [1.8097303, 41.2919155], [1.8157204, 41.2928375], [1.8160824, 41.2890399], [1.8137636, 41.2871924], [1.8179471, 41.2785454], [1.8239064, 41.2796997], [1.8247875, 41.2748536], [1.8261569, 41.2749595], [1.8260921, 41.2736106], [1.8351625, 41.2682762], [1.8365935, 41.2648508], [1.8344795, 41.2606503], [1.8257335, 41.2600116], [1.8168611, 41.2560023], [1.8099899, 41.2549095], [1.7997105, 41.2496059], [1.7983649, 41.2462044], [1.7916952, 41.2437421], [1.791685, 41.2423112], [1.7894242, 41.2414096], [1.786395, 41.2376189], [1.7847455, 41.232626], [1.7732366, 41.2394357], [1.7707948, 41.2396269], [1.7657781, 41.2338213], [1.7628684, 41.2334798], [1.7571071, 41.2264378], [1.7566324, 41.219413], [1.7527597, 41.2196213]]]}}, {"type": "Feature", "properties": {"Index": 1128}, "geometry": {"type": "Polygon", "coordinates": [[[1.7635822, 41.2199253], [1.7617448, 41.2186002], [1.7566324, 41.219413], [1.7571071, 41.2264378], [1.7628684, 41.2334798], [1.7657781, 41.2338213], [1.7707948, 41.2396269], [1.7732366, 41.2394357], [1.7847455, 41.232626], [1.786395, 41.2376189], [1.7894242, 41.2414096], [1.791685, 41.2423112], [1.7916952, 41.2437421], [1.7983649, 41.2462044], [1.7997105, 41.2496059], [1.8099899, 41.2549095], [1.8168611, 41.2560023], [1.8257335, 41.2600116], [1.8344795, 41.2606503], [1.8365935, 41.2648508], [1.8351625, 41.2682762], [1.8418459, 41.2686177], [1.8417434, 41.2707829], [1.8451551, 41.272347], [1.8510188, 41.2717869], [1.8565513, 41.2691299], [1.8615817, 41.2698881], [1.8600893, 41.2713122], [1.8717348, 41.278822], [1.8741766, 41.2793786], [1.883148, 41.2782209], [1.8860884, 41.2800036], [1.8859279, 41.2818751], [1.8895752, 41.2834221], [1.9017603, 41.2802017], [1.9059814, 41.2826776], [1.9087681, 41.2824386], [1.9152192, 41.2888624], [1.9248566, 41.2909968], [1.9292347, 41.2868201], [1.9359659, 41.2835075], [1.9430146, 41.2802597], [1.9436635, 41.2792147], [1.9375983, 41.2747853], [1.9397976, 41.269287], [1.9445002, 41.2640927], [1.9288591, 41.2617431], [1.9302149, 41.2586354], [1.9291528, 41.2591647], [1.9239789, 41.2565522], [1.9229202, 41.2566102], [1.9288283, 41.2593286], [1.9282273, 41.2607937], [1.9277082, 41.2594447], [1.9267827, 41.2603736], [1.9272813, 41.2593184], [1.9267486, 41.26036], [1.9268852, 41.2592057], [1.925502, 41.259998], [1.9260348, 41.2589564], [1.9249215, 41.2598306], [1.9250205, 41.2586012], [1.9246175, 41.2597862], [1.9228861, 41.2593013], [1.9245595, 41.2589291], [1.9232856, 41.2572659], [1.9235315, 41.2583041], [1.9220426, 41.2580206], [1.9209292, 41.2591442], [1.9033073, 41.2538576], [1.9014837, 41.2506884], [1.9016305, 41.2519179], [1.8999981, 41.2518257], [1.8992775, 41.2513134], [1.9009065, 41.2512246], [1.8967333, 41.2497288], [1.8855625, 41.2477412], [1.8694808, 41.2429191], [1.8663219, 41.2396133], [1.8677904, 41.2379296], [1.8660862, 41.2365738], [1.8674693, 41.2379467], [1.865936, 41.2397328], [1.8638049, 41.2386195], [1.8624423, 41.2394698], [1.8614485, 41.2367548], [1.8536006, 41.2343643], [1.8402237, 41.2347502], [1.8290871, 41.2366797], [1.8276528, 41.2361675], [1.8270585, 41.2330051], [1.8242308, 41.2319908], [1.8268161, 41.2332885], [1.8259247, 41.2347092], [1.8244733, 41.2339852], [1.8238791, 41.2346819], [1.8239269, 41.2338793], [1.8233839, 41.2346512], [1.8234317, 41.2338486], [1.8229263, 41.2346272], [1.8229775, 41.233794], [1.8225267, 41.2346033], [1.8225813, 41.2337701], [1.8221169, 41.2345794], [1.8221715, 41.2337496], [1.821608, 41.2345487], [1.8218676, 41.2333568], [1.8251802, 41.2335242], [1.8216661, 41.2331041], [1.8206723, 41.2357337], [1.814771, 41.2360001], [1.8100514, 41.2330085], [1.8083233, 41.2341799], [1.806025, 41.2335208], [1.8063016, 41.232766], [1.8032758, 41.232667], [1.8030333, 41.2314922], [1.8023059, 41.2322982], [1.8000417, 41.2317108], [1.799147, 41.2301569], [1.7983649, 41.2308706], [1.7963807, 41.230232], [1.7883279, 41.2250889], [1.7833043, 41.2234701], [1.7764127, 41.2235589], [1.7710168, 41.2208473], [1.7675232, 41.2211274], [1.7662767, 41.2197135], [1.7635822, 41.2199253]]]}}, {"type": "Feature", "properties": {"Index": 880}, "geometry": {"type": "Polygon", "coordinates": [[[1.8860884, 41.2800036], [1.883148, 41.2782209], [1.8741766, 41.2793786], [1.8717348, 41.278822], [1.8713865, 41.2805295], [1.8696584, 41.2811989], [1.8732443, 41.2934523], [1.8695218, 41.2962014], [1.8627224, 41.296437], [1.8604377, 41.2992443], [1.8591502, 41.2980182], [1.8554311, 41.2987354], [1.8547959, 41.3004361], [1.851374, 41.3017987], [1.8470812, 41.3063989], [1.8507081, 41.3161421], [1.8480921, 41.3193387], [1.8528937, 41.3200012], [1.8564659, 41.3270704], [1.8604923, 41.330284], [1.86137, 41.3337333], [1.8719055, 41.3385452], [1.8701468, 41.3426433], [1.8739956, 41.3442791], [1.8827826, 41.3438693], [1.8922766, 41.3505082], [1.896221, 41.3514747], [1.8982496, 41.3548078], [1.900343, 41.3556206], [1.9042602, 41.3547942], [1.9066883, 41.3527827], [1.9102366, 41.3524343], [1.9115514, 41.3558085], [1.9124461, 41.3543297], [1.9282922, 41.3507234], [1.9379262, 41.3514269], [1.9445344, 41.3500028], [1.9453062, 41.3417519], [1.9443056, 41.3368888], [1.9472186, 41.3365849], [1.9495409, 41.3349149], [1.9595061, 41.3333508], [1.9586933, 41.3300723], [1.9615176, 41.3286994], [1.9616645, 41.3268929], [1.9554114, 41.3233173], [1.9458219, 41.3175116], [1.9315331, 41.3019456], [1.9296787, 41.2941319], [1.9152192, 41.2888624], [1.9087681, 41.2824386], [1.9059814, 41.2826776], [1.9017603, 41.2802017], [1.8895752, 41.2834221], [1.8859279, 41.2818751], [1.8860884, 41.2800036]]]}}, {"type": "Feature", "properties": {"Index": 1153}, "geometry": {"type": "Polygon", "coordinates": [[[1.9476421, 41.3522021], [1.9445344, 41.3500028], [1.9379262, 41.3514269], [1.9282922, 41.3507234], [1.9124461, 41.3543297], [1.9115514, 41.3558085], [1.9102366, 41.3524343], [1.9066883, 41.3527827], [1.9042602, 41.3547942], [1.900343, 41.3556206], [1.8982496, 41.3548078], [1.8912726, 41.3629119], [1.8887864, 41.3703909], [1.8819528, 41.3731503], [1.8709288, 41.3806328], [1.869754, 41.3871351], [1.8767823, 41.389495], [1.8786709, 41.3888495], [1.9005719, 41.3907585], [1.9162335, 41.3893242], [1.917538, 41.3882416], [1.9224694, 41.3898843], [1.9246756, 41.3926607], [1.9276023, 41.3935897], [1.9277082, 41.3963764], [1.9334285, 41.3986713], [1.9378613, 41.3978585], [1.9411159, 41.3962842], [1.9489296, 41.3850553], [1.948793, 41.3780817], [1.950784, 41.3748647], [1.9507533, 41.3697352], [1.9542264, 41.3677715], [1.9514568, 41.3634344], [1.9490355, 41.3622459], [1.9455726, 41.3542273], [1.9476421, 41.3522021]]]}}, {"type": "Feature", "properties": {"Index": 1098}, "geometry": {"type": "Polygon", "coordinates": [[[1.6659993, 41.3459354], [1.6620548, 41.3457271], [1.6580728, 41.3526939], [1.6544562, 41.3547771], [1.6535956, 41.3565939], [1.6489067, 41.3578985], [1.6501054, 41.3591211], [1.6482476, 41.3598793], [1.6491492, 41.3611053], [1.6474758, 41.3621264], [1.6466459, 41.3662484], [1.6474519, 41.3673037], [1.6624544, 41.3707222], [1.653138, 41.3809948], [1.6435143, 41.3947371], [1.6390507, 41.3980327], [1.6380979, 41.4001261], [1.6392488, 41.4003208], [1.6392727, 41.4028343], [1.6425444, 41.4027626], [1.6440197, 41.4046751], [1.6455394, 41.4072159], [1.6413013, 41.4105046], [1.629427, 41.4149169], [1.6303422, 41.4159893], [1.6281839, 41.4169113], [1.6243078, 41.4174475], [1.6216918, 41.4158048], [1.6075636, 41.4186257], [1.6021233, 41.4213714], [1.5985648, 41.4204699], [1.5890196, 41.4285705], [1.5859904, 41.4285568], [1.5818035, 41.4311181], [1.5788016, 41.4316236], [1.5724666, 41.4433032], [1.5945657, 41.4510384], [1.5985341, 41.4489244], [1.5997123, 41.4491669], [1.5992444, 41.4506969], [1.6022189, 41.4502529], [1.6120681, 41.4544603], [1.6137278, 41.4517077], [1.6200492, 41.4519502], [1.6267393, 41.4455503], [1.6313429, 41.4468481], [1.637835, 41.4437403], [1.6458229, 41.4535553], [1.6419809, 41.4541973], [1.6400036, 41.4595283], [1.638016, 41.4593302], [1.6437909, 41.4641284], [1.64598, 41.4630937], [1.6544528, 41.4665873], [1.6587968, 41.4655389], [1.6612728, 41.4663448], [1.6602482, 41.4739332], [1.664862, 41.4705147], [1.6881598, 41.4710133], [1.6958813, 41.4723622], [1.702732, 41.4742064], [1.7082781, 41.4719558], [1.712325, 41.4676562], [1.71643, 41.4660101], [1.7224917, 41.465573], [1.7258556, 41.4634352], [1.7301177, 41.4641421], [1.7376855, 41.4607407], [1.7418622, 41.461352], [1.7476234, 41.4586643], [1.7519094, 41.4576602], [1.7496281, 41.4532958], [1.7528656, 41.4512979], [1.7692102, 41.445704], [1.7764981, 41.4507754], [1.7746368, 41.4630458], [1.7777548, 41.4647431], [1.7802547, 41.4634215], [1.7828501, 41.4653613], [1.7858144, 41.4651461], [1.7877303, 41.4670825], [1.7982351, 41.4671747], [1.7972687, 41.4703029], [1.7929656, 41.4737966], [1.7905853, 41.4858348], [1.7845304, 41.502094], [1.78382, 41.5036752], [1.780504, 41.505171], [1.7830653, 41.5101776], [1.7866375, 41.5124896], [1.7822866, 41.5173219], [1.7833726, 41.5195383], [1.7817846, 41.5199482], [1.7824745, 41.5214849], [1.7787418, 41.5236399], [1.7803639, 41.5284347], [1.7836868, 41.5268535], [1.8009638, 41.5213688], [1.8028933, 41.5202453], [1.8028694, 41.5174893], [1.8057722, 41.5183601], [1.8057244, 41.5160925], [1.8076745, 41.5160754], [1.8093649, 41.5139956], [1.811414, 41.5144772], [1.8119023, 41.5129779], [1.8198971, 41.511448], [1.8211982, 41.5097882], [1.8222091, 41.5114207], [1.8257881, 41.5099658], [1.8277655, 41.5110792], [1.8299511, 41.5103756], [1.8312523, 41.5122471], [1.8334004, 41.5119773], [1.834985, 41.5136132], [1.8357978, 41.5112021], [1.8389089, 41.5109869], [1.8453976, 41.5069503], [1.8545705, 41.5069059], [1.8559195, 41.5086135], [1.8600893, 41.5078246], [1.8612846, 41.5065405], [1.8644777, 41.5059907], [1.8681626, 41.5072099], [1.8865222, 41.5079612], [1.9031639, 41.5043719], [1.9053086, 41.5018652], [1.9025833, 41.5011242], [1.8995473, 41.502941], [1.8946228, 41.503402], [1.8900431, 41.5011412], [1.898574, 41.4957966], [1.898393, 41.4929245], [1.8936973, 41.4928972], [1.8951555, 41.4909745], [1.8927001, 41.4896904], [1.895357, 41.4861558], [1.8995712, 41.4861729], [1.8998308, 41.482768], [1.897669, 41.4779083], [1.9022521, 41.4755451], [1.906176, 41.4753231], [1.9056808, 41.4716348], [1.906982, 41.4695345], [1.9115889, 41.4682197], [1.9096458, 41.4654979], [1.9067805, 41.4651222], [1.8936529, 41.4626395], [1.8841692, 41.4589102], [1.8820757, 41.4552458], [1.8773663, 41.4551672], [1.8751704, 41.4579881], [1.8610455, 41.4576329], [1.8614178, 41.4595727], [1.8574255, 41.4597674], [1.8558478, 41.4615637], [1.8543042, 41.4599996], [1.8523473, 41.4601977], [1.8524463, 41.4620042], [1.8503153, 41.4616969], [1.8478394, 41.4631449], [1.848577, 41.4650403], [1.8375804, 41.4631278], [1.8360846, 41.461048], [1.8368838, 41.4575031], [1.8333969, 41.4538934], [1.832871, 41.4508369], [1.8273317, 41.45055], [1.8263072, 41.4477121], [1.8251666, 41.447975], [1.8244084, 41.4466295], [1.821591, 41.4471896], [1.8203069, 41.4452259], [1.8155428, 41.4432554], [1.8158912, 41.4389353], [1.8137841, 41.4366301], [1.8073876, 41.4359095], [1.8056117, 41.4309679], [1.8008477, 41.4259101], [1.8032348, 41.416464], [1.794639, 41.4095211], [1.7826725, 41.412038], [1.7807294, 41.4166928], [1.7685648, 41.4215764], [1.7575955, 41.421911], [1.7511751, 41.4235571], [1.748665, 41.4175465], [1.7280515, 41.4053137], [1.7183663, 41.4008706], [1.7156377, 41.3968955], [1.7132198, 41.3968511], [1.7118845, 41.3942556], [1.7142955, 41.3935179], [1.7157743, 41.3942863], [1.7199919, 41.3924217], [1.723547, 41.3933096], [1.7265386, 41.3918719], [1.7291, 41.3935487], [1.7308587, 41.3924319], [1.7362477, 41.393354], [1.7363707, 41.3960485], [1.7390276, 41.3947679], [1.7403664, 41.3955704], [1.7431189, 41.3938082], [1.7327336, 41.3848197], [1.7296259, 41.386155], [1.7292536, 41.3830097], [1.7213033, 41.3800044], [1.7099652, 41.3849256], [1.7078547, 41.3843382], [1.7052967, 41.3864965], [1.7031008, 41.3828936], [1.6994262, 41.3834776], [1.697582, 41.3801205], [1.6981831, 41.3773509], [1.6962433, 41.3731708], [1.6944436, 41.3720848], [1.6963219, 41.369783], [1.6881461, 41.3643086], [1.6843725, 41.3624918], [1.6843998, 41.3607364], [1.6778906, 41.3561295], [1.6769105, 41.3502794], [1.6735978, 41.347742], [1.6659993, 41.3459354]]]}}, {"type": "Feature", "properties": {"Index": 914}, "geometry": {"type": "Polygon", "coordinates": [[[1.8779708, 41.4040945], [1.8759183, 41.3988865], [1.8663253, 41.4109964], [1.8647509, 41.4062289], [1.8622169, 41.4038623], [1.8587335, 41.4046033], [1.8545432, 41.4095245], [1.8396261, 41.4232907], [1.8354938, 41.4296701], [1.8232097, 41.4335531], [1.8158912, 41.4389353], [1.8155428, 41.4432554], [1.8203069, 41.4452259], [1.821591, 41.4471896], [1.8244084, 41.4466295], [1.8251666, 41.447975], [1.8263072, 41.4477121], [1.8273317, 41.45055], [1.832871, 41.4508369], [1.8333969, 41.4538934], [1.8368838, 41.4575031], [1.8360846, 41.461048], [1.8375804, 41.4631278], [1.848577, 41.4650403], [1.8478394, 41.4631449], [1.8503153, 41.4616969], [1.8524463, 41.4620042], [1.8523473, 41.4601977], [1.8543042, 41.4599996], [1.8558478, 41.4615637], [1.8574255, 41.4597674], [1.8614178, 41.4595727], [1.8610455, 41.4576329], [1.8751704, 41.4579881], [1.8773663, 41.4551672], [1.8820757, 41.4552458], [1.8841692, 41.4589102], [1.8936529, 41.4626395], [1.9067805, 41.4651222], [1.9074977, 41.458917], [1.9103322, 41.4541666], [1.9136517, 41.4559425], [1.9157519, 41.4552389], [1.918928, 41.455922], [1.9204887, 41.4580632], [1.9194232, 41.4591424], [1.9317209, 41.4658735], [1.9360069, 41.465696], [1.9380252, 41.4633054], [1.9447734, 41.4602762], [1.947584, 41.4610207], [1.9543972, 41.464347], [1.9508386, 41.4670381], [1.9536049, 41.4693365], [1.951771, 41.4697497], [1.9511153, 41.4719968], [1.9455077, 41.4672328], [1.9384384, 41.4751728], [1.934593, 41.4776693], [1.9330289, 41.4855684], [1.9249488, 41.4881297], [1.9223977, 41.4901856], [1.9214654, 41.49399], [1.9247746, 41.4971865], [1.9247405, 41.4956498], [1.9265027, 41.4950043], [1.9295523, 41.4954414], [1.9314102, 41.4970295], [1.9370587, 41.5094262], [1.9516958, 41.5100478], [1.951566, 41.5227827], [1.9493428, 41.5255182], [1.9391351, 41.528503], [1.942721, 41.5283595], [1.950603, 41.5349336], [1.9505927, 41.5365353], [1.9527921, 41.5355312], [1.9539942, 41.5368051], [1.95702, 41.5364499], [1.9591305, 41.5389497], [1.9631637, 41.5391751], [1.9705881, 41.5388234], [1.9744608, 41.5346296], [1.9786512, 41.5338203], [1.9807207, 41.5353127], [1.9861029, 41.5352409], [1.9848837, 41.5279122], [1.9865366, 41.5235716], [1.9821414, 41.525122], [1.978839, 41.5231686], [1.981554, 41.5156246], [1.9854438, 41.5146445], [1.9862634, 41.5125545], [1.988333, 41.4942701], [1.991328, 41.4866646], [1.9952827, 41.4857733], [1.9963516, 41.4842707], [1.9970346, 41.4752616], [1.9983802, 41.4728369], [2.0031101, 41.4731887], [2.0061358, 41.4686261], [2.005808, 41.4630151], [2.0037282, 41.462899], [2.0031306, 41.4616627], [2.000016, 41.4600337], [2.0013001, 41.456062], [1.9963106, 41.4518956], [1.9952314, 41.4358071], [1.9905152, 41.439813], [1.986318, 41.4344137], [1.9830088, 41.4346288], [1.9745155, 41.4321358], [1.9717527, 41.4279216], [1.968966, 41.4277748], [1.9641814, 41.4223072], [1.9558725, 41.4196878], [1.9456409, 41.4202376], [1.9453164, 41.4175602], [1.9399103, 41.418998], [1.9357268, 41.4171436], [1.9369938, 41.4151013], [1.933548, 41.4148862], [1.9274794, 41.4115462], [1.9236852, 41.4078682], [1.9222816, 41.409241], [1.9206185, 41.4068197], [1.9089969, 41.4044975], [1.9051993, 41.4045624], [1.9002133, 41.408377], [1.8926557, 41.4069358], [1.8854464, 41.4081141], [1.8828748, 41.4055152], [1.8779708, 41.4040945]]]}}, {"type": "Feature", "properties": {"Index": 974}, "geometry": {"type": "Polygon", "coordinates": [[[1.9136517, 41.4559425], [1.9103322, 41.4541666], [1.9074977, 41.458917], [1.9067805, 41.4651222], [1.9096458, 41.4654979], [1.9115889, 41.4682197], [1.906982, 41.4695345], [1.9056808, 41.4716348], [1.906176, 41.4753231], [1.9022521, 41.4755451], [1.897669, 41.4779083], [1.8998308, 41.482768], [1.8995712, 41.4861729], [1.895357, 41.4861558], [1.8927001, 41.4896904], [1.8951555, 41.4909745], [1.8936973, 41.4928972], [1.898393, 41.4929245], [1.898574, 41.4957966], [1.8900431, 41.5011412], [1.8946228, 41.503402], [1.8995473, 41.502941], [1.9025833, 41.5011242], [1.9053086, 41.5018652], [1.9108035, 41.5015237], [1.9198296, 41.4978422], [1.9205536, 41.4988531], [1.9231525, 41.4985458], [1.9247746, 41.4971865], [1.9214654, 41.49399], [1.9223977, 41.4901856], [1.9249488, 41.4881297], [1.9330289, 41.4855684], [1.934593, 41.4776693], [1.9384384, 41.4751728], [1.9455077, 41.4672328], [1.9511153, 41.4719968], [1.951771, 41.4697497], [1.9536049, 41.4693365], [1.9508386, 41.4670381], [1.9543972, 41.464347], [1.947584, 41.4610207], [1.9447734, 41.4602762], [1.9380252, 41.4633054], [1.9360069, 41.465696], [1.9317209, 41.4658735], [1.9194232, 41.4591424], [1.9204887, 41.4580632], [1.918928, 41.455922], [1.9157519, 41.4552389], [1.9136517, 41.4559425]]]}}, {"type": "Feature", "properties": {"Index": 936}, "geometry": {"type": "Polygon", "coordinates": [[[1.8675957, 41.5197672], [1.8609738, 41.5151397], [1.8591024, 41.5175269], [1.8577534, 41.5177352], [1.8571899, 41.5159866], [1.8552809, 41.5162291], [1.8542495, 41.5200643], [1.8422933, 41.5235579], [1.8416751, 41.5252313], [1.8403228, 41.5249479], [1.8378229, 41.5288684], [1.8311874, 41.5324098], [1.8272054, 41.53896], [1.8309381, 41.54272], [1.8300809, 41.5444139], [1.8338955, 41.5458824], [1.8327037, 41.5483891], [1.8463982, 41.5693133], [1.8527195, 41.5706384], [1.8609124, 41.5741799], [1.8609192, 41.5809861], [1.8573709, 41.5833699], [1.8521561, 41.5909377], [1.8637196, 41.5923174], [1.8681353, 41.5906645], [1.8688559, 41.5889331], [1.8768028, 41.5899917], [1.8791114, 41.5894078], [1.8828099, 41.5858185], [1.8868466, 41.586078], [1.8912521, 41.5812354], [1.8850161, 41.5789883], [1.8819528, 41.5714409], [1.878746, 41.5689923], [1.8813483, 41.5618514], [1.8792992, 41.5599662], [1.879692, 41.5570805], [1.8760651, 41.5550724], [1.8733501, 41.5439802], [1.8826802, 41.541996], [1.8937485, 41.5329084], [1.8980857, 41.5346604], [1.9097038, 41.5344247], [1.9118724, 41.532683], [1.9121593, 41.5302856], [1.9030034, 41.52838], [1.9008075, 41.5267715], [1.8978159, 41.5269559], [1.8973036, 41.5255694], [1.8910403, 41.5238755], [1.8850946, 41.5247771], [1.8834076, 41.5235169], [1.8771204, 41.5226153], [1.8744805, 41.5248078], [1.8710415, 41.524439], [1.8664824, 41.5199174], [1.8675957, 41.5197672]]]}}, {"type": "Feature", "properties": {"Index": 1007}, "geometry": {"type": "Polygon", "coordinates": [[[1.9295523, 41.4954414], [1.9265027, 41.4950043], [1.9247405, 41.4956498], [1.9247746, 41.4971865], [1.9231525, 41.4985458], [1.9205536, 41.4988531], [1.9198296, 41.4978422], [1.9108035, 41.5015237], [1.9053086, 41.5018652], [1.9031639, 41.5043719], [1.8865222, 41.5079612], [1.8681626, 41.5072099], [1.8644777, 41.5059907], [1.8612846, 41.5065405], [1.8600893, 41.5078246], [1.8559195, 41.5086135], [1.8557658, 41.5124828], [1.8540549, 41.5139137], [1.8552809, 41.5162291], [1.8571899, 41.5159866], [1.8577534, 41.5177352], [1.8591024, 41.5175269], [1.8609738, 41.5151397], [1.8675957, 41.5197672], [1.8664824, 41.5199174], [1.8710415, 41.524439], [1.8744805, 41.5248078], [1.8771204, 41.5226153], [1.8834076, 41.5235169], [1.8850946, 41.5247771], [1.8910403, 41.5238755], [1.8973036, 41.5255694], [1.8978159, 41.5269559], [1.9008075, 41.5267715], [1.9030034, 41.52838], [1.9121593, 41.5302856], [1.9118724, 41.532683], [1.9097038, 41.5344247], [1.8980857, 41.5346604], [1.8937485, 41.5329084], [1.8826802, 41.541996], [1.8733501, 41.5439802], [1.8760651, 41.5550724], [1.879692, 41.5570805], [1.8792992, 41.5599662], [1.8813483, 41.5618514], [1.878746, 41.5689923], [1.8819528, 41.5714409], [1.8850161, 41.5789883], [1.9009407, 41.5739545], [1.9095331, 41.5707511], [1.9207858, 41.5714546], [1.9205058, 41.5699656], [1.9238628, 41.5677663], [1.9208643, 41.5643034], [1.9219367, 41.564662], [1.9225651, 41.5636204], [1.9207653, 41.5620392], [1.9227529, 41.5598023], [1.918928, 41.556797], [1.9245356, 41.5553661], [1.9266461, 41.5523779], [1.9280804, 41.5524974], [1.9259084, 41.5510084], [1.9296548, 41.548109], [1.930027, 41.5440212], [1.9327762, 41.541897], [1.9314614, 41.5394415], [1.9336061, 41.5375496], [1.9324893, 41.5366958], [1.9366353, 41.5321332], [1.9366421, 41.5301866], [1.9391351, 41.528503], [1.9493428, 41.5255182], [1.951566, 41.5227827], [1.9516958, 41.5100478], [1.9370587, 41.5094262], [1.9314102, 41.4970295], [1.9295523, 41.4954414]]]}}, {"type": "Feature", "properties": {"Index": 1158}, "geometry": {"type": "Polygon", "coordinates": [[[1.950603, 41.5349336], [1.942721, 41.5283595], [1.9391351, 41.528503], [1.9366421, 41.5301866], [1.9366353, 41.5321332], [1.9324893, 41.5366958], [1.9336061, 41.5375496], [1.9314614, 41.5394415], [1.9327762, 41.541897], [1.930027, 41.5440212], [1.9296548, 41.548109], [1.9259084, 41.5510084], [1.9280804, 41.5524974], [1.9266461, 41.5523779], [1.9245356, 41.5553661], [1.918928, 41.556797], [1.9227529, 41.5598023], [1.9207653, 41.5620392], [1.9225651, 41.5636204], [1.9219367, 41.564662], [1.9208643, 41.5643034], [1.9238628, 41.5677663], [1.9205058, 41.5699656], [1.9207858, 41.5714546], [1.9279609, 41.5709048], [1.9328991, 41.5757269], [1.9431615, 41.5809281], [1.9480519, 41.5805729], [1.9548684, 41.5778135], [1.9590656, 41.5779911], [1.9611693, 41.5791693], [1.9651786, 41.5756005], [1.9660768, 41.5729504], [1.9699768, 41.572223], [1.9751951, 41.5742584], [1.9788629, 41.5724552], [1.9832103, 41.5720386], [1.9881759, 41.5608542], [1.9834016, 41.5547343], [1.9751336, 41.5496185], [1.9692357, 41.5436899], [1.9585226, 41.5399572], [1.9591305, 41.5389497], [1.95702, 41.5364499], [1.9539942, 41.5368051], [1.9527921, 41.5355312], [1.9505927, 41.5365353], [1.950603, 41.5349336]]]}}, {"type": "Feature", "properties": {"Index": 1149}, "geometry": {"type": "Polygon", "coordinates": [[[1.9207858, 41.5714546], [1.9095331, 41.5707511], [1.9009407, 41.5739545], [1.8850161, 41.5789883], [1.8912521, 41.5812354], [1.8868466, 41.586078], [1.8828099, 41.5858185], [1.8791114, 41.5894078], [1.8768028, 41.5899917], [1.8688559, 41.5889331], [1.8681353, 41.5906645], [1.8637196, 41.5923174], [1.8643035, 41.5980582], [1.8612641, 41.6071014], [1.8635283, 41.6135661], [1.8632415, 41.6167661], [1.8649251, 41.6181287], [1.8664858, 41.6181253], [1.8738487, 41.6125075], [1.8837047, 41.6149527], [1.8899885, 41.6147819], [1.8943222, 41.6192523], [1.9021223, 41.6265264], [1.9090857, 41.6302011], [1.9160388, 41.6280461], [1.9179854, 41.62918], [1.9205467, 41.6288077], [1.9302798, 41.6229884], [1.9352248, 41.625198], [1.9421575, 41.6243852], [1.944729, 41.6355389], [1.9558896, 41.643356], [1.9588607, 41.6415528], [1.9575083, 41.646474], [1.9619445, 41.6442303], [1.9719029, 41.6488133], [1.9711277, 41.644541], [1.9713702, 41.6423622], [1.975803, 41.6380899], [1.9762094, 41.6352554], [1.9704037, 41.6334352], [1.9663602, 41.6298493], [1.9550768, 41.6244774], [1.953861, 41.6208642], [1.9553841, 41.6117596], [1.9565487, 41.6111414], [1.9534375, 41.606251], [1.9477582, 41.6041473], [1.9439299, 41.600377], [1.9464536, 41.597119], [1.9481885, 41.5970781], [1.9552885, 41.5914602], [1.9541274, 41.5892609], [1.9549163, 41.5876592], [1.9521773, 41.5843466], [1.958106, 41.5820551], [1.9611693, 41.5791693], [1.9590656, 41.5779911], [1.9548684, 41.5778135], [1.9480519, 41.5805729], [1.9431615, 41.5809281], [1.9328991, 41.5757269], [1.9279609, 41.5709048], [1.9207858, 41.5714546]]]}}, {"type": "Feature", "properties": {"Index": 10229}, "geometry": {"type": "Polygon", "coordinates": [[[1.8559195, 41.5086135], [1.8545705, 41.5069059], [1.8453976, 41.5069503], [1.8446907, 41.5073909], [1.8389089, 41.5109869], [1.8362281, 41.5111714], [1.8357978, 41.5112021], [1.834985, 41.5136132], [1.8348108, 41.5134322], [1.8334004, 41.5119773], [1.8312523, 41.5122471], [1.8299511, 41.5103756], [1.8290154, 41.5106762], [1.8277655, 41.5110792], [1.8268673, 41.5105737], [1.8257881, 41.5099658], [1.8240942, 41.5106557], [1.8222091, 41.5114207], [1.8213826, 41.5100854], [1.8211982, 41.5097882], [1.8204025, 41.5108025], [1.8198971, 41.511448], [1.8175133, 41.5119056], [1.8119023, 41.5129779], [1.8115916, 41.5139308], [1.811414, 41.5144772], [1.8106319, 41.5142928], [1.8093649, 41.5139956], [1.8081116, 41.5155359], [1.8076745, 41.5160754], [1.8057244, 41.5160925], [1.8057722, 41.5183601], [1.8042286, 41.5178957], [1.8028694, 41.5174893], [1.8028933, 41.5202453], [1.8019951, 41.5207678], [1.8009638, 41.5213688], [1.7901038, 41.5248147], [1.7836868, 41.5268535], [1.7803639, 41.5284347], [1.7792062, 41.5250093], [1.7787418, 41.5236399], [1.7661503, 41.5340866], [1.764412, 41.5340593], [1.7607476, 41.5365353], [1.7605154, 41.5435021], [1.7549112, 41.5553319], [1.7564446, 41.5587266], [1.7534564, 41.5612981], [1.7502189, 41.5611342], [1.7459705, 41.5648054], [1.7432521, 41.5685928], [1.7457656, 41.57182], [1.7429721, 41.5744462], [1.7536579, 41.5767753], [1.7653034, 41.5764748], [1.7718808, 41.5749141], [1.7739641, 41.5726294], [1.776218, 41.5729504], [1.7772186, 41.5748082], [1.785589, 41.5757815], [1.7919855, 41.5734524], [1.795305, 41.5692075], [1.7976238, 41.5683025], [1.7978117, 41.5648737], [1.7947927, 41.5618309], [1.798744, 41.5583611], [1.8017083, 41.5575791], [1.8029172, 41.5583816], [1.8056117, 41.5565682], [1.8177797, 41.5543211], [1.8175611, 41.5507386], [1.8205767, 41.5456775], [1.823961, 41.5428771], [1.8259691, 41.5426244], [1.8245997, 41.5403294], [1.8272054, 41.53896], [1.8311874, 41.5324098], [1.8348688, 41.5304462], [1.8378229, 41.5288684], [1.8403228, 41.5249479], [1.8416751, 41.5252313], [1.8419893, 41.5243775], [1.8422933, 41.5235579], [1.8542495, 41.5200643], [1.8543042, 41.5198559], [1.8552809, 41.5162291], [1.8540549, 41.5139137], [1.8557658, 41.5124828], [1.8558444, 41.5104679], [1.8559195, 41.5086135]]]}}, {"type": "Feature", "properties": {"Index": 1021}, "geometry": {"type": "Polygon", "coordinates": [[[1.7764981, 41.4507754], [1.7692102, 41.445704], [1.7528656, 41.4512979], [1.7496281, 41.4532958], [1.7519094, 41.4576602], [1.7476234, 41.4586643], [1.7469267, 41.4602318], [1.7533676, 41.4653237], [1.748286, 41.4662355], [1.7430335, 41.4693604], [1.7450621, 41.4728711], [1.7404551, 41.4719524], [1.7374396, 41.4732467], [1.7405132, 41.4758388], [1.7443859, 41.4770751], [1.7338264, 41.4828227], [1.7337616, 41.4855377], [1.7290112, 41.4874091], [1.7266001, 41.4920912], [1.717714, 41.4973436], [1.7179667, 41.5011685], [1.7166349, 41.5014486], [1.715262, 41.4992015], [1.7135237, 41.4990205], [1.7077488, 41.5022819], [1.7031691, 41.5071518], [1.7070555, 41.5087296], [1.70766, 41.5101366], [1.7042381, 41.5108264], [1.7039205, 41.5125784], [1.6989788, 41.5116461], [1.6969093, 41.5145045], [1.6971927, 41.5156007], [1.7039922, 41.5185275], [1.7042995, 41.5198013], [1.6939074, 41.5205321], [1.6924901, 41.5226529], [1.688433, 41.5230081], [1.682016, 41.5209215], [1.680428, 41.5134048], [1.6802197, 41.5071655], [1.6685333, 41.5087296], [1.6659139, 41.5067932], [1.6421619, 41.5065951], [1.6377735, 41.5078963], [1.6353761, 41.5071757], [1.6287337, 41.5084256], [1.6154217, 41.5132716], [1.6062009, 41.5129848], [1.6051662, 41.5132443], [1.6045344, 41.5101093], [1.5997498, 41.5129028], [1.5908979, 41.5118988], [1.5883981, 41.509918], [1.5803999, 41.5072474], [1.5771897, 41.5114992], [1.5675011, 41.5093204], [1.5641816, 41.5106659], [1.5597557, 41.5107274], [1.5583794, 41.5131145], [1.5508149, 41.5122164], [1.5475433, 41.5144259], [1.5455557, 41.5174927], [1.5436535, 41.5180459], [1.5432983, 41.5224002], [1.5392105, 41.5261192], [1.538845, 41.5289333], [1.5373765, 41.5288206], [1.5365433, 41.5302925], [1.5355461, 41.5327889], [1.5355461, 41.5327923], [1.5360549, 41.5340764], [1.5326398, 41.5356166], [1.5265917, 41.5418594], [1.5222135, 41.5405822], [1.5170055, 41.5306955], [1.5118009, 41.5249581], [1.5078257, 41.5244663], [1.5044789, 41.522004], [1.4897257, 41.5193744], [1.4851393, 41.525245], [1.4768611, 41.5259758], [1.4657688, 41.5333046], [1.4641808, 41.5327343], [1.45983, 41.5347765], [1.4533994, 41.5353673], [1.4489393, 41.5370646], [1.4496428, 41.5453906], [1.447078, 41.5523813], [1.4576443, 41.5563087], [1.4654751, 41.5611991], [1.4639315, 41.5690777], [1.4738626, 41.5722469], [1.4795829, 41.5719156], [1.4883494, 41.5740228], [1.4897531, 41.5731485], [1.4985708, 41.5746306], [1.5033964, 41.5733329], [1.50536, 41.5737871], [1.5094684, 41.5775164], [1.5101958, 41.580187], [1.5186652, 41.5823044], [1.523262, 41.5816999], [1.5255569, 41.585535], [1.5276572, 41.5863956], [1.5328413, 41.5814745], [1.5458835, 41.5781755], [1.5450093, 41.580228], [1.5505247, 41.5809076], [1.5554048, 41.5836226], [1.5581198, 41.5836943], [1.5603499, 41.5846881], [1.5599128, 41.5862898], [1.5647485, 41.5842954], [1.573399, 41.5868874], [1.5764008, 41.5844012], [1.5773912, 41.5842134], [1.5837706, 41.5817136], [1.5894533, 41.5841485], [1.5931177, 41.5796611], [1.5957747, 41.5791044], [1.602919, 41.581413], [1.6060882, 41.5804466], [1.6135092, 41.5753171], [1.6196462, 41.5760206], [1.623594, 41.5752522], [1.6286176, 41.5722947], [1.6337778, 41.5727489], [1.6318654, 41.5708672], [1.6271082, 41.5714], [1.6272311, 41.5704403], [1.625223, 41.5698461], [1.6231945, 41.5704745], [1.6161935, 41.569327], [1.6169926, 41.5660622], [1.6206946, 41.5614928], [1.6199535, 41.5598672], [1.611006, 41.5555881], [1.612693, 41.5528662], [1.598616, 41.5484061], [1.5855806, 41.541371], [1.5858162, 41.5403021], [1.5901295, 41.5405958], [1.592001, 41.5419994], [1.5996986, 41.5447247], [1.6104118, 41.5457082], [1.6220367, 41.5494102], [1.6243419, 41.5487955], [1.6242497, 41.5475182], [1.6341023, 41.549516], [1.6377837, 41.549376], [1.6396552, 41.5465552], [1.6409359, 41.5465142], [1.6412842, 41.5443729], [1.6518847, 41.5431059], [1.6525199, 41.5394244], [1.6550846, 41.5390966], [1.6565019, 41.5406778], [1.6589095, 41.539643], [1.6625568, 41.5406846], [1.6633184, 41.5441202], [1.6781023, 41.5432391], [1.6880198, 41.5444549], [1.6982002, 41.5447212], [1.7022573, 41.5416545], [1.7022573, 41.5416579], [1.7080254, 41.5449945], [1.7128304, 41.5512441], [1.7161055, 41.5524428], [1.7181136, 41.5528799], [1.722222, 41.5590681], [1.7221946, 41.5623022], [1.7175296, 41.5657275], [1.7184244, 41.5678141], [1.71671, 41.5715844], [1.720108, 41.5736437], [1.7192303, 41.5787014], [1.7200739, 41.5800811], [1.7234958, 41.5799411], [1.7259581, 41.5816657], [1.7335088, 41.5816248], [1.7367873, 41.579726], [1.7383993, 41.5758328], [1.7429721, 41.5744462], [1.7457656, 41.57182], [1.7432521, 41.5685928], [1.7459705, 41.5648054], [1.7502189, 41.5611342], [1.7534564, 41.5612981], [1.7564446, 41.5587266], [1.7549112, 41.5553319], [1.7605154, 41.5435021], [1.7607476, 41.5365353], [1.764412, 41.5340593], [1.7661503, 41.5340866], [1.7787418, 41.5236399], [1.7824745, 41.5214849], [1.7817846, 41.5199482], [1.7833726, 41.5195383], [1.7822866, 41.5173219], [1.7866375, 41.5124896], [1.7830653, 41.5101776], [1.780504, 41.505171], [1.78382, 41.5036752], [1.7845304, 41.502094], [1.7905853, 41.4858348], [1.7929656, 41.4737966], [1.7972687, 41.4703029], [1.7982351, 41.4671747], [1.7877303, 41.4670825], [1.7858144, 41.4651461], [1.7828501, 41.4653613], [1.7802547, 41.4634215], [1.7777548, 41.4647431], [1.7746368, 41.4630458], [1.7764981, 41.4507754]]]}}, {"type": "Feature", "properties": {"Index": 1160}, "geometry": {"type": "Polygon", "coordinates": [[[1.6565019, 41.5406778], [1.6550846, 41.5390966], [1.6525199, 41.5394244], [1.6518847, 41.5431059], [1.6412842, 41.5443729], [1.6409359, 41.5465142], [1.6396552, 41.5465552], [1.6377837, 41.549376], [1.6341023, 41.549516], [1.6242497, 41.5475182], [1.6243419, 41.5487955], [1.6220367, 41.5494102], [1.6104118, 41.5457082], [1.5996986, 41.5447247], [1.592001, 41.5419994], [1.5901295, 41.5405958], [1.5858162, 41.5403021], [1.5855806, 41.541371], [1.598616, 41.5484061], [1.612693, 41.5528662], [1.611006, 41.5555881], [1.6199535, 41.5598672], [1.6206946, 41.5614928], [1.6169926, 41.5660622], [1.6161935, 41.569327], [1.6231945, 41.5704745], [1.625223, 41.5698461], [1.6272311, 41.5704403], [1.6271082, 41.5714], [1.6318654, 41.5708672], [1.6337778, 41.5727489], [1.635984, 41.5773627], [1.6355469, 41.5816487], [1.6380023, 41.5858083], [1.6361308, 41.5852653], [1.6351302, 41.58769], [1.631821, 41.5899132], [1.6324664, 41.5907157], [1.6365372, 41.590603], [1.640369, 41.5930073], [1.6344199, 41.5935195], [1.6337676, 41.5966409], [1.6364553, 41.5978191], [1.6339281, 41.5990656], [1.632241, 41.5984475], [1.6261349, 41.6002541], [1.624219, 41.5982973], [1.6179523, 41.596395], [1.6174093, 41.5946909], [1.6103981, 41.5934068], [1.6086974, 41.5919076], [1.6042065, 41.5918461], [1.6013891, 41.5894829], [1.5984692, 41.5895888], [1.5924245, 41.5931166], [1.5893065, 41.59368], [1.5736346, 41.6044717], [1.572412, 41.6105984], [1.5751782, 41.6176472], [1.5813254, 41.6192386], [1.5891323, 41.6177838], [1.5951326, 41.6189927], [1.6040972, 41.6299757], [1.6002587, 41.6309763], [1.5973627, 41.6375128], [1.5941491, 41.6390564], [1.5917756, 41.64213], [1.5961537, 41.6463203], [1.5996713, 41.6476829], [1.5990975, 41.6487348], [1.6023487, 41.6498549], [1.6025707, 41.6533213], [1.601191, 41.6549981], [1.6030078, 41.6565997], [1.6032879, 41.6589903], [1.6068293, 41.6596597], [1.614725, 41.6580717], [1.6181572, 41.6600968], [1.6210634, 41.6601139], [1.6242668, 41.6632353], [1.6281429, 41.6623849], [1.6282966, 41.660131], [1.6315375, 41.654117], [1.6346179, 41.6507429], [1.6368104, 41.6501691], [1.6405192, 41.6443293], [1.6423292, 41.6437966], [1.6425683, 41.6549503], [1.645092, 41.6554694], [1.6473904, 41.6538643], [1.6500269, 41.6553054], [1.6510787, 41.6542707], [1.6538347, 41.6584815], [1.6556344, 41.6566817], [1.662106, 41.656849], [1.6611259, 41.653072], [1.6674712, 41.6531812], [1.6652582, 41.6506336], [1.6693016, 41.6490831], [1.6642063, 41.6443566], [1.6668564, 41.6362082], [1.6815994, 41.6197065], [1.6794035, 41.6162333], [1.6749741, 41.6150449], [1.672184, 41.6099632], [1.671501, 41.6053631], [1.6733417, 41.592997], [1.6711424, 41.587748], [1.6733963, 41.5849545], [1.6880778, 41.5752249], [1.690021, 41.5717517], [1.6954135, 41.5731963], [1.6987807, 41.5711951], [1.7041049, 41.5707067], [1.714678, 41.5655738], [1.7175296, 41.5657275], [1.7221946, 41.5623022], [1.722222, 41.5590681], [1.7181136, 41.5528799], [1.7161055, 41.5524428], [1.7128304, 41.5512441], [1.7080254, 41.5449945], [1.7022573, 41.5416579], [1.7022573, 41.5416545], [1.6982002, 41.5447212], [1.6880198, 41.5444549], [1.6781023, 41.5432391], [1.6633184, 41.5441202], [1.6625568, 41.5406846], [1.6589095, 41.539643], [1.6565019, 41.5406778]]]}}, {"type": "Feature", "properties": {"Index": 962}, "geometry": {"type": "Polygon", "coordinates": [[[1.6337778, 41.5727489], [1.6286176, 41.5722947], [1.623594, 41.5752522], [1.6196462, 41.5760206], [1.6135092, 41.5753171], [1.6060882, 41.5804466], [1.602919, 41.581413], [1.5957747, 41.5791044], [1.5931177, 41.5796611], [1.5894533, 41.5841485], [1.5837706, 41.5817136], [1.5773912, 41.5842134], [1.5837877, 41.5877788], [1.5893065, 41.59368], [1.5924245, 41.5931166], [1.5984692, 41.5895888], [1.6013891, 41.5894829], [1.6042065, 41.5918461], [1.6086974, 41.5919076], [1.6103981, 41.5934068], [1.6174093, 41.5946909], [1.6179523, 41.596395], [1.624219, 41.5982973], [1.6261349, 41.6002541], [1.632241, 41.5984475], [1.6339281, 41.5990656], [1.6364553, 41.5978191], [1.6337676, 41.5966409], [1.6344199, 41.5935195], [1.640369, 41.5930073], [1.6365372, 41.590603], [1.6324664, 41.5907157], [1.631821, 41.5899132], [1.6351302, 41.58769], [1.6361308, 41.5852653], [1.6380023, 41.5858083], [1.6355469, 41.5816487], [1.635984, 41.5773627], [1.6337778, 41.5727489]]]}}, {"type": "Feature", "properties": {"Index": 964}, "geometry": {"type": "Polygon", "coordinates": [[[1.5110701, 41.434523], [1.503311, 41.4280753], [1.4955553, 41.4355987], [1.4760141, 41.4360837], [1.4688356, 41.4439555], [1.4795863, 41.452862], [1.4835307, 41.4578242], [1.4875264, 41.466256], [1.4861911, 41.4718841], [1.4849958, 41.4720924], [1.4849139, 41.4749133], [1.4799415, 41.4760608], [1.4750272, 41.4794588], [1.4765264, 41.482587], [1.4742861, 41.4862514], [1.4659601, 41.483936], [1.464314, 41.4868012], [1.4603696, 41.4882766], [1.453898, 41.4876823], [1.45231, 41.486347], [1.4501243, 41.4921868], [1.4463984, 41.4948062], [1.4373416, 41.4982896], [1.4228957, 41.4996488], [1.4221786, 41.5033405], [1.4191118, 41.5023092], [1.4156796, 41.5053384], [1.4083338, 41.5051164], [1.4049597, 41.5065985], [1.4012919, 41.5120593], [1.396702, 41.5128857], [1.3989696, 41.5140127], [1.3981602, 41.5194017], [1.400882, 41.5211981], [1.3998165, 41.5238209], [1.4010289, 41.527072], [1.3998951, 41.5285098], [1.4021081, 41.5291621], [1.4029755, 41.5308321], [1.4050553, 41.5305793], [1.4064213, 41.5335983], [1.4090783, 41.5349199], [1.4259557, 41.5318668], [1.436539, 41.5392264], [1.4489393, 41.5370646], [1.4533994, 41.5353673], [1.45983, 41.5347765], [1.4641808, 41.5327343], [1.4657688, 41.5333046], [1.4768611, 41.5259758], [1.4851393, 41.525245], [1.4897257, 41.5193744], [1.5044789, 41.522004], [1.5078257, 41.5244663], [1.5118009, 41.5249581], [1.5170055, 41.5306955], [1.5222135, 41.5405822], [1.5265917, 41.5418594], [1.5326398, 41.5356166], [1.5360549, 41.5340764], [1.5355461, 41.5327923], [1.5355461, 41.5327889], [1.5365433, 41.5302925], [1.5373765, 41.5288206], [1.538845, 41.5289333], [1.5392105, 41.5261192], [1.5432983, 41.5224002], [1.5436535, 41.5180459], [1.5455557, 41.5174927], [1.5475433, 41.5144259], [1.5508149, 41.5122164], [1.5583794, 41.5131145], [1.5597557, 41.5107274], [1.5641816, 41.5106659], [1.5675011, 41.5093204], [1.5771897, 41.5114992], [1.5803999, 41.5072474], [1.5883981, 41.509918], [1.5908979, 41.5118988], [1.5997498, 41.5129028], [1.6045344, 41.5101093], [1.6051662, 41.5132443], [1.6062009, 41.5129848], [1.6154217, 41.5132716], [1.6287337, 41.5084256], [1.6353761, 41.5071757], [1.6377735, 41.5078963], [1.6421619, 41.5065951], [1.6659139, 41.5067932], [1.6685333, 41.5087296], [1.6802197, 41.5071655], [1.680428, 41.5134048], [1.682016, 41.5209215], [1.688433, 41.5230081], [1.6924901, 41.5226529], [1.6939074, 41.5205321], [1.7042995, 41.5198013], [1.7039922, 41.5185275], [1.6971927, 41.5156007], [1.6969093, 41.5145045], [1.6989788, 41.5116461], [1.7039205, 41.5125784], [1.7042381, 41.5108264], [1.70766, 41.5101366], [1.7070555, 41.5087296], [1.7031691, 41.5071518], [1.7077488, 41.5022819], [1.7135237, 41.4990205], [1.715262, 41.4992015], [1.7166349, 41.5014486], [1.7179667, 41.5011685], [1.717714, 41.4973436], [1.7266001, 41.4920912], [1.7290112, 41.4874091], [1.7337616, 41.4855377], [1.7338264, 41.4828227], [1.7443859, 41.4770751], [1.7405132, 41.4758388], [1.7374396, 41.4732467], [1.7404551, 41.4719524], [1.7450621, 41.4728711], [1.7430335, 41.4693604], [1.748286, 41.4662355], [1.7533676, 41.4653237], [1.7469267, 41.4602318], [1.7476234, 41.4586643], [1.7418622, 41.461352], [1.7376855, 41.4607407], [1.7301177, 41.4641421], [1.7258556, 41.4634352], [1.7224917, 41.465573], [1.71643, 41.4660101], [1.712325, 41.4676562], [1.7082781, 41.4719558], [1.702732, 41.4742064], [1.6958813, 41.4723622], [1.6881598, 41.4710133], [1.664862, 41.4705147], [1.6602482, 41.4739332], [1.6612728, 41.4663448], [1.6587968, 41.4655389], [1.6544528, 41.4665873], [1.64598, 41.4630937], [1.6437909, 41.4641284], [1.638016, 41.4593302], [1.6400036, 41.4595283], [1.6419809, 41.4541973], [1.6458229, 41.4535553], [1.637835, 41.4437403], [1.6313429, 41.4468481], [1.6267393, 41.4455503], [1.6200492, 41.4519502], [1.6137278, 41.4517077], [1.6120681, 41.4544603], [1.6022189, 41.4502529], [1.5992444, 41.4506969], [1.5997123, 41.4491669], [1.5985341, 41.4489244], [1.5945657, 41.4510384], [1.5724666, 41.4433032], [1.5715377, 41.446247], [1.5636045, 41.4510042], [1.5542164, 41.451134], [1.5520068, 41.4465748], [1.5476116, 41.4470564], [1.5441521, 41.4461821], [1.5424958, 41.4413224], [1.5370453, 41.4453215], [1.5358978, 41.4446556], [1.5333194, 41.4416776], [1.5358466, 41.4399666], [1.5227941, 41.4382762], [1.5110701, 41.434523]]]}}, {"type": "Feature", "properties": {"Index": 1146}, "geometry": {"type": "Polygon", "coordinates": [[[1.563321, 41.3697352], [1.5601347, 41.3679355], [1.5525088, 41.3681028], [1.5469798, 41.3738128], [1.5478609, 41.3761761], [1.5461328, 41.3793214], [1.5421304, 41.3807318], [1.5371682, 41.385349], [1.5314445, 41.3876474], [1.5192117, 41.388788], [1.5122175, 41.3943205], [1.5096426, 41.3944298], [1.5055479, 41.3914313], [1.5028534, 41.3918787], [1.4961495, 41.3893242], [1.494483, 41.3896418], [1.4848285, 41.3822652], [1.4788828, 41.3818315], [1.477848, 41.3829721], [1.4748052, 41.3825213], [1.4733913, 41.3807489], [1.4740573, 41.3827945], [1.4806587, 41.3878318], [1.4828102, 41.3985962], [1.488971, 41.4000032], [1.490518, 41.4014751], [1.4851119, 41.4139402], [1.4821067, 41.4166791], [1.4841489, 41.4221808], [1.477428, 41.4234615], [1.4754472, 41.4294447], [1.4780359, 41.433133], [1.4836913, 41.4302917], [1.4915255, 41.4353153], [1.4955553, 41.4355987], [1.503311, 41.4280753], [1.5110701, 41.434523], [1.5227941, 41.4382762], [1.5358466, 41.4399666], [1.5333194, 41.4416776], [1.5358978, 41.4446556], [1.5370453, 41.4453215], [1.5424958, 41.4413224], [1.5441521, 41.4461821], [1.5476116, 41.4470564], [1.5520068, 41.4465748], [1.5542164, 41.451134], [1.5636045, 41.4510042], [1.5715377, 41.446247], [1.5724666, 41.4433032], [1.5788016, 41.4316236], [1.5818035, 41.4311181], [1.5859904, 41.4285568], [1.5890196, 41.4285705], [1.5985648, 41.4204699], [1.6021233, 41.4213714], [1.6075636, 41.4186257], [1.6216918, 41.4158048], [1.6243078, 41.4174475], [1.6281839, 41.4169113], [1.6303422, 41.4159893], [1.629427, 41.4149169], [1.6413013, 41.4105046], [1.6282659, 41.411857], [1.6176347, 41.4047843], [1.5961811, 41.3980464], [1.5948116, 41.393214], [1.5883366, 41.3854959], [1.5758886, 41.3781295], [1.5639255, 41.374267], [1.563321, 41.3697352]]]}}, {"type": "Feature", "properties": {"Index": 6382}, "geometry": {"type": "Polygon", "coordinates": [[[1.1049778, 41.3623996], [1.1016515, 41.3598451], [1.0968089, 41.360009], [1.094408, 41.3632909], [1.0976456, 41.3689293], [1.0899274, 41.374752], [1.0886024, 41.3778222], [1.0854742, 41.3799703], [1.0830563, 41.3906185], [1.079187, 41.3926095], [1.0700755, 41.4077281], [1.0700038, 41.4178266], [1.0690202, 41.4177993], [1.0720187, 41.4246431], [1.0682689, 41.4287651], [1.0664965, 41.4342498], [1.0578563, 41.4392358], [1.0554418, 41.4423196], [1.0586827, 41.4436754], [1.0594204, 41.4468446], [1.0627194, 41.4483131], [1.0615241, 41.4490747], [1.0633614, 41.450731], [1.0644235, 41.4546925], [1.0704307, 41.4556214], [1.0754748, 41.4599005], [1.0724729, 41.4630049], [1.0572928, 41.4662526], [1.0433353, 41.4750909], [1.0430826, 41.4764535], [1.0377141, 41.4799915], [1.0463303, 41.4843424], [1.0480106, 41.4874706], [1.0461254, 41.4912648], [1.0421468, 41.4933138], [1.0376014, 41.4982282], [1.0401046, 41.5011037], [1.0429084, 41.5003728], [1.0506538, 41.4956873], [1.0567839, 41.4935631], [1.0652739, 41.4872384], [1.0699491, 41.4867398], [1.0787464, 41.4835842], [1.082865, 41.4791958], [1.0916077, 41.4760198], [1.0942851, 41.4774746], [1.0997219, 41.4761257], [1.1058554, 41.4741073], [1.1084953, 41.4668195], [1.1125285, 41.4670074], [1.1141439, 41.4688754], [1.1200588, 41.469456], [1.1214453, 41.4711157], [1.1300821, 41.4738239], [1.1308847, 41.4768462], [1.1553709, 41.4807804], [1.1525773, 41.4745684], [1.1593358, 41.4609968], [1.1597251, 41.4540061], [1.1707696, 41.439188], [1.1758478, 41.4359334], [1.1782998, 41.4361042], [1.1728835, 41.4298204], [1.1741573, 41.4276825], [1.1731874, 41.4269278], [1.1731465, 41.4234512], [1.1683824, 41.4202479], [1.1655479, 41.4238201], [1.1638574, 41.4230414], [1.1612551, 41.4257291], [1.1578981, 41.4265351], [1.1560881, 41.4257735], [1.1545376, 41.4203981], [1.1490188, 41.418291], [1.1471849, 41.4178471], [1.1468366, 41.4163274], [1.1413622, 41.4159927], [1.1396888, 41.4141554], [1.1324795, 41.4108291], [1.1344193, 41.410491], [1.1381281, 41.4056108], [1.1313355, 41.3973019], [1.1309086, 41.3915167], [1.1268924, 41.3852978], [1.1251712, 41.375517], [1.1229958, 41.3728839], [1.1240237, 41.3694552], [1.1198505, 41.3668017], [1.1089734, 41.3628436], [1.1049778, 41.3623996]]]}}, {"type": "Feature", "properties": {"Index": 6414}, "geometry": {"type": "Polygon", "coordinates": [[[1.1338387, 41.3057603], [1.1228182, 41.3056066], [1.115889, 41.3068565], [1.1143044, 41.308243], [1.1076893, 41.3080586], [1.103137, 41.3097423], [1.1082016, 41.3133964], [1.104486, 41.3156094], [1.0981032, 41.3151893], [1.0789035, 41.3184849], [1.0749796, 41.3213058], [1.0653217, 41.3200114], [1.0673742, 41.3234334], [1.0646592, 41.3260493], [1.0663189, 41.3289453], [1.0658169, 41.3352496], [1.0680059, 41.3362775], [1.0689144, 41.3385622], [1.0723431, 41.3404644], [1.0792416, 41.3419227], [1.082182, 41.3403688], [1.0866865, 41.3413592], [1.0877589, 41.3500848], [1.0842106, 41.3535135], [1.0968089, 41.360009], [1.1016515, 41.3598451], [1.1049778, 41.3623996], [1.1089734, 41.3628436], [1.1198505, 41.3668017], [1.1240237, 41.3694552], [1.1229958, 41.3728839], [1.1251712, 41.375517], [1.1268924, 41.3852978], [1.1309086, 41.3915167], [1.1313355, 41.3973019], [1.1381281, 41.4056108], [1.1344193, 41.410491], [1.1324795, 41.4108291], [1.1396888, 41.4141554], [1.1413622, 41.4159927], [1.1468366, 41.4163274], [1.1471849, 41.4178471], [1.1490188, 41.418291], [1.1545376, 41.4203981], [1.1560881, 41.4257735], [1.1578981, 41.4265351], [1.1612551, 41.4257291], [1.1638574, 41.4230414], [1.1655479, 41.4238201], [1.1683824, 41.4202479], [1.1731465, 41.4234512], [1.1731874, 41.4269278], [1.18165, 41.4208455], [1.1809226, 41.4179017], [1.178597, 41.4165084], [1.1800791, 41.4127825], [1.1828043, 41.4129157], [1.1903073, 41.4068436], [1.1906796, 41.4049858], [1.1862638, 41.4029129], [1.1913079, 41.3943171], [1.193077, 41.3945049], [1.1947811, 41.3970184], [1.1967687, 41.397056], [1.2390441, 41.3800044], [1.2405638, 41.3761829], [1.2327604, 41.3749227], [1.2288227, 41.3702338], [1.2258619, 41.361095], [1.2271425, 41.3531959], [1.2218423, 41.3425476], [1.2119897, 41.3341021], [1.2010307, 41.3307212], [1.1964647, 41.3280881], [1.1928277, 41.3215073], [1.1913865, 41.3154284], [1.1884358, 41.3165076], [1.1844538, 41.3203427], [1.1846724, 41.3261859], [1.1785013, 41.3324185], [1.1834122, 41.3376709], [1.1846178, 41.3424793], [1.1882583, 41.3457613], [1.1840167, 41.3498764], [1.177289, 41.3506073], [1.1726752, 41.3573213], [1.165763, 41.3548693], [1.1638642, 41.3552177], [1.1606131, 41.3585952], [1.159247, 41.3572428], [1.1529803, 41.3563959], [1.1521744, 41.3552006], [1.1551694, 41.3467175], [1.1522632, 41.3436371], [1.1522153, 41.3374796], [1.1504019, 41.335031], [1.1452417, 41.3333645], [1.1406313, 41.3202027], [1.1410685, 41.3186215], [1.1497018, 41.3148137], [1.1515596, 41.3111629], [1.1473762, 41.3117025], [1.1449958, 41.3091753], [1.1344978, 41.3072868], [1.1338387, 41.3057603]]]}}, {"type": "Feature", "properties": {"Index": 6488}, "geometry": {"type": "MultiPolygon", "coordinates": [[[[1.2524518, 41.1693853], [1.2478653, 41.1674045], [1.2422987, 41.169194], [1.2350621, 41.1695424], [1.2340752, 41.1736234], [1.235851, 41.1774825], [1.2335902, 41.1797706], [1.2321525, 41.1887045], [1.2204933, 41.1876014], [1.2196327, 41.1905042], [1.2168358, 41.1913034], [1.2093226, 41.1886396], [1.2017445, 41.190009], [1.2006209, 41.1931099], [1.1939546, 41.1934617], [1.1907615, 41.19367], [1.1857379, 41.1939774], [1.178112, 41.1955517], [1.1775929, 41.1946706], [1.1836854, 41.1909823], [1.1831903, 41.1907979], [1.1817115, 41.1910609], [1.172641, 41.193489], [1.1737885, 41.1956644], [1.1766879, 41.2006744], [1.1803079, 41.2094136], [1.1847749, 41.2140137], [1.1779276, 41.2143348], [1.1800928, 41.2215577], [1.1738602, 41.2240746], [1.1751648, 41.2256353], [1.1810627, 41.2234975], [1.1877801, 41.2323118], [1.1897985, 41.2313966], [1.1962086, 41.2237126], [1.2016386, 41.228381], [1.2044595, 41.2273497], [1.210412, 41.228825], [1.2105998, 41.2363826], [1.2064027, 41.2407061], [1.1948187, 41.2457297], [1.191103, 41.2495478], [1.1956622, 41.259414], [1.2133729, 41.2601995], [1.2072803, 41.2797987], [1.215439, 41.2787708], [1.2156712, 41.2856863], [1.2128845, 41.2865367], [1.1970829, 41.2836031], [1.1940981, 41.2849282], [1.1937395, 41.2918028], [1.1952694, 41.2935103], [1.1953719, 41.2921204], [1.2003511, 41.293442], [1.2024548, 41.2955081], [1.2004706, 41.2958428], [1.1997432, 41.2975435], [1.2006448, 41.3015085], [1.1947367, 41.3049304], [1.1943644, 41.3054222], [1.1913865, 41.3154284], [1.1928277, 41.3215073], [1.1964647, 41.3280881], [1.2010307, 41.3307212], [1.2119897, 41.3341021], [1.2218423, 41.3425476], [1.2416874, 41.3352086], [1.2659414, 41.336841], [1.2732839, 41.3391257], [1.2748924, 41.337425], [1.2828222, 41.3406352], [1.2837067, 41.3399453], [1.2818284, 41.326425], [1.2764258, 41.3183722], [1.2887952, 41.3130856], [1.2898744, 41.3096091], [1.2868691, 41.3038512], [1.2879858, 41.3028916], [1.2863398, 41.2983529], [1.2834882, 41.2983597], [1.2828325, 41.2963961], [1.2800765, 41.2971645], [1.2809029, 41.2940806], [1.2790861, 41.29113], [1.2816235, 41.2905323], [1.2787822, 41.2801641], [1.2732087, 41.2746453], [1.2683115, 41.276971], [1.2659721, 41.2771315], [1.2649818, 41.274799], [1.2584999, 41.275021], [1.2555288, 41.2762948], [1.2575471, 41.265305], [1.2552078, 41.2654553], [1.2535583, 41.2637751], [1.2481283, 41.2634131], [1.242852, 41.2672277], [1.2387334, 41.2665242], [1.2392798, 41.2639014], [1.2362642, 41.2615621], [1.2366945, 41.260097], [1.2338122, 41.257242], [1.2350655, 41.2540796], [1.23386, 41.2511529], [1.2349324, 41.2454019], [1.2305542, 41.2420517], [1.2311074, 41.2351532], [1.2294136, 41.2345863], [1.2272347, 41.2300374], [1.2308445, 41.2270048], [1.2322344, 41.2257822], [1.2331189, 41.217159], [1.2332419, 41.2159194], [1.2389314, 41.2172239], [1.2423977, 41.2214177], [1.2531451, 41.2129721], [1.2606036, 41.201313], [1.2593742, 41.1998445], [1.2618262, 41.1930007], [1.2648725, 41.1832062], [1.2610066, 41.1831276], [1.2590361, 41.1810376], [1.2524518, 41.1693853]]], [[[1.2241782, 41.1785172], [1.2247485, 41.1771888], [1.2183896, 41.1778274], [1.2201996, 41.1802282], [1.2239767, 41.1794769], [1.2241782, 41.1785172]]]]}}, {"type": "Feature", "properties": {"Index": 6364}, "geometry": {"type": "Polygon", "coordinates": [[[1.3140806, 41.3117845], [1.3158564, 41.3037863], [1.2887952, 41.3130856], [1.2764258, 41.3183722], [1.2818284, 41.326425], [1.2837067, 41.3399453], [1.2828222, 41.3406352], [1.2748924, 41.337425], [1.2732839, 41.3391257], [1.2659414, 41.336841], [1.2416874, 41.3352086], [1.2218423, 41.3425476], [1.2271425, 41.3531959], [1.2258619, 41.361095], [1.2288227, 41.3702338], [1.2327604, 41.3749227], [1.2405638, 41.3761829], [1.2390441, 41.3800044], [1.2412981, 41.3842904], [1.2541491, 41.3850212], [1.2528787, 41.3879035], [1.2563655, 41.3905673], [1.2615018, 41.3990914], [1.2595893, 41.4038554], [1.2635064, 41.4063211], [1.2715353, 41.4081926], [1.2823919, 41.4166654], [1.2837204, 41.4181544], [1.2878151, 41.418192], [1.2930368, 41.4258657], [1.3015062, 41.4291169], [1.3045525, 41.4286866], [1.3062942, 41.4291715], [1.3091833, 41.4370023], [1.3116798, 41.4373165], [1.3146338, 41.4416332], [1.3185305, 41.4428217], [1.3216314, 41.4485761], [1.3281713, 41.4407658], [1.3272799, 41.4281094], [1.3287211, 41.427102], [1.3412852, 41.4307083], [1.3472616, 41.4288505], [1.3523365, 41.4286866], [1.3522204, 41.4278362], [1.3555808, 41.4194317], [1.3506597, 41.4070383], [1.3513051, 41.4053854], [1.3598804, 41.398965], [1.3664545, 41.3964447], [1.3680971, 41.3970218], [1.3802139, 41.3953279], [1.382724, 41.3983025], [1.3900357, 41.3964549], [1.3927507, 41.3980259], [1.3975387, 41.3973941], [1.3972074, 41.3953348], [1.405209, 41.3944434], [1.4059364, 41.3962056], [1.4044986, 41.3972438], [1.4074834, 41.4056108], [1.4119128, 41.4032066], [1.4141087, 41.4036915], [1.4184288, 41.4009048], [1.4239408, 41.4035378], [1.4266114, 41.3993475], [1.4251497, 41.3926232], [1.4196412, 41.3900448], [1.4186132, 41.3818007], [1.4163627, 41.3801581], [1.4171755, 41.3778734], [1.4120289, 41.3744071], [1.4116498, 41.3707393], [1.4296542, 41.3744856], [1.4317818, 41.3767703], [1.4313105, 41.3784744], [1.4336499, 41.3834878], [1.4492842, 41.3781739], [1.4524363, 41.3793487], [1.4554689, 41.3789696], [1.4619576, 41.3845157], [1.4681901, 41.3852568], [1.4708403, 41.3838122], [1.4711852, 41.3815105], [1.4733913, 41.3807489], [1.4748052, 41.3825213], [1.477848, 41.3829721], [1.4788828, 41.3818315], [1.4848285, 41.3822652], [1.494483, 41.3896418], [1.4961495, 41.3893242], [1.5028534, 41.3918787], [1.5055479, 41.3914313], [1.5096426, 41.3944298], [1.5122175, 41.3943205], [1.5192117, 41.388788], [1.5314445, 41.3876474], [1.5371682, 41.385349], [1.5288559, 41.3677408], [1.5187745, 41.3645989], [1.5130406, 41.359244], [1.5045165, 41.3616688], [1.4943634, 41.3556445], [1.472418, 41.3552416], [1.4623401, 41.3562456], [1.4477645, 41.3487631], [1.4276427, 41.3360692], [1.4029174, 41.3250077], [1.3951447, 41.3262884], [1.3832089, 41.3308578], [1.3744526, 41.3314179], [1.3645045, 41.329502], [1.3615948, 41.3250829], [1.3584802, 41.3242735], [1.3582753, 41.322443], [1.3528248, 41.3189596], [1.3378701, 41.3295566], [1.3326245, 41.3342285], [1.3307462, 41.3307519], [1.3264569, 41.3282282], [1.3199614, 41.3160124], [1.3140806, 41.3117845]]]}}, {"type": "Feature", "properties": {"Index": 6464}, "geometry": {"type": "Polygon", "coordinates": [[[1.5771351, 41.2897674], [1.5672928, 41.2830191], [1.5618628, 41.2849555], [1.5558659, 41.2908773], [1.5534514, 41.291854], [1.5509618, 41.2950505], [1.550914, 41.2979431], [1.5426904, 41.2978099], [1.5338897, 41.2929605], [1.5194883, 41.2894771], [1.5186345, 41.3031887], [1.5215442, 41.313311], [1.5202157, 41.3167569], [1.4850436, 41.298148], [1.4807748, 41.2989369], [1.4685317, 41.2985134], [1.4664553, 41.2972976], [1.459386, 41.3007606], [1.4409821, 41.2903343], [1.4360814, 41.2862566], [1.4352413, 41.2871207], [1.4300401, 41.2862362], [1.413634, 41.2877422], [1.4034536, 41.2897639], [1.3990959, 41.2921989], [1.4101779, 41.2993365], [1.4160519, 41.2991486], [1.419788, 41.3035439], [1.4243437, 41.3046743], [1.4260923, 41.3084582], [1.420471, 41.3139975], [1.4122304, 41.318601], [1.4044303, 41.3210428], [1.4029174, 41.3250077], [1.4276427, 41.3360692], [1.4477645, 41.3487631], [1.4623401, 41.3562456], [1.472418, 41.3552416], [1.4943634, 41.3556445], [1.5045165, 41.3616688], [1.5130406, 41.359244], [1.5187745, 41.3645989], [1.5288559, 41.3677408], [1.5371682, 41.385349], [1.5421304, 41.3807318], [1.5461328, 41.3793214], [1.5478609, 41.3761761], [1.5469798, 41.3738128], [1.5525088, 41.3681028], [1.5601347, 41.3679355], [1.563321, 41.3697352], [1.5697038, 41.3683623], [1.5708513, 41.3614058], [1.5744474, 41.3632158], [1.5783133, 41.3624474], [1.5775415, 41.3608047], [1.5791363, 41.3563378], [1.5739659, 41.3553474], [1.5590112, 41.3431385], [1.5661385, 41.339638], [1.5695467, 41.3325243], [1.5689013, 41.3304719], [1.5740717, 41.324837], [1.5737234, 41.3172759], [1.5751031, 41.3151415], [1.5785933, 41.3158928], [1.5873189, 41.3122319], [1.5927284, 41.3115488], [1.5953307, 41.309329], [1.5959864, 41.3076078], [1.5915229, 41.3008698], [1.5905052, 41.2957472], [1.5884971, 41.2939816], [1.5922059, 41.2923902], [1.5930597, 41.2904572], [1.5891665, 41.2853516], [1.581001, 41.2907577], [1.5771351, 41.2897674]]]}}, {"type": "Feature", "properties": {"Index": 6402}, "geometry": {"type": "Polygon", "coordinates": [[[1.4440181, 41.2029113], [1.4372255, 41.2027849], [1.4278784, 41.2084608], [1.4270758, 41.2115788], [1.4177526, 41.2115856], [1.4102018, 41.212453], [1.4048196, 41.210083], [1.401408, 41.206118], [1.396439, 41.2058312], [1.3923955, 41.21344], [1.3909031, 41.2208986], [1.3992428, 41.2214723], [1.4057451, 41.22597], [1.4064145, 41.237694], [1.4136067, 41.241174], [1.4075346, 41.2415394], [1.3991677, 41.2389815], [1.3956535, 41.2392581], [1.3905104, 41.241717], [1.3813238, 41.241355], [1.378018, 41.2425537], [1.3703716, 41.2429328], [1.3679674, 41.2455555], [1.3669326, 41.2507806], [1.3591154, 41.2532395], [1.3581592, 41.2546431], [1.3561409, 41.2512178], [1.3545119, 41.2514944], [1.3552017, 41.2496605], [1.3528419, 41.2482637], [1.3524492, 41.2457741], [1.3475792, 41.2412594], [1.3511446, 41.2405012], [1.3510148, 41.238336], [1.3462439, 41.2369598], [1.343628, 41.238879], [1.340831, 41.2373354], [1.3378531, 41.2386366], [1.3348614, 41.2379945], [1.3341204, 41.2366968], [1.3384131, 41.2327285], [1.3412647, 41.2328992], [1.3412272, 41.2289377], [1.3468587, 41.2285894], [1.3470192, 41.229771], [1.3442017, 41.2313453], [1.3479583, 41.2325816], [1.3496761, 41.231861], [1.3486004, 41.2289548], [1.3508407, 41.2260519], [1.3540713, 41.2247508], [1.3527121, 41.2206527], [1.3474495, 41.2223978], [1.3462815, 41.2191739], [1.3436109, 41.2190237], [1.3439558, 41.2146626], [1.3413228, 41.2150656], [1.3401582, 41.2138874], [1.3367158, 41.2206185], [1.3325358, 41.2203248], [1.327881, 41.2184568], [1.3252923, 41.2193549], [1.3225295, 41.2221246], [1.3180694, 41.223938], [1.3171132, 41.2276844], [1.3136674, 41.2307955], [1.3089067, 41.2318849], [1.3038626, 41.2366182], [1.3009803, 41.2357542], [1.2963289, 41.2386741], [1.2977291, 41.2405866], [1.2993376, 41.2394289], [1.3024454, 41.2408052], [1.3025307, 41.2432265], [1.3072811, 41.247386], [1.3091663, 41.2479461], [1.3111299, 41.2464503], [1.312554, 41.2482876], [1.3118881, 41.2510334], [1.3155252, 41.2537313], [1.3157096, 41.2556062], [1.3102215, 41.2580206], [1.312414, 41.2603156], [1.3119427, 41.2618524], [1.3036236, 41.2672516], [1.3045217, 41.2707658], [1.3084115, 41.2696388], [1.3149583, 41.2728251], [1.3287416, 41.2724494], [1.3295032, 41.2678664], [1.3324435, 41.2650523], [1.3412886, 41.2604078], [1.3491673, 41.2640517], [1.3528419, 41.2644], [1.352596, 41.2773842], [1.3540474, 41.2789142], [1.3579372, 41.2790815], [1.3593067, 41.286745], [1.3644259, 41.2854268], [1.3748215, 41.2839788], [1.3798075, 41.2816087], [1.3813545, 41.2831352], [1.3810643, 41.285215], [1.3869689, 41.2855122], [1.3874573, 41.2870797], [1.3924024, 41.2863864], [1.3949329, 41.2901601], [1.3990959, 41.2921989], [1.4034536, 41.2897639], [1.413634, 41.2877422], [1.4300401, 41.2862362], [1.4352413, 41.2871207], [1.4360814, 41.2862566], [1.4409821, 41.2903343], [1.459386, 41.3007606], [1.4664553, 41.2972976], [1.4685317, 41.2985134], [1.4807748, 41.2989369], [1.4850436, 41.298148], [1.5202157, 41.3167569], [1.5215442, 41.313311], [1.5186345, 41.3031887], [1.5194883, 41.2894771], [1.5338897, 41.2929605], [1.5426904, 41.2978099], [1.550914, 41.2979431], [1.5509618, 41.2950505], [1.5534514, 41.291854], [1.5558659, 41.2908773], [1.5618628, 41.2849555], [1.5672928, 41.2830191], [1.5613778, 41.2809154], [1.5537348, 41.2806969], [1.5475296, 41.2753591], [1.5448658, 41.2744814], [1.5372229, 41.2752703], [1.5279748, 41.2736208], [1.5269127, 41.2700008], [1.5259565, 41.2723572], [1.5171524, 41.2722274], [1.5102641, 41.269994], [1.5100182, 41.2683206], [1.5055581, 41.2678459], [1.5050083, 41.2652197], [1.5077062, 41.2652333], [1.5105066, 41.2634472], [1.5121697, 41.2619685], [1.5120707, 41.2598477], [1.5129415, 41.2562209], [1.5257413, 41.2606332], [1.5273669, 41.2601585], [1.5378239, 41.2571498], [1.5291086, 41.253622], [1.5314582, 41.2466962], [1.5309015, 41.2431718], [1.5281114, 41.2405593], [1.52513, 41.2388688], [1.5091166, 41.2386502], [1.507877, 41.2365841], [1.5060157, 41.2367275], [1.4950328, 41.228282], [1.4936667, 41.2224319], [1.4943224, 41.2179752], [1.483985, 41.2142801], [1.4771274, 41.2085325], [1.4581293, 41.2038846], [1.4467331, 41.2044617], [1.4440181, 41.2029113]]]}}, {"type": "Feature", "properties": {"Index": 6458}, "geometry": {"type": "Polygon", "coordinates": [[[1.4784764, 41.1682617], [1.4596831, 41.1634567], [1.4569955, 41.1672338], [1.4589182, 41.1680158], [1.4572277, 41.1739922], [1.4520538, 41.1725272], [1.4505375, 41.176878], [1.4463438, 41.1755085], [1.4436117, 41.1765262], [1.4402581, 41.1753856], [1.4392267, 41.1765331], [1.4360541, 41.1757886], [1.4309724, 41.1822363], [1.4316486, 41.1864164], [1.4342783, 41.1877995], [1.430771, 41.1949746], [1.4326253, 41.194879], [1.4362385, 41.1986185], [1.4372255, 41.2027849], [1.4440181, 41.2029113], [1.4467331, 41.2044617], [1.4581293, 41.2038846], [1.4771274, 41.2085325], [1.4791628, 41.2056536], [1.4788384, 41.1965524], [1.4835239, 41.1866178], [1.4958866, 41.1732682], [1.4852007, 41.1702356], [1.4803171, 41.1674182], [1.4784764, 41.1682617]]]}}, {"type": "Feature", "properties": {"Index": 6438}, "geometry": {"type": "Polygon", "coordinates": [[[1.4136477, 41.1621111], [1.4071043, 41.1590854], [1.4047274, 41.1600757], [1.3960121, 41.1672713], [1.39467, 41.1697917], [1.3870304, 41.1732068], [1.3834924, 41.1728482], [1.3821673, 41.174607], [1.3891341, 41.1816523], [1.3873378, 41.1917098], [1.3970093, 41.2016852], [1.3949227, 41.2036831], [1.396439, 41.2058312], [1.401408, 41.206118], [1.4048196, 41.210083], [1.4102018, 41.212453], [1.4177526, 41.2115856], [1.4137091, 41.2076992], [1.4121655, 41.2024536], [1.4128315, 41.1999435], [1.4111307, 41.1989463], [1.4171516, 41.194879], [1.4176228, 41.1865051], [1.4226499, 41.1777932], [1.4213316, 41.1716836], [1.4248048, 41.1646656], [1.4248048, 41.1646622], [1.4250609, 41.1621145], [1.4209867, 41.1600108], [1.4136477, 41.1621111]]]}}, {"type": "Feature", "properties": {"Index": 10227}, "geometry": {"type": "Polygon", "coordinates": [[[1.4005337, 41.1349987], [1.3949466, 41.1315836], [1.3902474, 41.1315973], [1.3903533, 41.132895], [1.3918184, 41.136433], [1.3885911, 41.1407804], [1.3856063, 41.1409785], [1.3896737, 41.1498373], [1.3899093, 41.1580472], [1.3922931, 41.1599391], [1.3933927, 41.1651574], [1.3960121, 41.1672713], [1.4047274, 41.1600757], [1.4062472, 41.1594439], [1.4071043, 41.1590854], [1.4111307, 41.1609466], [1.4136477, 41.1621111], [1.4209867, 41.1600108], [1.4250609, 41.1621145], [1.4249346, 41.163385], [1.4248048, 41.1646622], [1.4251156, 41.1645734], [1.4322394, 41.1625209], [1.4382261, 41.1587677], [1.4407464, 41.1553117], [1.4407669, 41.1552844], [1.4029584, 41.1390934], [1.4005337, 41.1349987]]]}}, {"type": "Feature", "properties": {"Index": 10226}, "geometry": {"type": "Polygon", "coordinates": [[[1.2572534, 41.1142383], [1.2565704, 41.1137739], [1.2562323, 41.1138388], [1.2492689, 41.1172026], [1.2454235, 41.1190365], [1.2364247, 41.1175646], [1.2363257, 41.11932], [1.2345874, 41.1219496], [1.2342869, 41.1226463], [1.2325076, 41.1246031], [1.2322208, 41.1275196], [1.2325418, 41.129917], [1.2332351, 41.131669], [1.2334331, 41.1339639], [1.2332316, 41.1356032], [1.2340957, 41.1370273], [1.2340717, 41.138325], [1.2343723, 41.1392368], [1.2355334, 41.1412039], [1.2375073, 41.144117], [1.2381699, 41.146873], [1.236657, 41.1499295], [1.2382996, 41.1510394], [1.2376781, 41.1524737], [1.2382416, 41.1525147], [1.2378044, 41.1535324], [1.2372239, 41.1535256], [1.2367355, 41.154656], [1.2368346, 41.1558444], [1.2368038, 41.1559947], [1.236896, 41.1578218], [1.2370395, 41.1581701], [1.2370087, 41.1600347], [1.2400174, 41.1600996], [1.2400516, 41.1610661], [1.240055, 41.1612164], [1.2398194, 41.1654135], [1.239792, 41.1659326], [1.2413527, 41.1658404], [1.2417523, 41.1658165], [1.2425378, 41.164652], [1.2450547, 41.1653281], [1.2463832, 41.1661034], [1.2478585, 41.16666], [1.2474589, 41.1649559], [1.2478756, 41.1638665], [1.2463832, 41.1638118], [1.246349, 41.1638118], [1.2455396, 41.1627702], [1.2450376, 41.1616364], [1.2432003, 41.1608817], [1.2424251, 41.1604138], [1.2413561, 41.1599118], [1.2413561, 41.1597684], [1.242046, 41.1596762], [1.2451059, 41.1592732], [1.2474931, 41.1589556], [1.2474145, 41.1586243], [1.2515844, 41.1583614], [1.2566797, 41.1577398], [1.25906, 41.1593722], [1.2629532, 41.1589419], [1.2660234, 41.1591537], [1.2716412, 41.1589795], [1.2714158, 41.1531602], [1.2747319, 41.1508208], [1.2762823, 41.1488435], [1.2814972, 41.1460841], [1.2871833, 41.1457733], [1.2910902, 41.1490142], [1.2910765, 41.1506467], [1.2933817, 41.1516575], [1.295342, 41.1532114], [1.2973774, 41.154434], [1.2954717, 41.1559093], [1.298016, 41.1593073], [1.3051911, 41.165516], [1.3071718, 41.1647988], [1.305857, 41.1629342], [1.306038, 41.1624561], [1.3074143, 41.162719], [1.3084081, 41.1625756], [1.3091355, 41.1615032], [1.3125711, 41.1577637], [1.3139781, 41.1585116], [1.3145894, 41.1583887], [1.3135683, 41.1564455], [1.3138142, 41.1520093], [1.3160921, 41.1509779], [1.3190154, 41.1510394], [1.3198589, 41.1556976], [1.3244283, 41.158334], [1.3250977, 41.1580472], [1.3297456, 41.1634772], [1.331279, 41.1608954], [1.3340965, 41.1564216], [1.3409096, 41.1548028], [1.3473846, 41.153266], [1.349642, 41.1530509], [1.3505948, 41.1529621], [1.3508475, 41.1539251], [1.3538699, 41.1532797], [1.3574011, 41.152525], [1.362008, 41.1473647], [1.3628584, 41.1464119], [1.3651397, 41.1492567], [1.3654675, 41.1496631], [1.3682201, 41.1503495], [1.3705628, 41.1514048], [1.3736091, 41.1577535], [1.3732608, 41.1581462], [1.3735954, 41.1589795], [1.3754532, 41.1600416], [1.3763036, 41.1619165], [1.3787659, 41.1625722], [1.3785815, 41.1644436], [1.3776184, 41.1648637], [1.3767988, 41.1652223], [1.3792816, 41.1708094], [1.3834924, 41.1728482], [1.3870304, 41.1732068], [1.3887106, 41.1724554], [1.3925492, 41.1701947], [1.3946666, 41.1697917], [1.395715, 41.167828], [1.3960121, 41.1672713], [1.3933927, 41.1651574], [1.3922931, 41.1599391], [1.3899093, 41.1580472], [1.3896737, 41.1500149], [1.389199, 41.1488025], [1.3856063, 41.1409785], [1.3884853, 41.1405585], [1.3898103, 41.1391344], [1.3918184, 41.136433], [1.3903533, 41.132895], [1.3893766, 41.1323725], [1.3859991, 41.1327891], [1.3859103, 41.1339707], [1.3822254, 41.1344079], [1.37337, 41.1330692], [1.3704638, 41.1324066], [1.3700779, 41.1320344], [1.3637668, 41.1307162], [1.3621378, 41.130262], [1.3605873, 41.1293638], [1.358528, 41.1288447], [1.3568751, 41.1279738], [1.3552461, 41.1278577], [1.3537845, 41.12809], [1.3525175, 41.1270996], [1.3495327, 41.1271884], [1.349116, 41.1280353], [1.3478285, 41.1280217], [1.3455882, 41.1275674], [1.3441163, 41.1267547], [1.3439627, 41.1261126], [1.3430235, 41.1248661], [1.3415072, 41.1255389], [1.3397075, 41.1273352], [1.3386761, 41.127868], [1.337153, 41.1275982], [1.3365929, 41.1283597], [1.3341989, 41.1284178], [1.3334032, 41.1279294], [1.332266, 41.1283324], [1.331723, 41.128066], [1.329872, 41.1281173], [1.3294895, 41.1286364], [1.3274302, 41.1286227], [1.3264057, 41.1279021], [1.3248415, 41.1277075], [1.3233628, 41.1282402], [1.3231921, 41.128954], [1.3218636, 41.1292682], [1.3180899, 41.1294594], [1.3154569, 41.1294867], [1.3121442, 41.1293774], [1.3060858, 41.1289676], [1.3036919, 41.1287013], [1.2994674, 41.1280524], [1.2956869, 41.1272123], [1.2927499, 41.1261673], [1.2928387, 41.1257404], [1.2912814, 41.1252964], [1.2909228, 41.1245348], [1.2886313, 41.1236333], [1.2878219, 41.1229844], [1.2867257, 41.1235137], [1.2846288, 41.1227351], [1.2835565, 41.1211197], [1.282631, 41.1210549], [1.2823168, 41.1204333], [1.2812308, 41.1198971], [1.279974, 41.1203753], [1.279011, 41.1204265], [1.2766955, 41.1194361], [1.2744689, 41.1178925], [1.2734341, 41.1192005], [1.2721944, 41.1202216], [1.2707328, 41.1205358], [1.2693975, 41.1212222], [1.2664366, 41.1222433], [1.2646403, 41.1230049], [1.2626937, 41.1224311], [1.2639675, 41.121813], [1.2628747, 41.1212051], [1.2615701, 41.1208534], [1.2614745, 41.1204026], [1.258377, 41.1205699], [1.2568504, 41.120085], [1.254453, 41.1183091], [1.2528343, 41.1174895], [1.257431, 41.1153141], [1.2572534, 41.1142383]]]}}, {"type": "Feature", "properties": {"Index": 10234}, "geometry": {"type": "MultiPolygon", "coordinates": [[[[1.1499887, 41.1725374], [1.1442035, 41.1705771], [1.148247, 41.1721686], [1.1499887, 41.1725374]]], [[[1.1695845, 41.1497212], [1.1677233, 41.149267], [1.1614054, 41.1499671], [1.1472942, 41.1666942], [1.1442035, 41.1705737], [1.1614054, 41.1499671], [1.1695845, 41.1497212]]], [[[1.2370395, 41.1581701], [1.236896, 41.1578218], [1.2370087, 41.1600347], [1.2370395, 41.1581701]]], [[[1.2382416, 41.1525147], [1.2376781, 41.1524737], [1.2372239, 41.1535256], [1.2378044, 41.1535324], [1.2382416, 41.1525147]]], [[[1.2283856, 41.0903737], [1.2264117, 41.0876416], [1.2256979, 41.0879114], [1.2266473, 41.0886695], [1.2306976, 41.0938946], [1.230503, 41.0945913], [1.2313294, 41.0956705], [1.2320671, 41.0958105], [1.2341196, 41.0984435], [1.2331258, 41.0995876], [1.2452869, 41.104198], [1.2442931, 41.1058509], [1.2447166, 41.1066022], [1.2474248, 41.1057587], [1.249064, 41.1086854], [1.2482717, 41.1089859], [1.2428724, 41.109908], [1.2425583, 41.1094504], [1.2400038, 41.1086956], [1.2394471, 41.1087127], [1.239051, 41.1070427], [1.2418923, 41.1061172], [1.2414074, 41.1052874], [1.2375791, 41.1065475], [1.2368551, 41.1066876], [1.2359398, 41.1060797], [1.2365648, 41.1055469], [1.2372171, 41.103655], [1.230141, 41.1009468], [1.2299668, 41.1010014], [1.2285017, 41.1053386], [1.2279621, 41.1058065], [1.2258892, 41.1052464], [1.2260463, 41.1028866], [1.2240416, 41.1024938], [1.2235225, 41.1033169], [1.2242943, 41.1048537], [1.2236557, 41.1054342], [1.2211524, 41.1056289], [1.2179184, 41.1055708], [1.2170577, 41.1052942], [1.2134036, 41.1036447], [1.2129255, 41.1026748], [1.2114467, 41.1019167], [1.2113033, 41.1014147], [1.2085371, 41.1005575], [1.2065324, 41.0997686], [1.2011502, 41.0962442], [1.200054, 41.0957661], [1.1991456, 41.0949499], [1.1992754, 41.0945606], [1.1971102, 41.0928701], [1.1924964, 41.0977742], [1.1905566, 41.1000145], [1.1893169, 41.1011585], [1.1899112, 41.1014795], [1.1924144, 41.102125], [1.1976429, 41.1042833], [1.1999106, 41.1046692], [1.2019972, 41.1046795], [1.2056001, 41.1057382], [1.2078438, 41.1060284], [1.2067305, 41.1074047], [1.2024958, 41.1070359], [1.201782, 41.1105056], [1.2014986, 41.1111238], [1.1977795, 41.1112399], [1.1973561, 41.1148394], [1.2019562, 41.1150682], [1.2129972, 41.1152048], [1.2170407, 41.1153721], [1.2221121, 41.1154883], [1.2219072, 41.1172948], [1.2222009, 41.1187292], [1.2223375, 41.1217686], [1.2219243, 41.1221067], [1.2182394, 41.1231039], [1.2030593, 41.1274752], [1.1914684, 41.1309552], [1.1916973, 41.1314641], [1.1934116, 41.1323861], [1.197298, 41.1298385], [1.2043946, 41.1348109], [1.208643, 41.1321368], [1.2176315, 41.1406302], [1.2172592, 41.1415147], [1.2259336, 41.1461797], [1.2285154, 41.1444448], [1.2382996, 41.1510394], [1.236657, 41.1499295], [1.2381699, 41.146873], [1.2375073, 41.144117], [1.2355334, 41.1412039], [1.2343723, 41.1392368], [1.2340717, 41.138325], [1.2340957, 41.1370273], [1.2332316, 41.1356032], [1.2334331, 41.1339639], [1.2332351, 41.131669], [1.2325418, 41.129917], [1.2322208, 41.1275196], [1.2325076, 41.1246031], [1.2342869, 41.1226463], [1.2345874, 41.1219496], [1.2363257, 41.11932], [1.2364247, 41.1175646], [1.2454235, 41.1190365], [1.2492689, 41.1172026], [1.2562323, 41.1138388], [1.2565704, 41.1137739], [1.2572534, 41.1142383], [1.257431, 41.1153141], [1.2528343, 41.1174895], [1.254453, 41.1183091], [1.2568504, 41.120085], [1.258377, 41.1205699], [1.2614745, 41.1204026], [1.2615701, 41.1208534], [1.2628747, 41.1212051], [1.2639675, 41.121813], [1.2626937, 41.1224311], [1.2646403, 41.1230049], [1.2664366, 41.1222433], [1.2693975, 41.1212222], [1.2707328, 41.1205358], [1.2721944, 41.1202216], [1.2734341, 41.1192005], [1.2744689, 41.1178925], [1.2750085, 41.1163557], [1.2741855, 41.1155292], [1.2716378, 41.1143715], [1.2715831, 41.1138251], [1.270422, 41.1131455], [1.2685915, 41.1137773], [1.2673997, 41.1129816], [1.2659278, 41.1126264], [1.2656067, 41.1136714], [1.2646232, 41.1144637], [1.2625468, 41.1143749], [1.2606856, 41.1140744], [1.2574754, 41.112985], [1.2557815, 41.1120697], [1.2519976, 41.1096792], [1.2509389, 41.1082756], [1.2498666, 41.1082483], [1.2493031, 41.1063904], [1.2489889, 41.1062402], [1.247295, 41.104198], [1.2447371, 41.1018825], [1.2427529, 41.1011722], [1.2403897, 41.1010424], [1.2356393, 41.0992836], [1.2350314, 41.0988943], [1.2313909, 41.0941473], [1.2283856, 41.0903737]]]]}}, {"type": "Feature", "properties": {"Index": 6427}, "geometry": {"type": "Polygon", "coordinates": [[[1.25906, 41.1593722], [1.2566797, 41.1577398], [1.2413561, 41.1597684], [1.2413561, 41.1599118], [1.2450376, 41.1616364], [1.246349, 41.1638118], [1.2478756, 41.1638665], [1.2478585, 41.16666], [1.2425378, 41.164652], [1.2417557, 41.1658165], [1.239792, 41.1659326], [1.240055, 41.1612164], [1.2357212, 41.1647817], [1.2343586, 41.1676846], [1.2350621, 41.1695424], [1.2422987, 41.169194], [1.2478653, 41.1674045], [1.2524518, 41.1693853], [1.2590361, 41.1810376], [1.2610066, 41.1831276], [1.2648725, 41.1832096], [1.2618262, 41.1930007], [1.2593742, 41.1998445], [1.2606036, 41.201313], [1.2531451, 41.2129721], [1.2423977, 41.2214177], [1.2470525, 41.2260724], [1.2600265, 41.2221792], [1.2623726, 41.2233984], [1.2630283, 41.2259324], [1.2655931, 41.2266906], [1.2677719, 41.2308706], [1.2673109, 41.2327148], [1.2697527, 41.2334251], [1.2768526, 41.2359899], [1.2815142, 41.2326909], [1.284663, 41.2339681], [1.2850625, 41.2355288], [1.2894748, 41.2369324], [1.2936583, 41.2369017], [1.2950278, 41.2393811], [1.2963289, 41.2386741], [1.3009803, 41.2357542], [1.3038626, 41.2366182], [1.3089067, 41.2318849], [1.3136674, 41.2307955], [1.3171132, 41.2276844], [1.3180694, 41.223938], [1.3225295, 41.2221246], [1.3252923, 41.2193549], [1.327881, 41.2184568], [1.3325358, 41.2203248], [1.3367158, 41.2206185], [1.3401582, 41.2138874], [1.3392396, 41.2123984], [1.3402095, 41.2094443], [1.3427264, 41.2099976], [1.3427196, 41.2086042], [1.3411828, 41.2070128], [1.3366509, 41.2061044], [1.3361011, 41.2037206], [1.332406, 41.2026722], [1.3282805, 41.1979457], [1.3246264, 41.1996874], [1.3225159, 41.2021975], [1.3204702, 41.2015725], [1.3153612, 41.2038163], [1.3144084, 41.2060224], [1.3119188, 41.2051242], [1.3081212, 41.2074192], [1.3002187, 41.2094273], [1.2941911, 41.2019004], [1.2931529, 41.2049808], [1.2928968, 41.207648], [1.2861417, 41.2104655], [1.2891982, 41.2062922], [1.2852845, 41.2006197], [1.287214, 41.1878234], [1.28287, 41.185023], [1.2799228, 41.1754641], [1.2803019, 41.1717827], [1.2762823, 41.1693511], [1.2740625, 41.166701], [1.2716412, 41.1589795], [1.25906, 41.1593722]]]}}, {"type": "Feature", "properties": {"Index": 10233}, "geometry": {"type": "MultiPolygon", "coordinates": [[[[1.0871919, 41.2148846], [1.0861401, 41.2147719], [1.0895893, 41.2151441], [1.0896269, 41.2151475], [1.0871919, 41.2148846]]], [[[1.1914684, 41.1309552], [1.1914343, 41.1309074], [1.176524, 41.1350738], [1.1784638, 41.1357056], [1.177149, 41.1371639], [1.1786448, 41.1380381], [1.1719717, 41.1381713], [1.1685497, 41.13756], [1.165524, 41.1383079], [1.1456071, 41.1439087], [1.128962, 41.1487103], [1.1188704, 41.1515721], [1.1152469, 41.1525591], [1.1168452, 41.1542154], [1.1175931, 41.1553766], [1.1177946, 41.1573641], [1.1170774, 41.1589351], [1.1158651, 41.1602157], [1.1191572, 41.1625892], [1.1184879, 41.1634362], [1.1173302, 41.1641943], [1.1127812, 41.1627361], [1.1112889, 41.1626473], [1.1107629, 41.1646383], [1.1110259, 41.165294], [1.1098511, 41.1666976], [1.1090861, 41.1665781], [1.1081606, 41.1674865], [1.1052305, 41.1673499], [1.1020886, 41.1677597], [1.1016651, 41.1679953], [1.0970752, 41.1679953], [1.0948452, 41.1676368], [1.0912969, 41.1659497], [1.0921882, 41.1647442], [1.0922873, 41.1636479], [1.0916896, 41.1623434], [1.0905558, 41.1612471], [1.0895415, 41.1595293], [1.0894459, 41.1588121], [1.0892649, 41.1588292], [1.0738765, 41.1628283], [1.0600863, 41.1663185], [1.0585222, 41.1764238], [1.0593726, 41.1775644], [1.0597961, 41.1781382], [1.0722816, 41.1790022], [1.0765129, 41.1815908], [1.0780668, 41.1825402], [1.079788, 41.1817787], [1.0812121, 41.1817548], [1.0824347, 41.182226], [1.0862665, 41.1825197], [1.0863416, 41.181041], [1.0879638, 41.1799311], [1.0912764, 41.1785411], [1.0927176, 41.1769941], [1.0932776, 41.1760754], [1.0965561, 41.1775986], [1.0970957, 41.1764033], [1.0991755, 41.1739649], [1.09992, 41.1724725], [1.1010504, 41.1728618], [1.1002444, 41.174064], [1.1009958, 41.1752046], [1.1028194, 41.1759867], [1.1024403, 41.1765775], [1.1039362, 41.1770453], [1.1049299, 41.1779025], [1.1069585, 41.1768029], [1.1093525, 41.1769804], [1.1077576, 41.1777659], [1.106617, 41.1791764], [1.105268, 41.1821851], [1.1054934, 41.1836706], [1.1053193, 41.1850571], [1.1058008, 41.1859109], [1.1067058, 41.1862934], [1.1075664, 41.1867647], [1.1090281, 41.1875638], [1.1099877, 41.18615], [1.1106844, 41.1851254], [1.111183, 41.1787904], [1.1125934, 41.1754881], [1.1132457, 41.1745831], [1.1133072, 41.1744601], [1.1210799, 41.180177], [1.1216537, 41.1788724], [1.1224562, 41.1780869], [1.1248399, 41.1744669], [1.1249868, 41.1738795], [1.1259089, 41.1728448], [1.1300172, 41.1703108], [1.1325786, 41.1704884], [1.1313286, 41.1727867], [1.1301197, 41.1732717], [1.1288732, 41.1782611], [1.1250619, 41.1812561], [1.1250107, 41.1812971], [1.1373153, 41.1875741], [1.1407338, 41.1902071], [1.1555587, 41.1801667], [1.155972, 41.1798867], [1.1546401, 41.1790329], [1.1535131, 41.1768643], [1.1499887, 41.1725374], [1.148247, 41.1721686], [1.1442035, 41.1705771], [1.1442035, 41.1705737], [1.1472942, 41.1666942], [1.1614054, 41.1499671], [1.1677233, 41.149267], [1.1695845, 41.1497212], [1.1703256, 41.1480375], [1.1776578, 41.144035], [1.1812095, 41.1365662], [1.1916973, 41.1314641], [1.1914684, 41.1309552]]]]}}, {"type": "Feature", "properties": {"Index": 10230}, "geometry": {"type": "Polygon", "coordinates": [[[1.1246214, 41.1024904], [1.1242969, 41.1023777], [1.1183171, 41.1039452], [1.1123168, 41.1055162], [1.1117362, 41.1060114], [1.1114459, 41.1062607], [1.1130613, 41.1069847], [1.1080445, 41.1114619], [1.1036425, 41.1138251], [1.1012314, 41.1137124], [1.1012212, 41.1137192], [1.0951696, 41.1179096], [1.0951696, 41.1179198], [1.0953028, 41.1204265], [1.088797, 41.1287969], [1.0862596, 41.1306991], [1.087933, 41.1317646], [1.0879296, 41.131768], [1.0868436, 41.1328199], [1.0875437, 41.1331272], [1.0880389, 41.1354939], [1.0886775, 41.1369248], [1.0890839, 41.1378366], [1.0865499, 41.1418801], [1.0833295, 41.1448649], [1.0828206, 41.1450049], [1.0798597, 41.1474809], [1.0798017, 41.1475321], [1.0689349, 41.1541676], [1.0664726, 41.1558649], [1.0612372, 41.1588702], [1.0618041, 41.1607109], [1.0608582, 41.1613222], [1.0600863, 41.1663185], [1.0738765, 41.1628283], [1.0892649, 41.1588292], [1.0894459, 41.1588121], [1.0895415, 41.1595293], [1.0905558, 41.1612471], [1.0916896, 41.1623434], [1.0922873, 41.1636479], [1.0921882, 41.1647442], [1.0912969, 41.1659497], [1.0948452, 41.1676368], [1.0970752, 41.1679953], [1.1016651, 41.1679953], [1.1020886, 41.1677597], [1.1052305, 41.1673499], [1.1081606, 41.1674865], [1.1090861, 41.1665781], [1.1098511, 41.1666976], [1.1110259, 41.165294], [1.1107629, 41.1646383], [1.1112889, 41.1626473], [1.1127812, 41.1627361], [1.1173302, 41.1641943], [1.1184879, 41.1634362], [1.1191572, 41.1625892], [1.1158651, 41.1602157], [1.1170774, 41.1589351], [1.1177946, 41.1573641], [1.1175931, 41.1553766], [1.1168452, 41.1542154], [1.1152469, 41.1525591], [1.1134984, 41.1509643], [1.1127437, 41.1498475], [1.1124397, 41.1488469], [1.1122826, 41.1464154], [1.1165891, 41.1408487], [1.1206804, 41.1356168], [1.1209741, 41.1349714], [1.1218176, 41.1305864], [1.1205403, 41.1303815], [1.1200178, 41.130361], [1.1212165, 41.1281344], [1.1192426, 41.1235479], [1.1194646, 41.1217481], [1.1209604, 41.1226326], [1.1231392, 41.1215261], [1.1239008, 41.121673], [1.1254478, 41.1196103], [1.1254513, 41.1195966], [1.1259225, 41.1136885], [1.1257928, 41.1136714], [1.1261309, 41.1110999], [1.1275584, 41.1088732], [1.1281799, 41.1079033], [1.1269539, 41.106387], [1.1268788, 41.103269], [1.1246214, 41.1024904]]]}}, {"type": "Feature", "properties": {"Index": 6366}, "geometry": {"type": "Polygon", "coordinates": [[[1.0302657, 41.056431], [1.023719, 41.0520119], [1.014768, 41.0587362], [1.0092766, 41.0660582], [1.0049052, 41.0683429], [0.9976926, 41.0765323], [0.9960431, 41.0801352], [0.996429, 41.0833727], [0.9925119, 41.0866683], [0.9909546, 41.0959266], [0.9864535, 41.0984879], [0.98561, 41.1014522], [1.0124594, 41.1075891], [1.0304638, 41.1153858], [1.0597243, 41.0766723], [1.0615685, 41.0737592], [1.0572552, 41.072499], [1.0607659, 41.0696099], [1.0617495, 41.067957], [1.0653661, 41.0685683], [1.0622993, 41.0735714], [1.0720938, 41.0777822], [1.0834661, 41.0993246], [1.0828753, 41.1007487], [1.0945549, 41.104396], [1.0945344, 41.1082961], [1.1012314, 41.1137124], [1.1036425, 41.1138251], [1.1080445, 41.1114619], [1.1130613, 41.1069847], [1.1114459, 41.1062607], [1.1123168, 41.1055162], [1.1242969, 41.1023777], [1.1268788, 41.103269], [1.1281799, 41.1079033], [1.1261309, 41.1110999], [1.1254513, 41.1196103], [1.1239008, 41.121673], [1.1209604, 41.1226326], [1.1194646, 41.1217481], [1.1212165, 41.1281344], [1.1200178, 41.130361], [1.1313764, 41.1307947], [1.1359424, 41.1276631], [1.1485134, 41.1225951], [1.1522871, 41.1226804], [1.1653361, 41.108098], [1.1683243, 41.1016537], [1.1677609, 41.1003082], [1.170995, 41.0985596], [1.1745535, 41.0975761], [1.1800381, 41.0995978], [1.1822545, 41.0975453], [1.189293, 41.1011824], [1.1971102, 41.0928701], [1.1909698, 41.0863951], [1.1919158, 41.0856301], [1.190519, 41.0859853], [1.1883573, 41.0835196], [1.1811822, 41.0734826], [1.1783989, 41.067776], [1.1808168, 41.065925], [1.1758, 41.0660992], [1.1740412, 41.0679945], [1.1737202, 41.074333], [1.1695538, 41.0848958], [1.1673271, 41.0837962], [1.1641067, 41.0908347], [1.1565491, 41.0909645], [1.1564501, 41.0891681], [1.1520548, 41.0891135], [1.1526593, 41.0949157], [1.1475196, 41.0947689], [1.144989, 41.0966301], [1.1374997, 41.0969511], [1.1356795, 41.1018176], [1.1292215, 41.094424], [1.126264, 41.0944683], [1.1245053, 41.095848], [1.1202706, 41.0947689], [1.1100936, 41.0886149], [1.1011187, 41.0864497], [1.1035434, 41.083383], [1.1153631, 41.076201], [1.1176512, 41.0736943], [1.1132491, 41.0719356], [1.1042196, 41.0707881], [1.0835515, 41.0637906], [1.0782376, 41.0639306], [1.0737535, 41.0658874], [1.0691671, 41.0661026], [1.0651578, 41.0648526], [1.0652944, 41.0636164], [1.0635185, 41.0617483], [1.0618929, 41.0609082], [1.0638498, 41.062387], [1.0634878, 41.0638657], [1.0638498, 41.063029], [1.0641127, 41.0642072], [1.0643894, 41.0632954], [1.0650792, 41.063811], [1.064666, 41.0653308], [1.0637951, 41.064436], [1.0630848, 41.0655664], [1.0626647, 41.0646068], [1.0623847, 41.065522], [1.0622959, 41.0645248], [1.0620193, 41.06544], [1.0588467, 41.064576], [1.0618656, 41.0625065], [1.0576036, 41.0640194], [1.0497693, 41.0643745], [1.0487858, 41.0629231], [1.0465694, 41.0631827], [1.0453536, 41.0615981], [1.0442608, 41.0618781], [1.0446877, 41.0607375], [1.0429972, 41.0600954], [1.0423313, 41.0610995], [1.0401593, 41.0601091], [1.0401593, 41.0583674], [1.0348556, 41.0583776], [1.0339984, 41.0573599], [1.0349683, 41.0569091], [1.0302657, 41.056431]]]}}, {"type": "Feature", "properties": {"Index": 6510}, "geometry": {"type": "Polygon", "coordinates": [[[1.1722517, 41.0553963], [1.1700729, 41.0545903], [1.1678189, 41.0552392], [1.167392, 41.056571], [1.160514, 41.0558709], [1.161863, 41.0590948], [1.1605243, 41.0591221], [1.1608999, 41.0608536], [1.1582635, 41.0615059], [1.1578537, 41.0639716], [1.1520548, 41.0657542], [1.1480182, 41.0653137], [1.1487251, 41.0678853], [1.1454432, 41.069282], [1.1432268, 41.0721234], [1.1358878, 41.0734894], [1.13278, 41.0735236], [1.132097, 41.0729601], [1.1300855, 41.073025], [1.1318067, 41.0731547], [1.1316633, 41.0743125], [1.1299523, 41.0737763], [1.1288288, 41.074893], [1.1176512, 41.0736943], [1.1153631, 41.076201], [1.1035434, 41.083383], [1.1011187, 41.0864497], [1.1100936, 41.0886149], [1.1202706, 41.0947689], [1.1245053, 41.095848], [1.126264, 41.0944683], [1.1292215, 41.094424], [1.1356795, 41.1018176], [1.1374997, 41.0969511], [1.144989, 41.0966301], [1.1475196, 41.0947689], [1.1526593, 41.0949157], [1.1520548, 41.0891135], [1.1564501, 41.0891681], [1.1565491, 41.0909645], [1.1641067, 41.0908347], [1.1673271, 41.0837962], [1.1695538, 41.0848958], [1.1737202, 41.074333], [1.1740412, 41.0679945], [1.1758, 41.0660992], [1.1808168, 41.065925], [1.1819745, 41.0642755], [1.180588, 41.0621547], [1.1770055, 41.0607716], [1.1730543, 41.0575853], [1.1722517, 41.0553963]]]}}, {"type": "Feature", "properties": {"Index": 10237}, "geometry": {"type": "Polygon", "coordinates": [[[1.1875001, 41.1007077], [1.1822545, 41.0975453], [1.1800381, 41.0995978], [1.1766367, 41.0983445], [1.1745535, 41.0975761], [1.1727162, 41.0980849], [1.170995, 41.0985596], [1.1706944, 41.0987236], [1.1677609, 41.1003082], [1.1679692, 41.1008033], [1.1683243, 41.1016537], [1.1683243, 41.1016571], [1.1653361, 41.108098], [1.177511, 41.1080775], [1.1772207, 41.1108779], [1.1740856, 41.1129201], [1.1727298, 41.1142554], [1.1683278, 41.1169704], [1.1711042, 41.1186711], [1.1749872, 41.1196103], [1.1740105, 41.1245007], [1.1722995, 41.1290735], [1.1694616, 41.1312592], [1.167392, 41.1290633], [1.162768, 41.1331375], [1.165524, 41.1383079], [1.1685497, 41.13756], [1.1719717, 41.1381713], [1.1786448, 41.1380381], [1.177149, 41.1371639], [1.1784638, 41.1357056], [1.176524, 41.1350738], [1.1719922, 41.1335985], [1.1750862, 41.1316109], [1.1756292, 41.1301014], [1.177125, 41.129777], [1.1786755, 41.1301663], [1.185089, 41.1284929], [1.1894194, 41.1281583], [1.1914343, 41.1309074], [1.1914684, 41.1309552], [1.2030593, 41.1274752], [1.2182394, 41.1231039], [1.2219243, 41.1221067], [1.2223375, 41.1217686], [1.2222009, 41.1187292], [1.2219072, 41.1172948], [1.2221121, 41.1154883], [1.2170407, 41.1153721], [1.2129972, 41.1152048], [1.2019562, 41.1150682], [1.1973561, 41.1148394], [1.1977795, 41.1112399], [1.2014986, 41.1111238], [1.201782, 41.1105056], [1.2024958, 41.1070359], [1.2067305, 41.1074047], [1.2078438, 41.1060284], [1.2056001, 41.1057382], [1.2019972, 41.1046795], [1.1999106, 41.1046692], [1.1976429, 41.1042833], [1.1924144, 41.102125], [1.1899112, 41.1014795], [1.1893169, 41.1011585], [1.189293, 41.1011824], [1.1891803, 41.1011244], [1.1875001, 41.1007077]]]}}, {"type": "Feature", "properties": {"Index": 1832}, "geometry": {"type": "Polygon", "coordinates": [[[0.4257189, 40.4079831], [0.4175875, 40.3995786], [0.3549274, 40.4242492], [0.358865, 40.4365811], [0.3690249, 40.441755], [0.3701143, 40.4486569], [0.373905, 40.4551387], [0.3735328, 40.4566892], [0.3769616, 40.4608317], [0.3777778, 40.464923], [0.3739733, 40.4725386], [0.3725834, 40.4800826], [0.3741578, 40.4898429], [0.378973, 40.490181], [0.3829277, 40.4919432], [0.3903419, 40.4907445], [0.393839, 40.4877973], [0.3980156, 40.487367], [0.4002423, 40.4831323], [0.4030051, 40.4829069], [0.4050917, 40.4810354], [0.4107778, 40.4813086], [0.4178641, 40.4782453], [0.4185096, 40.476548], [0.4218427, 40.4757386], [0.4224745, 40.4716849], [0.4265077, 40.4705579], [0.4284646, 40.4656811], [0.4327232, 40.4628876], [0.4322588, 40.4595886], [0.4397993, 40.4488891], [0.4413395, 40.447868], [0.4432793, 40.4489028], [0.4477974, 40.4475504], [0.4536031, 40.4427693], [0.4474969, 40.4377696], [0.4415273, 40.4286888], [0.4365823, 40.416958], [0.436473, 40.4109167], [0.4364184, 40.416053], [0.4341029, 40.4161657], [0.4317841, 40.4134507], [0.4343966, 40.4124466], [0.4306981, 40.4118183], [0.4296257, 40.4095097], [0.4257189, 40.4079831]]]}}, {"type": "Feature", "properties": {"Index": 6332}, "geometry": {"type": "Polygon", "coordinates": [[[0.5228339, 40.5403932], [0.5154983, 40.5229181], [0.5065644, 40.5260532], [0.5012061, 40.5263366], [0.4987951, 40.5278393], [0.4870266, 40.5291882], [0.4810195, 40.5321969], [0.4772321, 40.532033], [0.474121, 40.5340786], [0.4607099, 40.537545], [0.4552697, 40.5408337], [0.4505842, 40.5419265], [0.4489893, 40.5412913], [0.4462367, 40.5449386], [0.4383069, 40.5470594], [0.440233, 40.5502696], [0.4454137, 40.5491153], [0.4476233, 40.5520933], [0.4537465, 40.5545214], [0.4729121, 40.5538555], [0.474664, 40.5560377], [0.4784308, 40.5571203], [0.4765525, 40.5592035], [0.4769419, 40.5612389], [0.4838369, 40.5682808], [0.4939832, 40.5678539], [0.5043207, 40.5651902], [0.5083368, 40.5622771], [0.5104132, 40.5627108], [0.5119876, 40.5643432], [0.5102732, 40.5672426], [0.5205492, 40.5773752], [0.5192276, 40.5791716], [0.5206961, 40.5810738], [0.520317, 40.5852914], [0.5216933, 40.5887885], [0.5193129, 40.5918518], [0.5216489, 40.602804], [0.5239165, 40.6070831], [0.5306613, 40.6121272], [0.5310335, 40.6147022], [0.5392366, 40.6250773], [0.5428566, 40.6317913], [0.5444139, 40.6322046], [0.5450115, 40.6323036], [0.5663217, 40.6231375], [0.5715707, 40.6238103], [0.5737496, 40.6225808], [0.5727899, 40.6209791], [0.5751258, 40.6171611], [0.5680805, 40.6153818], [0.5730016, 40.6134523], [0.5783258, 40.609361], [0.5767207, 40.6071514], [0.5804158, 40.606465], [0.580409, 40.6040983], [0.5760001, 40.5984156], [0.5717483, 40.5962675], [0.5630705, 40.5883991], [0.5595257, 40.5834917], [0.5481978, 40.5744246], [0.5500932, 40.5720955], [0.5526682, 40.57298], [0.5504005, 40.5718974], [0.5519237, 40.5700464], [0.5549119, 40.5709924], [0.5516471, 40.5697766], [0.5478324, 40.573786], [0.5417399, 40.5698859], [0.5430786, 40.5684243], [0.5416067, 40.5695273], [0.538195, 40.5676012], [0.5321093, 40.5535344], [0.5324132, 40.5518132], [0.5318771, 40.553029], [0.530371, 40.5514922], [0.5342403, 40.5519191], [0.5302959, 40.5510483], [0.5228407, 40.5430774], [0.5228339, 40.5403932]]]}}, {"type": "Feature", "properties": {"Index": 1936}, "geometry": {"type": "Polygon", "coordinates": [[[0.4582237, 40.449094], [0.4536031, 40.4427693], [0.4477974, 40.4475504], [0.4432793, 40.4489028], [0.4413395, 40.447868], [0.4397993, 40.4488891], [0.4322588, 40.4595886], [0.4327232, 40.4628876], [0.4284646, 40.4656811], [0.4265077, 40.4705579], [0.4224745, 40.4716849], [0.4218427, 40.4757386], [0.4185096, 40.476548], [0.4178641, 40.4782453], [0.4107778, 40.4813086], [0.4050917, 40.4810354], [0.4030051, 40.4829069], [0.4002423, 40.4831323], [0.3980156, 40.487367], [0.393839, 40.4877973], [0.3903419, 40.4907445], [0.3829277, 40.4919432], [0.378973, 40.490181], [0.3741578, 40.4898429], [0.3764971, 40.4925477], [0.3750935, 40.4951124], [0.3713027, 40.493159], [0.3695235, 40.4936815], [0.3682496, 40.4948426], [0.3690522, 40.4981621], [0.3674642, 40.4985139], [0.3537013, 40.5118396], [0.3519153, 40.5143496], [0.3533769, 40.5157567], [0.3666958, 40.5231777], [0.399788, 40.5499383], [0.414087, 40.5715183], [0.424223, 40.5838434], [0.4326208, 40.5792364], [0.4411175, 40.5792877], [0.4439452, 40.5782222], [0.4401886, 40.5766068], [0.4397071, 40.5743973], [0.4365925, 40.5726248], [0.4383137, 40.5702138], [0.4334131, 40.565378], [0.4364184, 40.5574379], [0.4358275, 40.5498256], [0.4383069, 40.5470594], [0.4462367, 40.5449386], [0.4489893, 40.5412913], [0.4505842, 40.5419265], [0.4552697, 40.5408337], [0.4607099, 40.537545], [0.474121, 40.5340786], [0.4772321, 40.532033], [0.4810195, 40.5321969], [0.4870266, 40.5291882], [0.4987951, 40.5278393], [0.5012061, 40.5263366], [0.5065644, 40.5260532], [0.5154983, 40.5229181], [0.5126535, 40.5170544], [0.5133946, 40.5161016], [0.5117041, 40.5138032], [0.5094126, 40.5130826], [0.505294, 40.506956], [0.5059872, 40.5046644], [0.5047339, 40.504603], [0.5025004, 40.5018094], [0.5029205, 40.5006141], [0.498696, 40.4976464], [0.4992219, 40.4964136], [0.4979071, 40.4960482], [0.4983272, 40.4948187], [0.4966845, 40.4943372], [0.4940686, 40.4893921], [0.4907252, 40.4879441], [0.4851313, 40.4789727], [0.4856094, 40.4766436], [0.4799506, 40.4720742], [0.4776283, 40.468461], [0.4766072, 40.4662685], [0.4786836, 40.4626212], [0.4777683, 40.4586221], [0.4759481, 40.4571571], [0.4780586, 40.4619723], [0.477823, 40.4635569], [0.4760334, 40.4631881], [0.477157, 40.4648547], [0.4749372, 40.4663539], [0.4715597, 40.4633145], [0.4750909, 40.4615864], [0.4707981, 40.4634169], [0.466618, 40.4602716], [0.4626838, 40.4550943], [0.4611095, 40.4547836], [0.4596854, 40.4492682], [0.4582237, 40.449094]]]}}, {"type": "Feature", "properties": {"Index": 1887}, "geometry": {"type": "Polygon", "coordinates": [[[0.3259708, 40.2758599], [0.3226137, 40.274347], [0.2962014, 40.3071763], [0.2984656, 40.3096864], [0.3027618, 40.3234629], [0.3043806, 40.3291696], [0.306877, 40.330621], [0.3136525, 40.3391929], [0.3202505, 40.3417132], [0.3254073, 40.3473037], [0.328778, 40.3473686], [0.3308544, 40.3493698], [0.3419637, 40.3533006], [0.3415812, 40.356743], [0.3439239, 40.3646387], [0.3488348, 40.3703693], [0.3481928, 40.3730604], [0.3320394, 40.3853274], [0.3218556, 40.3904056], [0.3124846, 40.3934211], [0.3293483, 40.4014739], [0.3381593, 40.4076314], [0.3403722, 40.4170809], [0.3457476, 40.4213805], [0.3480289, 40.422972], [0.3543161, 40.4242595], [0.3549274, 40.4242492], [0.4175875, 40.3995786], [0.4096952, 40.383251], [0.403852, 40.363382], [0.4047536, 40.3602128], [0.4062631, 40.3593556], [0.4083087, 40.360223], [0.4089849, 40.3575217], [0.4031348, 40.3538026], [0.4064816, 40.3561898], [0.4051737, 40.357327], [0.399952, 40.3578871], [0.3991665, 40.3570538], [0.4003584, 40.3554521], [0.3991494, 40.3559917], [0.3984903, 40.3541271], [0.3927256, 40.3518731], [0.3867014, 40.340173], [0.3767157, 40.3337253], [0.37439, 40.3298321], [0.3666821, 40.325833], [0.3633729, 40.3200478], [0.3544356, 40.3121385], [0.3508395, 40.2996153], [0.3473732, 40.2961217], [0.338955, 40.2938438], [0.3358233, 40.2916445], [0.334027, 40.2885436], [0.3334157, 40.2830965], [0.3301713, 40.2792819], [0.3270226, 40.2781378], [0.3259708, 40.2758599]]]}}, {"type": "Feature", "properties": {"Index": 10241}, "geometry": {"type": "Polygon", "coordinates": [[[-0.09203, 39.9770016], [-0.0919446, 39.9752326], [-0.1025894, 39.9805328], [-0.1036652, 39.981127], [-0.1047205, 39.9815949], [-0.1078419, 39.9825272], [-0.1094811, 39.9825955], [-0.1127323, 39.9832], [-0.113487, 39.9831214], [-0.1141359, 39.9832341], [-0.114252, 39.9832444], [-0.1163625, 39.9837396], [-0.1200269, 39.9838045], [-0.1222297, 39.9839957], [-0.124989, 39.9852422], [-0.1302449, 39.9877694], [-0.1337897, 39.988992], [-0.1341927, 39.9880255], [-0.1346094, 39.9870215], [-0.1366618, 39.9886471], [-0.1392266, 39.9908635], [-0.1421157, 39.9929637], [-0.1425221, 39.9931857], [-0.1457562, 39.9949513], [-0.1487137, 39.9965633], [-0.1504657, 39.9980317], [-0.152583, 39.9991826], [-0.1547584, 39.9998622], [-0.1584706, 40.0018874], [-0.1585594, 40.0019352], [-0.1594849, 40.0047868], [-0.1594849, 40.0047902], [-0.1589487, 40.0072764], [-0.1584638, 40.0084888], [-0.158235, 40.010852], [-0.1590785, 40.0133963], [-0.1610593, 40.0193727], [-0.1612027, 40.0197996], [-0.1612437, 40.0253662], [-0.1613461, 40.0257282], [-0.1615135, 40.0259092], [-0.163846, 40.0284329], [-0.1644061, 40.0290374], [-0.1643104, 40.0290954], [-0.1624765, 40.0302293], [-0.1593825, 40.0314723], [-0.1583921, 40.0321793], [-0.1576305, 40.0316636], [-0.154796, 40.0304581], [-0.1527333, 40.0300039], [-0.1513502, 40.0296999], [-0.1495128, 40.0303829], [-0.147252, 40.0277226], [-0.1452713, 40.0261141], [-0.1419006, 40.0226716], [-0.1416684, 40.022436], [-0.1415113, 40.0223848], [-0.1321607, 40.0193453], [-0.1287354, 40.0163366], [-0.1283119, 40.0159644], [-0.1262185, 40.0139973], [-0.1209148, 40.0094621], [-0.1205836, 40.0094621], [-0.1184457, 40.0094382], [-0.1157102, 40.0098104], [-0.1143203, 40.0097558], [-0.1110384, 40.0103158], [-0.1054035, 40.0108691], [-0.0972892, 40.0121976], [-0.0916543, 40.0135773], [-0.0870747, 40.0157493], [-0.0784618, 40.021473], [-0.0754155, 40.0234981], [-0.0739914, 40.0236654], [-0.0689269, 40.0242631], [-0.0633227, 40.0263019], [-0.0618576, 40.0261482], [-0.0590641, 40.0258511], [-0.0579507, 40.0263873], [-0.0553928, 40.0276201], [-0.0552596, 40.0275518], [-0.053535, 40.0266571], [-0.051124, 40.0268995], [-0.0482485, 40.0274699], [-0.0482963, 40.0254003], [-0.0487778, 40.0248402], [-0.0479616, 40.0243621], [-0.0476098, 40.0218247], [-0.0483612, 40.0205884], [-0.0477259, 40.0190004], [-0.0478591, 40.017952], [-0.0474903, 40.0143764], [-0.0486651, 40.0135499], [-0.0528144, 40.0095816], [-0.050219, 40.008622], [-0.0509669, 40.009725], [-0.0468175, 40.0104934], [-0.0445294, 40.0068529], [-0.0431736, 40.0034276], [-0.0376958, 39.9965564], [-0.0374124, 39.9955216], [-0.0381569, 39.9935819], [-0.0389218, 39.9921475], [-0.0406123, 39.9897501], [-0.0399669, 39.9895043], [-0.0346769, 39.9882543], [-0.037648, 39.9841016], [-0.0381705, 39.9836918], [-0.0396458, 39.9827424], [-0.0408855, 39.9814993], [-0.0432453, 39.9822882], [-0.0504375, 39.9844704], [-0.0548874, 39.9794844], [-0.0578312, 39.9800205], [-0.0589377, 39.9813558], [-0.0615571, 39.9825511], [-0.0625816, 39.9827355], [-0.0634422, 39.9822574], [-0.0659489, 39.9793751], [-0.0667378, 39.979218], [-0.0704671, 39.9803416], [-0.0721678, 39.9784974], [-0.073667, 39.9788355], [-0.0760507, 39.97986], [-0.0745652, 39.9816393], [-0.078455, 39.9828824], [-0.0827956, 39.9835108], [-0.0866478, 39.9846685], [-0.0871396, 39.98529], [-0.0881812, 39.9855735], [-0.0895165, 39.9851329], [-0.0912957, 39.9817691], [-0.0914426, 39.9807036], [-0.0921222, 39.9794707], [-0.092351, 39.9780261], [-0.09203, 39.9770016]]]}}, {"type": "Feature", "properties": {"Index": 1833}, "geometry": {"type": "Polygon", "coordinates": [[[0.047019, 40.0318958], [0.0394751, 40.015377], [0.0155865, 40.0254242], [0.0144185, 40.0283749], [0.0095247, 40.0431486], [-0.0033024, 40.0644144], [0.0022813, 40.0703498], [0.0124548, 40.0766404], [0.0309203, 40.085564], [0.0350184, 40.0864656], [0.0479616, 40.0772722], [0.0500141, 40.0759096], [0.0536682, 40.0760462], [0.0636608, 40.0810971], [0.0855652, 40.0832725], [0.084206, 40.0826236], [0.0854081, 40.0794032], [0.0887412, 40.0750694], [0.0939458, 40.0740313], [0.0929725, 40.0714187], [0.0888164, 40.0681334], [0.0870234, 40.0629834], [0.0900321, 40.055781], [0.0853535, 40.0571914], [0.0830995, 40.0565562], [0.0830824, 40.0556649], [0.0805689, 40.0550843], [0.081088, 40.0538549], [0.0778163, 40.0533119], [0.0777105, 40.0516829], [0.0765425, 40.0525879], [0.074613, 40.0511433], [0.0754019, 40.0501973], [0.0740188, 40.0506549], [0.0708871, 40.0482712], [0.0711193, 40.04669], [0.070006, 40.0472398], [0.0648082, 40.0458021], [0.0619464, 40.0423289], [0.0520187, 40.0376093], [0.047019, 40.0318958]]]}}, {"type": "Feature", "properties": {"Index": 1836}, "geometry": {"type": "Polygon", "coordinates": [[[-0.0840045, 39.8563087], [-0.0962681, 39.8415453], [-0.1235581, 39.8571625], [-0.1318705, 39.8643581], [-0.1373483, 39.8667453], [-0.1423821, 39.8718679], [-0.1443697, 39.8769086], [-0.1494582, 39.8817068], [-0.1588463, 39.8850911], [-0.1665849, 39.8902821], [-0.1683744, 39.8930244], [-0.1525728, 39.8943563], [-0.1477472, 39.891795], [-0.1441307, 39.8951759], [-0.134244, 39.9006503], [-0.1304156, 39.9061076], [-0.1157546, 39.9068282], [-0.1093582, 39.9042703], [-0.1023436, 39.904144], [-0.1006702, 39.9027779], [-0.0962818, 39.9040313], [-0.0908415, 39.9091129], [-0.0922315, 39.9119201], [-0.0901243, 39.9114454], [-0.0905854, 39.9131871], [-0.0883724, 39.9154821], [-0.0867844, 39.9154513], [-0.0877679, 39.917637], [-0.0836596, 39.9209394], [-0.0806884, 39.9209257], [-0.0648663, 39.9290229], [-0.0610858, 39.9328991], [-0.0558368, 39.9292142], [-0.0315589, 39.9211272], [-0.0206852, 39.9182278], [-0.010095, 39.911039], [-0.0138175, 39.9067121], [-0.0260742, 39.8994243], [-0.0354692, 39.8923141], [-0.043037, 39.8846608], [-0.0662563, 39.8682274], [-0.0690532, 39.8643342], [-0.0662323, 39.8614348], [-0.0669598, 39.8577601], [-0.0669563, 39.8614519], [-0.0680389, 39.8626437], [-0.0694186, 39.8612709], [-0.0686571, 39.862975], [-0.0707437, 39.8647201], [-0.0750706, 39.8624422], [-0.0688995, 39.858853], [-0.0767269, 39.8623227], [-0.0840045, 39.8563087]]]}}, {"type": "Feature", "properties": {"Index": 10246}, "geometry": {"type": "Polygon", "coordinates": [[[-0.0883861, 39.9154684], [-0.0899126, 39.9138872], [-0.095288, 39.9257274], [-0.0958139, 39.9261098], [-0.0958378, 39.9270251], [-0.0968213, 39.9290571], [-0.0980883, 39.9304299], [-0.0985938, 39.9313452], [-0.1008716, 39.9343949], [-0.1016059, 39.9353784], [-0.1031188, 39.9368879], [-0.1015103, 39.9380422], [-0.101401, 39.9386842], [-0.0999154, 39.9391214], [-0.1033544, 39.9420993], [-0.1040545, 39.9435507], [-0.1046726, 39.9433117], [-0.1107686, 39.9520031], [-0.1127869, 39.9550118], [-0.1183603, 39.9631466], [-0.1167655, 39.9636076], [-0.115116, 39.9611316], [-0.1150511, 39.960674], [-0.1143305, 39.9599534], [-0.1132548, 39.9596563], [-0.1115131, 39.9596802], [-0.107654, 39.9593046], [-0.1072442, 39.9591372], [-0.1057586, 39.9581264], [-0.1030846, 39.9557904], [-0.1009229, 39.9548445], [-0.0977366, 39.9541068], [-0.0952333, 39.9540624], [-0.0933755, 39.9543868], [-0.0862721, 39.9539531], [-0.0775022, 39.9476352], [-0.0753302, 39.9459311], [-0.0734416, 39.944705], [-0.0675164, 39.940443], [-0.0674345, 39.9403815], [-0.0646614, 39.9371133], [-0.0635856, 39.9356892], [-0.0623767, 39.9344222], [-0.0610858, 39.9328991], [-0.0619737, 39.9323253], [-0.0622333, 39.9317243], [-0.0648663, 39.9290229], [-0.0663963, 39.9287907], [-0.0687903, 39.92751], [-0.0716111, 39.9261747], [-0.0735406, 39.9245833], [-0.0797356, 39.9214141], [-0.0806884, 39.9209257], [-0.0836049, 39.9209394], [-0.0836596, 39.9209394], [-0.0857428, 39.919266], [-0.0877679, 39.917637], [-0.0873035, 39.9166056], [-0.0867844, 39.9154513], [-0.0877713, 39.9154718], [-0.0883724, 39.9154821], [-0.0883861, 39.9154684]]]}}, {"type": "Feature", "properties": {"Index": 1934}, "geometry": {"type": "Polygon", "coordinates": [[[-0.0962681, 39.8415453], [-0.1234352, 39.8088765], [-0.1261707, 39.8096824], [-0.1403126, 39.816499], [-0.1537134, 39.8209659], [-0.162398, 39.8128892], [-0.1641602, 39.8094912], [-0.1721208, 39.8135859], [-0.1712841, 39.8160516], [-0.1743235, 39.8168405], [-0.1723974, 39.831942], [-0.2069684, 39.8550144], [-0.2146045, 39.8560082], [-0.2159945, 39.8607347], [-0.2230671, 39.8624183], [-0.2267281, 39.8606425], [-0.2359796, 39.8610147], [-0.197232, 39.8988915], [-0.1947492, 39.8966786], [-0.1935607, 39.8954594], [-0.1837423, 39.8950701], [-0.16972, 39.8958965], [-0.1683744, 39.8930244], [-0.1665849, 39.8902821], [-0.1588463, 39.8850911], [-0.1494582, 39.8817068], [-0.1443697, 39.8769086], [-0.1423821, 39.8718679], [-0.1373483, 39.8667453], [-0.1318705, 39.8643581], [-0.1235581, 39.8571625], [-0.0962681, 39.8415453]]]}}, {"type": "Feature", "properties": {"Index": 7021}, "geometry": {"type": "Polygon", "coordinates": [[[-0.4387304, 39.5570201], [-0.4500036, 39.545682], [-0.4622706, 39.552618], [-0.4685715, 39.558854], [-0.4755622, 39.5606025], [-0.4818562, 39.5652778], [-0.4808897, 39.5700248], [-0.482167, 39.5710425], [-0.4881092, 39.5692871], [-0.4956805, 39.574642], [-0.5007895, 39.5724973], [-0.5038904, 39.5745395], [-0.5074933, 39.5782825], [-0.5099692, 39.585543], [-0.5191729, 39.6134614], [-0.5150646, 39.6316501], [-0.5109323, 39.6418784], [-0.5168609, 39.6468781], [-0.5150885, 39.6546986], [-0.5162598, 39.6564711], [-0.5138044, 39.6595959], [-0.5141152, 39.6623518], [-0.5069161, 39.6693494], [-0.5027327, 39.6783755], [-0.500045, 39.6889145], [-0.4940891, 39.6949387], [-0.4900388, 39.7027968], [-0.4857835, 39.7056313], [-0.4841306, 39.7100197], [-0.4811117, 39.7109521], [-0.4762179, 39.7164948], [-0.470723, 39.7264395], [-0.4636708, 39.7205724], [-0.4610036, 39.7153541], [-0.4561747, 39.7146984], [-0.448378, 39.7164196], [-0.4450893, 39.7189058], [-0.4391299, 39.717369], [-0.4269517, 39.717007], [-0.4170206, 39.7177857], [-0.4150911, 39.7188614], [-0.4083463, 39.7185575], [-0.4048321, 39.7139642], [-0.3994875, 39.7022333], [-0.3892286, 39.6907347], [-0.387159, 39.6902634], [-0.3764937, 39.6941498], [-0.3728225, 39.6898126], [-0.3629802, 39.6849256], [-0.3659206, 39.6793419], [-0.3651897, 39.6770743], [-0.3688029, 39.6719141], [-0.3815856, 39.666771], [-0.3929681, 39.6591963], [-0.3907244, 39.6426331], [-0.3793692, 39.6242531], [-0.3746734, 39.6143425], [-0.3691649, 39.6054632], [-0.3672149, 39.6050124], [-0.3678911, 39.6000469], [-0.3798541, 39.5993638], [-0.3957138, 39.5925234], [-0.4021991, 39.5859835], [-0.4080901, 39.5748947], [-0.4209241, 39.5601654], [-0.426979, 39.562293], [-0.4325388, 39.5611353], [-0.4395773, 39.5596224], [-0.4387304, 39.5570201]]]}}, {"type": "Feature", "properties": {"Index": 7216}, "geometry": {"type": "Polygon", "coordinates": [[[-0.4916131, 39.5448453], [-0.4924157, 39.5435783], [-0.4980096, 39.547492], [-0.5020599, 39.5483628], [-0.5068342, 39.5522834], [-0.5065371, 39.5538509], [-0.501534, 39.5607938], [-0.512394, 39.5626755], [-0.5097234, 39.5689797], [-0.5194939, 39.5737814], [-0.518688, 39.5748469], [-0.5215772, 39.5761275], [-0.5164477, 39.583429], [-0.5167277, 39.5850956], [-0.5099692, 39.585543], [-0.5074933, 39.5782825], [-0.5038904, 39.5745395], [-0.5007895, 39.5724973], [-0.4956805, 39.574642], [-0.4881092, 39.5692871], [-0.482167, 39.5710425], [-0.4808897, 39.5700248], [-0.4818562, 39.5652778], [-0.4817435, 39.5628736], [-0.4747528, 39.558089], [-0.47199, 39.5530005], [-0.4726423, 39.5507397], [-0.4787928, 39.5516003], [-0.4771434, 39.5494044], [-0.475166, 39.5490971], [-0.4792471, 39.5469763], [-0.4774507, 39.5445857], [-0.4794246, 39.5438344], [-0.4801896, 39.5451731], [-0.488058, 39.5453712], [-0.4916131, 39.5448453]]]}}, {"type": "Feature", "properties": {"Index": 7067}, "geometry": {"type": "Polygon", "coordinates": [[[-0.5065371, 39.5538509], [-0.5146001, 39.5426699], [-0.5208566, 39.5492371], [-0.5300056, 39.5534411], [-0.5370202, 39.5561356], [-0.5492702, 39.5579353], [-0.554567, 39.5608518], [-0.5498712, 39.5659506], [-0.5447178, 39.5665448], [-0.5388336, 39.5726373], [-0.5381404, 39.574502], [-0.5392469, 39.5751474], [-0.5352683, 39.5777395], [-0.535439, 39.5787879], [-0.5343018, 39.5780263], [-0.5316141, 39.5806081], [-0.5305315, 39.5799081], [-0.5295616, 39.580673], [-0.5215772, 39.5761275], [-0.518688, 39.5748469], [-0.5194939, 39.5737814], [-0.5097234, 39.5689797], [-0.512394, 39.5626755], [-0.501534, 39.5607938], [-0.5065371, 39.5538509]]]}}, {"type": "Feature", "properties": {"Index": 7165}, "geometry": {"type": "MultiPolygon", "coordinates": [[[[-1.0046696, 39.6023145], [-1.0143309, 39.5836954], [-1.017565, 39.5866699], [-1.0323763, 39.5928239], [-1.0561214, 39.6090525], [-1.0671795, 39.6134614], [-1.0643176, 39.6192534], [-1.0610118, 39.6224499], [-1.0634126, 39.6270227], [-1.0628867, 39.6308237], [-1.0516784, 39.6391053], [-1.0488097, 39.6392282], [-1.0406715, 39.6505425], [-1.0298764, 39.64654], [-1.0237975, 39.6402289], [-1.0172747, 39.6376675], [-1.0103421, 39.6319814], [-1.0054687, 39.6372748], [-1.0017634, 39.6450578], [-0.9828847, 39.6670852], [-0.9777621, 39.6704729], [-0.9618648, 39.6762684], [-0.9571144, 39.6807797], [-0.9556254, 39.6849769], [-0.9529309, 39.6878319], [-0.9478493, 39.6892286], [-0.9459436, 39.6887164], [-0.9403941, 39.6921212], [-0.9278641, 39.6950172], [-0.9239743, 39.6984426], [-0.9088591, 39.6992178], [-0.9014893, 39.6983709], [-0.8945226, 39.6950821], [-0.8906976, 39.6954749], [-0.8976508, 39.6903829], [-0.9042966, 39.6834127], [-0.9116937, 39.6744652], [-0.9148287, 39.6488895], [-0.9313202, 39.6457169], [-0.9469955, 39.6409495], [-0.9639651, 39.6301236], [-0.9890285, 39.6207389], [-0.9916205, 39.6157665], [-1.0046696, 39.6023145]]], [[[-0.5615884, 39.4706831], [-0.5616225, 39.4687126], [-0.5725645, 39.4696244], [-0.5835133, 39.4723496], [-0.5912314, 39.4783909], [-0.5891175, 39.4850231], [-0.5887521, 39.4889094], [-0.5962277, 39.4999983], [-0.6066267, 39.5131532], [-0.6063193, 39.5177841], [-0.5906577, 39.5622827], [-0.5927409, 39.5667668], [-0.5798113, 39.5642669], [-0.5720557, 39.565732], [-0.5705223, 39.5645743], [-0.5694568, 39.5660837], [-0.5602189, 39.564021], [-0.554567, 39.5608518], [-0.5492702, 39.5579353], [-0.5370202, 39.5561356], [-0.5300056, 39.5534411], [-0.5208566, 39.5492371], [-0.5146001, 39.5426699], [-0.5065371, 39.5538509], [-0.5068342, 39.5522834], [-0.5020599, 39.5483628], [-0.4980096, 39.547492], [-0.4924157, 39.5435783], [-0.4916131, 39.5448453], [-0.488058, 39.5453712], [-0.4801896, 39.5451731], [-0.4794246, 39.5438344], [-0.4774507, 39.5445857], [-0.4792471, 39.5469763], [-0.475166, 39.5490971], [-0.4771434, 39.5494044], [-0.4787928, 39.5516003], [-0.4726423, 39.5507397], [-0.47199, 39.5530005], [-0.4747528, 39.558089], [-0.4817435, 39.5628736], [-0.4818562, 39.5652778], [-0.4755622, 39.5606025], [-0.4685715, 39.558854], [-0.4622706, 39.552618], [-0.4500036, 39.545682], [-0.4325456, 39.526858], [-0.4189365, 39.5174938], [-0.428106, 39.5110632], [-0.4236083, 39.5071802], [-0.4324329, 39.5060805], [-0.4307425, 39.504151], [-0.4301619, 39.4997148], [-0.424766, 39.491218], [-0.4260706, 39.48796], [-0.4311659, 39.4863515], [-0.432047, 39.4876493], [-0.4364969, 39.4871746], [-0.4356431, 39.4891007], [-0.4404106, 39.4913478], [-0.4449697, 39.492888], [-0.4496553, 39.4916313], [-0.4520731, 39.4928914], [-0.455437, 39.4982736], [-0.460826, 39.4987313], [-0.4672567, 39.5015829], [-0.4714948, 39.500531], [-0.4744523, 39.5016341], [-0.4721471, 39.505599], [-0.4741995, 39.5093112], [-0.488379, 39.5114559], [-0.4949633, 39.5092293], [-0.4986858, 39.5098132], [-0.5052291, 39.514468], [-0.5048739, 39.5208303], [-0.515208, 39.5249523], [-0.515068, 39.5226437], [-0.5250879, 39.5136962], [-0.5295207, 39.5071256], [-0.5269013, 39.4845176], [-0.5262763, 39.4809079], [-0.5292953, 39.4707753], [-0.5525555, 39.4704406], [-0.5615884, 39.4706831]]]]}}, {"type": "Feature", "properties": {"Index": 3385}, "geometry": {"type": "Polygon", "coordinates": [[[0.1013498, 41.3516864], [0.0937136, 41.3499687], [0.0872625, 41.3505219], [0.0806475, 41.3524719], [0.0796571, 41.355788], [0.0775944, 41.352851], [0.0433888, 41.3557163], [0.0371084, 41.355064], [0.020371, 41.3591245], [0.0172326, 41.3607638], [0.0124446, 41.3600398], [0.0100438, 41.3604325], [0.0082475, 41.3631817], [0.0086231, 41.3656098], [0.0059798, 41.3682394], [0.007339, 41.3693903], [0.0056452, 41.3710739], [0.0066116, 41.37286], [0.0047162, 41.3740075], [-0.0026296, 41.3879172], [-0.0238613, 41.3967828], [-0.0262245, 41.4045589], [-0.0254185, 41.4075369], [-0.019548, 41.4095723], [-0.0033912, 41.4201044], [0.0025579, 41.4253534], [0.0092617, 41.4357866], [0.0122363, 41.4377093], [0.0166008, 41.4433681], [0.0211804, 41.4463085], [0.0212487, 41.4486137], [0.0232705, 41.4490986], [0.0264397, 41.4551843], [0.0294791, 41.456745], [0.0288029, 41.4627317], [0.031494, 41.46503], [0.0370367, 41.460768], [0.0501472, 41.4567382], [0.0581147, 41.4515097], [0.064156, 41.4438394], [0.0728747, 41.4390924], [0.0750638, 41.4320265], [0.0776217, 41.4289154], [0.0841992, 41.4278396], [0.0901107, 41.4290861], [0.0935565, 41.4283348], [0.102084, 41.4196673], [0.1105364, 41.4198073], [0.1093206, 41.4273888], [0.1106593, 41.4284031], [0.1094811, 41.4297521], [0.1151092, 41.4353904], [0.1166289, 41.4353392], [0.1159903, 41.4409946], [0.1175544, 41.4464621], [0.1304156, 41.4497884], [0.140859, 41.458094], [0.1412176, 41.4670381], [0.1376864, 41.4754358], [0.1417264, 41.4891679], [0.1391958, 41.4947652], [0.1429729, 41.5040099], [0.1386119, 41.5077426], [0.122981, 41.5160105], [0.1214647, 41.5208873], [0.1128586, 41.5320717], [0.1037437, 41.5392639], [0.129152, 41.5387824], [0.1328233, 41.5405992], [0.1458484, 41.541009], [0.1693306, 41.5456672], [0.1765023, 41.5489013], [0.1816455, 41.5552056], [0.189104, 41.5589451], [0.2066235, 41.572503], [0.2220699, 41.5823829], [0.2238868, 41.5796201], [0.228323, 41.5781448], [0.2345248, 41.5815462], [0.2405285, 41.5754332], [0.2428713, 41.5752693], [0.2445891, 41.5720044], [0.2463308, 41.5717927], [0.2509616, 41.5667998], [0.2467406, 41.5625241], [0.2418228, 41.560096], [0.2462898, 41.5578079], [0.2511119, 41.5585729], [0.25674, 41.556254], [0.2618387, 41.5568004], [0.2898835, 41.5726704], [0.2992067, 41.5697471], [0.3088748, 41.5758908], [0.3156913, 41.5778374], [0.3188332, 41.5804192], [0.339515, 41.5837114], [0.3460106, 41.5898893], [0.3496135, 41.5994652], [0.392391, 41.5953159], [0.4023767, 41.5927136], [0.4288505, 41.6023749], [0.4338195, 41.5929492], [0.4362134, 41.5849169], [0.4318865, 41.5813618], [0.4304897, 41.5779023], [0.4332696, 41.5690128], [0.4306844, 41.5652357], [0.4406257, 41.5546455], [0.4472784, 41.5422316], [0.4433578, 41.5410808], [0.4326686, 41.5309823], [0.4266717, 41.5227144], [0.4177754, 41.5169258], [0.4085204, 41.5029273], [0.3981932, 41.4912682], [0.3950411, 41.4898373], [0.3843552, 41.4858587], [0.37119, 41.4846327], [0.3672559, 41.4859543], [0.3490705, 41.4872589], [0.3476737, 41.4877438], [0.3435209, 41.4928528], [0.3344095, 41.4924157], [0.3236041, 41.4895777], [0.3110639, 41.4884268], [0.2902079, 41.478185], [0.2821244, 41.4767404], [0.2652299, 41.4758354], [0.2579694, 41.4714572], [0.2527238, 41.4561269], [0.2457092, 41.4431939], [0.2436226, 41.4356329], [0.2459312, 41.429858], [0.2451218, 41.4287344], [0.2441007, 41.4288027], [0.2400368, 41.4279728], [0.2349141, 41.424568], [0.2306145, 41.4174475], [0.2252494, 41.414473], [0.2212811, 41.4099582], [0.2215679, 41.4087424], [0.2196042, 41.4077145], [0.2208576, 41.4067344], [0.2194471, 41.4035686], [0.2063366, 41.4042687], [0.1995918, 41.4033295], [0.1936803, 41.4001535], [0.1894797, 41.3961646], [0.1829944, 41.3944093], [0.1762223, 41.3963251], [0.1740605, 41.4027148], [0.1716324, 41.4054674], [0.1688525, 41.4068402], [0.164891, 41.4067856], [0.1568963, 41.3972882], [0.1462036, 41.3948088], [0.1313036, 41.3888837], [0.1216115, 41.3792702], [0.1179949, 41.3686219], [0.1182613, 41.3627616], [0.1063495, 41.3508702], [0.1013498, 41.3516864]]]}}, {"type": "Feature", "properties": {"Index": 6420}, "geometry": {"type": "Polygon", "coordinates": [[[0.6404942, 41.0053378], [0.6341284, 41.0030633], [0.6249657, 41.0072229], [0.6246106, 41.0080904], [0.6280017, 41.0090363], [0.6293439, 41.0131379], [0.6288521, 41.014982], [0.6251126, 41.0133633], [0.6241905, 41.0140941], [0.6262703, 41.0186123], [0.6148946, 41.0249746], [0.6076444, 41.0250497], [0.6074087, 41.0259957], [0.6033687, 41.0264636], [0.6010566, 41.0320575], [0.6051309, 41.030408], [0.6171247, 41.0322829], [0.616609, 41.0337036], [0.6192284, 41.0365757], [0.6182482, 41.0393077], [0.6251843, 41.0434468], [0.6249282, 41.0487676], [0.6263181, 41.0526164], [0.6212535, 41.052029], [0.6185488, 41.0495564], [0.6165885, 41.049816], [0.6153659, 41.0513938], [0.6121045, 41.0509464], [0.6061793, 41.0556695], [0.6068657, 41.0576024], [0.6036999, 41.0588455], [0.5923345, 41.0592382], [0.5944279, 41.06335], [0.5893565, 41.0659694], [0.5722196, 41.0696543], [0.5564589, 41.0686297], [0.5498029, 41.0692206], [0.5478085, 41.0677521], [0.5397659, 41.0664953], [0.5348619, 41.0633227], [0.5279907, 41.0623084], [0.5090267, 41.0612395], [0.5033542, 41.0595217], [0.5002533, 41.0629573], [0.505171, 41.0677521], [0.5108708, 41.069504], [0.5126603, 41.0689371], [0.5127491, 41.0703953], [0.5174585, 41.0721063], [0.5216215, 41.0758766], [0.5217308, 41.0785847], [0.5273794, 41.085391], [0.5336358, 41.0909064], [0.5364396, 41.0935804], [0.5367368, 41.0980644], [0.5432972, 41.1055811], [0.5436079, 41.1075687], [0.5508513, 41.1113901], [0.5542084, 41.118193], [0.5605126, 41.1224926], [0.5656797, 41.1235479], [0.5644571, 41.1210207], [0.5670423, 41.1183911], [0.5684869, 41.1206143], [0.5768061, 41.1249242], [0.5835099, 41.1336019], [0.5853438, 41.1332024], [0.5883866, 41.1352446], [0.5963848, 41.1388134], [0.5966717, 41.1399096], [0.6000594, 41.1404697], [0.6032662, 41.1396398], [0.6132041, 41.142932], [0.6154342, 41.1440692], [0.6195494, 41.1506569], [0.6202119, 41.15204], [0.6174559, 41.155018], [0.6183848, 41.1578354], [0.6128626, 41.159683], [0.6106804, 41.1678656], [0.6064115, 41.1715402], [0.6105779, 41.1746855], [0.6181731, 41.178005], [0.6164348, 41.1806278], [0.6057387, 41.1888138], [0.6078527, 41.193431], [0.6046049, 41.1961289], [0.6046254, 41.1978194], [0.6057866, 41.199421], [0.6132315, 41.2008281], [0.6162572, 41.2027234], [0.6183336, 41.2081329], [0.619686, 41.209738], [0.62389, 41.2109197], [0.6262156, 41.2157008], [0.628736, 41.2168448], [0.6357028, 41.2168892], [0.6397463, 41.2209737], [0.6472253, 41.2247986], [0.6503023, 41.2242044], [0.6568525, 41.2270048], [0.6640822, 41.2257207], [0.6654858, 41.2278107], [0.6711685, 41.2297812], [0.6805976, 41.2282103], [0.6837463, 41.2300988], [0.6859252, 41.2300476], [0.6858978, 41.2246722], [0.6908156, 41.2219675], [0.6942068, 41.2224968], [0.7009926, 41.2171727], [0.7062757, 41.2161277], [0.7040525, 41.2158681], [0.7023927, 41.2130302], [0.6953406, 41.2072792], [0.6876908, 41.2033552], [0.6885582, 41.2026585], [0.6866321, 41.2004353], [0.6815948, 41.2009544], [0.6765097, 41.1961289], [0.6716569, 41.1938169], [0.6702704, 41.1911941], [0.6666504, 41.189951], [0.6602983, 41.1885235], [0.6587205, 41.1854567], [0.6670397, 41.179692], [0.6775001, 41.171892], [0.676438, 41.1642148], [0.6834219, 41.1533856], [0.687981, 41.1507901], [0.6925709, 41.1434271], [0.6949581, 41.1422694], [0.6977038, 41.1374985], [0.6979053, 41.1343054], [0.6909419, 41.1337351], [0.6938721, 41.1314265], [0.693493, 41.1286739], [0.6954191, 41.1296575], [0.6977824, 41.1284895], [0.6981956, 41.1269732], [0.7010677, 41.1265941], [0.7000534, 41.1246441], [0.7027957, 41.1249242], [0.7055381, 41.1236845], [0.7078467, 41.1215398], [0.7076588, 41.1196615], [0.713123, 41.116885], [0.7114188, 41.1150136], [0.7178597, 41.1092762], [0.7127746, 41.1050347], [0.6979463, 41.1043141], [0.6953372, 41.101319], [0.6907678, 41.0867297], [0.6848528, 41.0764845], [0.6631806, 41.0689713], [0.6599978, 41.0665704], [0.658338, 41.066649], [0.6568388, 41.0647536], [0.6544312, 41.0620454], [0.6507292, 41.0635788], [0.6487211, 41.0624996], [0.6577916, 41.0548601], [0.651098, 41.0506971], [0.6511356, 41.0487607], [0.6574774, 41.0455779], [0.66371, 41.0406499], [0.6612853, 41.0320916], [0.657556, 41.0276623], [0.6548854, 41.021136], [0.6517196, 41.006236], [0.6456885, 41.0036166], [0.6435268, 41.0061882], [0.6416041, 41.0045455], [0.6404942, 41.0053378]]]}}, {"type": "Feature", "properties": {"Index": 6483}, "geometry": {"type": "Polygon", "coordinates": [[[0.440233, 40.5502696], [0.4383069, 40.5470594], [0.4358275, 40.5498256], [0.4364184, 40.5574379], [0.4334131, 40.565378], [0.4383137, 40.5702138], [0.4365925, 40.5726248], [0.4397071, 40.5743973], [0.4401886, 40.5766068], [0.4439452, 40.5782222], [0.4411175, 40.5792877], [0.4326208, 40.5792364], [0.424223, 40.5838434], [0.4175978, 40.5878152], [0.4046033, 40.5948264], [0.4063826, 40.5972511], [0.4027592, 40.6019776], [0.3950581, 40.6025206], [0.3923397, 40.6041666], [0.3883953, 40.6067416], [0.3759541, 40.6065401], [0.3710671, 40.6050341], [0.3679696, 40.606424], [0.3602071, 40.6059732], [0.3508019, 40.6081555], [0.3446309, 40.6075988], [0.330103, 40.6110412], [0.3379099, 40.6237522], [0.3476566, 40.635705], [0.3525095, 40.6386557], [0.3594114, 40.6466333], [0.3527895, 40.660082], [0.376825, 40.6830861], [0.385834, 40.6948784], [0.4051122, 40.6828743], [0.400512, 40.6782093], [0.4005906, 40.6758392], [0.4026772, 40.6731037], [0.4089849, 40.6717992], [0.4121131, 40.6716796], [0.4218837, 40.6679879], [0.421327, 40.6663282], [0.4287002, 40.6634151], [0.4390855, 40.6565849], [0.4358924, 40.6516911], [0.4308859, 40.6472549], [0.4249949, 40.6381912], [0.4276552, 40.6363641], [0.429274, 40.6374604], [0.4416366, 40.6323651], [0.4416059, 40.6276283], [0.4456733, 40.6241927], [0.4604196, 40.6282089], [0.4657267, 40.632085], [0.4774507, 40.6365759], [0.4848102, 40.6432865], [0.4845439, 40.6451956], [0.4871735, 40.6464421], [0.4896358, 40.6512471], [0.5010763, 40.6457215], [0.4997547, 40.6441881], [0.5135414, 40.6383347], [0.5153617, 40.6385703], [0.5296641, 40.6335638], [0.5361972, 40.6334921], [0.5389395, 40.6346498], [0.5428566, 40.6317913], [0.5392366, 40.6250773], [0.5310335, 40.6147022], [0.5306613, 40.6121272], [0.5239165, 40.6070831], [0.5216489, 40.602804], [0.5193129, 40.5918518], [0.5216933, 40.5887885], [0.520317, 40.5852914], [0.5206961, 40.5810738], [0.5192276, 40.5791716], [0.5205492, 40.5773752], [0.5102732, 40.5672426], [0.5119876, 40.5643432], [0.5104132, 40.5627108], [0.5083368, 40.5622771], [0.5043207, 40.5651902], [0.4939832, 40.5678539], [0.4838369, 40.5682808], [0.4769419, 40.5612389], [0.4765525, 40.5592035], [0.4784308, 40.5571203], [0.474664, 40.5560377], [0.4729121, 40.5538555], [0.4537465, 40.5545214], [0.4476233, 40.5520933], [0.4454137, 40.5491153], [0.440233, 40.5502696]]]}}, {"type": "Feature", "properties": {"Index": 6482}, "geometry": {"type": "MultiPolygon", "coordinates": [[[[0.5872597, 40.7362352], [0.5732783, 40.7328815], [0.5687225, 40.7469654], [0.5658095, 40.7500697], [0.5618138, 40.7517636], [0.5516163, 40.7461526], [0.5521047, 40.7442026], [0.5462956, 40.743622], [0.5420985, 40.7459682], [0.5371875, 40.7480719], [0.5339056, 40.7475699], [0.5328367, 40.7457394], [0.5310677, 40.7454218], [0.5238379, 40.7459784], [0.5217752, 40.7434479], [0.5184216, 40.7432156], [0.518203, 40.7446909], [0.5160823, 40.7437381], [0.5154778, 40.7414876], [0.5067625, 40.7383047], [0.5025038, 40.7397391], [0.4988087, 40.7384038], [0.4934778, 40.7394283], [0.4750533, 40.7371299], [0.4685715, 40.7379359], [0.4673045, 40.742758], [0.4657813, 40.7437586], [0.4671815, 40.7460843], [0.4695379, 40.7463131], [0.4767745, 40.7567838], [0.475347, 40.7589251], [0.4768565, 40.7817447], [0.4801725, 40.7857779], [0.487194, 40.7877006], [0.487194, 40.788592], [0.4955541, 40.7894116], [0.4952536, 40.7922564], [0.4968245, 40.7919593], [0.5028146, 40.8019313], [0.5103927, 40.8106091], [0.5041465, 40.8094855], [0.5107342, 40.8217491], [0.5072816, 40.8228249], [0.5012573, 40.8273226], [0.4934095, 40.8259395], [0.4899739, 40.8278109], [0.4841136, 40.8272748], [0.4829012, 40.8261307], [0.4768531, 40.8281627], [0.4711977, 40.8283608], [0.4670176, 40.8305191], [0.4628614, 40.8299351], [0.4579642, 40.8321788], [0.4564684, 40.8344226], [0.4545013, 40.8342552], [0.4460557, 40.8380391], [0.4442697, 40.8376703], [0.4408341, 40.8400131], [0.4332423, 40.8420519], [0.4332457, 40.8432779], [0.4231746, 40.8441624], [0.4194214, 40.8456138], [0.4180656, 40.8453645], [0.4175568, 40.8548004], [0.4204528, 40.855282], [0.421146, 40.8537691], [0.4253056, 40.8523381], [0.4373575, 40.8519147], [0.4406257, 40.8504496], [0.4430949, 40.8514127], [0.4513287, 40.8505623], [0.4543817, 40.8522152], [0.4604162, 40.8489914], [0.4627761, 40.8499032], [0.4651734, 40.8483083], [0.4697326, 40.8488821], [0.4723588, 40.8528641], [0.4880204, 40.8545272], [0.494212, 40.8540696], [0.4971251, 40.856006], [0.5074079, 40.8573583], [0.5122608, 40.8562314], [0.5144294, 40.857109], [0.5097234, 40.8639187], [0.5069025, 40.8846005], [0.5158569, 40.8858675], [0.522366, 40.8886235], [0.5424502, 40.8918235], [0.5442329, 40.8898871], [0.5498268, 40.8897437], [0.5503562, 40.8883571], [0.5565989, 40.8888216], [0.5603077, 40.8878415], [0.5607005, 40.888948], [0.5683264, 40.8910619], [0.5685689, 40.8924587], [0.5695114, 40.89126], [0.5732305, 40.8906657], [0.5759762, 40.8920591], [0.5830523, 40.8914888], [0.5870104, 40.8929026], [0.5875943, 40.8955971], [0.5904903, 40.8958294], [0.5920647, 40.8975096], [0.5955754, 40.8963655], [0.5963916, 40.8975916], [0.6023134, 40.8963075], [0.6040585, 40.8971817], [0.6178179, 40.8898769], [0.6229337, 40.8894022], [0.6424134, 40.8955596], [0.6433287, 40.8945316], [0.6504594, 40.8936198], [0.6486187, 40.8908058], [0.6513473, 40.882613], [0.6578599, 40.879536], [0.6588537, 40.8778182], [0.6578053, 40.8762233], [0.6593318, 40.8759057], [0.6645808, 40.8686964], [0.6620161, 40.8682354], [0.6615072, 40.8665518], [0.6560465, 40.8641031], [0.6518801, 40.8597318], [0.6538403, 40.8556986], [0.6524777, 40.8550668], [0.6530071, 40.8532466], [0.642854, 40.8489504], [0.6409996, 40.8473419], [0.6412899, 40.8450537], [0.6348388, 40.8386026], [0.6374445, 40.837684], [0.6367956, 40.8353446], [0.6419626, 40.830946], [0.6405932, 40.8245427], [0.6428062, 40.8214828], [0.638732, 40.818696], [0.6329263, 40.8174461], [0.6285447, 40.8147209], [0.6218033, 40.8134744], [0.6182619, 40.8146116], [0.6149732, 40.8125523], [0.6078903, 40.807474], [0.6086484, 40.7993905], [0.6111756, 40.794384], [0.6097822, 40.7873489], [0.6033653, 40.780003], [0.6089079, 40.7728245], [0.6092734, 40.7693138], [0.6062373, 40.762166], [0.6049225, 40.7597037], [0.5994584, 40.7583274], [0.5979694, 40.7553563], [0.586785, 40.7526037], [0.5863649, 40.7429971], [0.58435, 40.7407021], [0.5872597, 40.7362352]]], [[[0.3319609, 40.8012449], [0.3297923, 40.8012278], [0.3276339, 40.8040999], [0.3298879, 40.8057563], [0.3354408, 40.8059202], [0.3391701, 40.8100695], [0.3523114, 40.8151546], [0.3559792, 40.8190205], [0.3639193, 40.8231767], [0.3635232, 40.8272748], [0.3956831, 40.8371307], [0.4180656, 40.8453645], [0.4152174, 40.8388314], [0.4152106, 40.8334288], [0.4112662, 40.8279066], [0.4078921, 40.8257107], [0.377187, 40.8222375], [0.363571, 40.8179242], [0.3624337, 40.8202909], [0.3319609, 40.8012449]]], [[[0.3040083, 40.7801191], [0.2770974, 40.7730636], [0.2713532, 40.7803138], [0.265971, 40.7802796], [0.2630989, 40.7818164], [0.2528092, 40.7814852], [0.248735, 40.7824926], [0.2331553, 40.7793951], [0.2339169, 40.7869903], [0.2447462, 40.7920925], [0.2501796, 40.7985197], [0.2581026, 40.7996159], [0.2611045, 40.7989397], [0.2621802, 40.7972083], [0.2711961, 40.7992949], [0.2718791, 40.8040658], [0.2707589, 40.8058621], [0.273269, 40.8076926], [0.2841529, 40.8104008], [0.2893371, 40.8102266], [0.3096261, 40.8175691], [0.3201276, 40.8127982], [0.3173101, 40.8116849], [0.3127236, 40.8073853], [0.3096842, 40.8084542], [0.3058661, 40.8051313], [0.3003063, 40.8045883], [0.2882476, 40.8004731], [0.282763, 40.7997867], [0.2855156, 40.7924203], [0.2969083, 40.7879465], [0.3040083, 40.7801191]]]]}}, {"type": "Feature", "properties": {"Index": 6509}, "geometry": {"type": "Polygon", "coordinates": [[[0.6674017, 40.6285128], [0.6635324, 40.6265287], [0.6576345, 40.6345302], [0.6273051, 40.6533303], [0.6021631, 40.6417088], [0.5762562, 40.6486756], [0.5730631, 40.6482418], [0.5721342, 40.6452263], [0.5677766, 40.6451478], [0.5609054, 40.6428904], [0.555472, 40.6464967], [0.5458619, 40.6449838], [0.5393903, 40.647371], [0.5439802, 40.6561273], [0.5369109, 40.6742854], [0.5329221, 40.6793602], [0.5332568, 40.693987], [0.5478187, 40.7124251], [0.5457458, 40.7194602], [0.5508035, 40.7261914], [0.5526067, 40.731857], [0.5521047, 40.7442026], [0.5516163, 40.7461526], [0.5618172, 40.7517636], [0.5658095, 40.7500697], [0.5687225, 40.7469654], [0.5732783, 40.7328815], [0.5872597, 40.7362352], [0.58435, 40.7407021], [0.5863649, 40.7429971], [0.586785, 40.7526037], [0.5979694, 40.7553563], [0.5994584, 40.7583274], [0.6049225, 40.7597037], [0.6062373, 40.7621626], [0.6092734, 40.7693138], [0.6089079, 40.7728245], [0.6033653, 40.780003], [0.6097822, 40.7873489], [0.6111756, 40.794384], [0.6086484, 40.7993905], [0.6078903, 40.807474], [0.6149732, 40.8125523], [0.6160353, 40.8100593], [0.6142901, 40.8100524], [0.6135661, 40.8086796], [0.6169539, 40.8056094], [0.6153078, 40.8050049], [0.6151883, 40.8023548], [0.6160455, 40.8015489], [0.6169505, 40.802307], [0.6306894, 40.7791083], [0.6346304, 40.7688152], [0.6333156, 40.7677667], [0.6367854, 40.7627397], [0.6374445, 40.7585221], [0.6399716, 40.7562749], [0.6383358, 40.7555475], [0.6406034, 40.7545776], [0.6394867, 40.7536317], [0.6405215, 40.7528872], [0.6380729, 40.7511899], [0.6386261, 40.7504966], [0.640822, 40.7516543], [0.6445547, 40.7456096], [0.6408937, 40.7356], [0.6325336, 40.7310545], [0.6216667, 40.7219157], [0.6136174, 40.7188455], [0.6120601, 40.711906], [0.6002029, 40.7128179], [0.6003668, 40.7072991], [0.6071458, 40.7064385], [0.6139555, 40.7058374], [0.6204851, 40.7066673], [0.6405556, 40.7140268], [0.6648472, 40.7201706], [0.6748159, 40.7212941], [0.6738357, 40.7196071], [0.6789789, 40.7143273], [0.6833809, 40.7130433], [0.6848733, 40.7078967], [0.6839649, 40.7047753], [0.6789891, 40.6999361], [0.6958426, 40.6877955], [0.7059513, 40.6874642], [0.7495859, 40.6704707], [0.7912398, 40.6602049], [0.7929474, 40.6584257], [0.779007, 40.6530059], [0.7657837, 40.6461962], [0.7568498, 40.6408379], [0.7503543, 40.6350459], [0.7462904, 40.6361763], [0.7410858, 40.6382015], [0.739607, 40.6384269], [0.7406691, 40.6375116], [0.7394602, 40.6374433], [0.7393202, 40.638584], [0.7352801, 40.6394616], [0.7385347, 40.6378429], [0.7359221, 40.6378634], [0.7349181, 40.6391474], [0.7358231, 40.6404793], [0.734621, 40.6393011], [0.7335931, 40.6399568], [0.7344981, 40.6422074], [0.7329408, 40.63842], [0.7272888, 40.6392772], [0.7269917, 40.6417737], [0.7262643, 40.6399773], [0.722272, 40.6389801], [0.7179007, 40.6388264], [0.7173884, 40.6402471], [0.7169411, 40.6389801], [0.7125219, 40.6390552], [0.7131435, 40.6376448], [0.7117877, 40.6389869], [0.7078569, 40.6352679], [0.707693, 40.637235], [0.7042096, 40.6385737], [0.7023244, 40.638724], [0.7012487, 40.6376311], [0.7001764, 40.6383244], [0.6950879, 40.6363061], [0.6939438, 40.6406228], [0.6924821, 40.6390313], [0.6934828, 40.6367842], [0.6881347, 40.6356572], [0.6869258, 40.6368662], [0.687742, 40.6353704], [0.6858671, 40.6345746], [0.6833843, 40.6393045], [0.6844396, 40.6365691], [0.6828482, 40.6353943], [0.6841937, 40.6344688], [0.6788867, 40.6332223], [0.6692288, 40.6286426], [0.6660459, 40.6300496], [0.6674017, 40.6285128]]]}}, {"type": "Feature", "properties": {"Index": 6506}, "geometry": {"type": "MultiPolygon", "coordinates": [[[[0.8276823, 40.6697945], [0.7939753, 40.658996], [0.7918033, 40.6607513], [0.7912398, 40.6602049], [0.7495859, 40.6704707], [0.7059513, 40.6874642], [0.6958426, 40.6877955], [0.6789891, 40.6999361], [0.6839649, 40.7047753], [0.6848733, 40.7078967], [0.6833809, 40.7130433], [0.6789789, 40.7143273], [0.6738357, 40.7196071], [0.6748159, 40.7212941], [0.6648472, 40.7201706], [0.6405556, 40.7140268], [0.6204851, 40.7066673], [0.6139555, 40.7058374], [0.6071458, 40.7064385], [0.6003668, 40.7072991], [0.6002029, 40.7128179], [0.6120601, 40.711906], [0.6136174, 40.7188455], [0.6216667, 40.7219157], [0.6325336, 40.7310545], [0.6408937, 40.7356], [0.6682794, 40.7500526], [0.7017883, 40.7698465], [0.7088165, 40.7662539], [0.7096737, 40.7712331], [0.7119926, 40.7748053], [0.7170845, 40.7781452], [0.7205235, 40.7785345], [0.7288188, 40.7704783], [0.7406179, 40.7654137], [0.7619042, 40.7620533], [0.7679113, 40.7637779], [0.7696974, 40.7631325], [0.7750147, 40.7652191], [0.7760598, 40.767777], [0.777559, 40.7666295], [0.7771867, 40.7686308], [0.7824289, 40.7678829], [0.7843038, 40.7702461], [0.7850278, 40.7696724], [0.7842457, 40.7721381], [0.781237, 40.7746686], [0.7731774, 40.7789478], [0.7655447, 40.7797742], [0.7491454, 40.786642], [0.7438486, 40.7864336], [0.7394158, 40.7883085], [0.7366905, 40.7876699], [0.7375375, 40.7887832], [0.7357309, 40.7880934], [0.7360895, 40.7891896], [0.7315235, 40.78823], [0.7410584, 40.7915973], [0.760504, 40.7932877], [0.7740483, 40.7895209], [0.7792836, 40.7857096], [0.7963625, 40.7661036], [0.8227714, 40.7402377], [0.8311521, 40.7336124], [0.8372958, 40.7305149], [0.8435045, 40.7295348], [0.8542927, 40.7300573], [0.8550577, 40.7293469], [0.8441192, 40.7283156], [0.8528311, 40.7240091], [0.8579332, 40.7237564], [0.8570658, 40.7227421], [0.8595315, 40.7223801], [0.85905, 40.7234559], [0.8609112, 40.7232885], [0.8639438, 40.7215025], [0.868059, 40.7240638], [0.8744828, 40.7340154], [0.8820814, 40.7257986], [0.8877948, 40.7192587], [0.8756098, 40.6998029], [0.8699817, 40.6941749], [0.8540229, 40.6823552], [0.8276823, 40.6697945]]], [[[0.8641214, 40.7253581], [0.8632881, 40.7248732], [0.8600847, 40.7290259], [0.8573697, 40.7300743], [0.8611537, 40.7295109], [0.8641214, 40.7253581]]]]}}, {"type": "Feature", "properties": {"Index": 6419}, "geometry": {"type": "Polygon", "coordinates": [[[0.9396838, 41.0046616], [0.9322423, 40.9915067], [0.930142, 40.9929376], [0.9247837, 40.9926097], [0.9223385, 40.998231], [0.9237899, 41.0028994], [0.9169734, 41.0061745], [0.9170963, 41.0106483], [0.9153171, 41.0119494], [0.9175881, 41.0129739], [0.9145077, 41.0197495], [0.9059085, 41.0255449], [0.9204158, 41.0427638], [0.9217511, 41.0494164], [0.9221848, 41.0550752], [0.9182028, 41.0589684], [0.9143916, 41.0681141], [0.9109526, 41.0713072], [0.9133466, 41.0777924], [0.9134114, 41.0822935], [0.9256819, 41.0790833], [0.9347797, 41.0817642], [0.9308592, 41.0918831], [0.9351451, 41.0990207], [0.9413025, 41.1040955], [0.9488328, 41.104379], [0.9573193, 41.102528], [0.9703206, 41.095469], [0.9775572, 41.0984094], [0.9717208, 41.1038701], [0.9704333, 41.1109735], [0.9702591, 41.113429], [0.9733942, 41.1197435], [0.9742445, 41.1182306], [0.97475, 41.1157854], [0.9761194, 41.11598], [0.9761262, 41.1133231], [0.9807264, 41.1041433], [0.98561, 41.1014522], [0.9864535, 41.0984879], [0.9909546, 41.0959266], [0.9925119, 41.0866683], [0.996429, 41.0833727], [0.9960431, 41.0801352], [0.9976926, 41.0765323], [1.0049052, 41.0683429], [1.0092766, 41.0660582], [1.014768, 41.0587362], [1.023719, 41.0520119], [1.0188354, 41.0515133], [1.013402, 41.0491739], [1.0041198, 41.0430507], [0.9928944, 41.0427126], [0.9865969, 41.040264], [0.9718881, 41.0300221], [0.9670831, 41.0286048], [0.9396838, 41.0046616]]]}}, {"type": "Feature", "properties": {"Index": 6505}, "geometry": {"type": "Polygon", "coordinates": [[[1.0653661, 41.0685683], [1.0617495, 41.067957], [1.0607659, 41.0696099], [1.0572552, 41.072499], [1.0615685, 41.0737592], [1.0597243, 41.0766723], [1.0304638, 41.1153858], [1.0261505, 41.1215535], [1.0260139, 41.1218711], [1.0243918, 41.1339059], [1.0271341, 41.1341278], [1.0218168, 41.1406404], [1.0231316, 41.1506364], [1.0268233, 41.1605573], [1.0379053, 41.1752524], [1.0462962, 41.175874], [1.0585222, 41.1764238], [1.0612372, 41.1588702], [1.0798017, 41.1475321], [1.0865499, 41.1418801], [1.0890839, 41.1378366], [1.0868436, 41.1328199], [1.087933, 41.1317646], [1.0862596, 41.1306991], [1.0953028, 41.1204265], [1.0951696, 41.1179096], [1.1012314, 41.1137124], [1.0945344, 41.1082961], [1.0945549, 41.104396], [1.0828753, 41.1007487], [1.0834661, 41.0993246], [1.0720938, 41.0777822], [1.0622993, 41.0735714], [1.0653661, 41.0685683]]]}}, {"type": "Feature", "properties": {"Index": 6415}, "geometry": {"type": "Polygon", "coordinates": [[[0.9347797, 41.0817642], [0.9256819, 41.0790833], [0.9134114, 41.0822935], [0.9114683, 41.0902575], [0.9059939, 41.0914767], [0.9038594, 41.0956295], [0.9018001, 41.0958002], [0.8995427, 41.1015137], [0.896937, 41.1033476], [0.8980947, 41.1062368], [0.8970258, 41.1082995], [0.9071243, 41.1121346], [0.9088933, 41.1144159], [0.9126533, 41.1161952], [0.9145999, 41.1257096], [0.9116595, 41.1309347], [0.9167241, 41.1315631], [0.9176223, 41.1292374], [0.9215633, 41.1324442], [0.922219, 41.1382021], [0.9250911, 41.1378435], [0.9256785, 41.1393188], [0.9201631, 41.1460909], [0.914091, 41.1477267], [0.9083878, 41.1510189], [0.9046312, 41.1511487], [0.9032481, 41.1529416], [0.8996384, 41.1539388], [0.906431, 41.1651608], [0.9059836, 41.1672577], [0.9020699, 41.1704064], [0.9013664, 41.1748255], [0.9033506, 41.1750919], [0.9066496, 41.1798696], [0.9126704, 41.1784763], [0.915539, 41.1812322], [0.9203646, 41.182571], [0.9221951, 41.1844902], [0.9224683, 41.1872633], [0.9279768, 41.1928914], [0.9312621, 41.1940047], [0.937464, 41.1900739], [0.9383416, 41.1909892], [0.9367707, 41.1938169], [0.9482078, 41.1887147], [0.9533168, 41.1878165], [0.955984, 41.1887625], [0.9618204, 41.1879122], [0.9644739, 41.1913785], [0.9689648, 41.188783], [0.9751393, 41.1907125], [0.9879425, 41.1873862], [0.9968456, 41.1789817], [0.9996972, 41.1805595], [0.9996289, 41.1851186], [1.0050965, 41.1880078], [1.0074427, 41.1937964], [1.0122033, 41.1969997], [1.016479, 41.1982906], [1.0182412, 41.197652], [1.0244703, 41.1956064], [1.0242996, 41.1877858], [1.026574, 41.1866076], [1.0305321, 41.179996], [1.0326051, 41.1796237], [1.0379053, 41.1752524], [1.0268233, 41.1605573], [1.0231316, 41.1506364], [1.0218168, 41.1406404], [1.0271341, 41.1341278], [1.0243918, 41.1339059], [1.0260139, 41.1218711], [1.0261505, 41.1215535], [1.0304638, 41.1153858], [1.0124594, 41.1075891], [0.98561, 41.1014522], [0.9807264, 41.1041433], [0.9761262, 41.1133231], [0.9761194, 41.11598], [0.97475, 41.1157854], [0.9742445, 41.1182306], [0.9733942, 41.1197435], [0.9702591, 41.113429], [0.9704333, 41.1109735], [0.9717208, 41.1038701], [0.9775572, 41.0984094], [0.9703206, 41.095469], [0.9573193, 41.102528], [0.9488328, 41.104379], [0.9413025, 41.1040955], [0.9351451, 41.0990207], [0.9308592, 41.0918831], [0.9347797, 41.0817642]]]}}, {"type": "Feature", "properties": {"Index": 10053}, "geometry": {"type": "Polygon", "coordinates": [[[0.5652904, 41.569006], [0.5649932, 41.568743], [0.5609839, 41.5786912], [0.5547548, 41.5890765], [0.5486657, 41.5969654], [0.548051, 41.5985431], [0.5454692, 41.6024159], [0.5446222, 41.6029896], [0.5415794, 41.6061451], [0.5428532, 41.6101032], [0.5415042, 41.6134978], [0.5368597, 41.618296], [0.5372866, 41.6197714], [0.5373002, 41.6198226], [0.5221406, 41.6335308], [0.5205629, 41.6352759], [0.5200848, 41.6353886], [0.5167038, 41.6384451], [0.5185855, 41.6483489], [0.5116836, 41.6534681], [0.5116631, 41.6534852], [0.5067556, 41.651583], [0.5067317, 41.6515898], [0.4785811, 41.6581502], [0.4784821, 41.65814], [0.4658804, 41.6566441], [0.4601328, 41.6549605], [0.4572436, 41.6539326], [0.4569123, 41.653977], [0.449003, 41.6550254], [0.4488151, 41.6550493], [0.4419815, 41.6597143], [0.4419235, 41.6604007], [0.4415205, 41.6650726], [0.4421625, 41.6667665], [0.444881, 41.6758404], [0.444881, 41.6758438], [0.4423299, 41.6765815], [0.4316338, 41.6796721], [0.4304863, 41.6804713], [0.4289427, 41.6819124], [0.4274059, 41.6826535], [0.4254013, 41.6833263], [0.4022333, 41.6900233], [0.3812851, 41.6992953], [0.3788774, 41.7013033], [0.3725014, 41.7063987], [0.3710125, 41.7073856], [0.364213, 41.7113505], [0.3680755, 41.7134611], [0.3690146, 41.7141919], [0.3695747, 41.724666], [0.3731298, 41.7239044], [0.3748237, 41.7259706], [0.3815241, 41.7350035], [0.3822174, 41.735847], [0.3850997, 41.7403105], [0.3884192, 41.7366905], [0.3910283, 41.7349113], [0.3957924, 41.7319777], [0.3968374, 41.7315064], [0.4056757, 41.7283714], [0.4212383, 41.7230541], [0.4542656, 41.7052956], [0.4542691, 41.7052922], [0.4542793, 41.7052888], [0.4543032, 41.7052785], [0.4562191, 41.7044657], [0.4612598, 41.7026011], [0.4698111, 41.6998144], [0.4757295, 41.6984005], [0.4795544, 41.6978063], [0.4856948, 41.6964846], [0.4876653, 41.6961568], [0.4931875, 41.6948078], [0.4949599, 41.6944834], [0.5004036, 41.6938414], [0.5029273, 41.6940702], [0.5043378, 41.693073], [0.5062946, 41.6924446], [0.5197023, 41.685973], [0.5209966, 41.6830804], [0.5216079, 41.6817144], [0.521683, 41.681547], [0.5289742, 41.6769366], [0.5255933, 41.6682964], [0.5252689, 41.6656497], [0.5260885, 41.6643896], [0.5286942, 41.6617531], [0.5298144, 41.6609267], [0.5323859, 41.6595948], [0.5515924, 41.6536115], [0.5521627, 41.6533042], [0.5550109, 41.6524504], [0.5573639, 41.6515557], [0.5590202, 41.6512961], [0.5688523, 41.6452002], [0.5688626, 41.6451933], [0.5685586, 41.6469043], [0.570092, 41.6470546], [0.5700134, 41.6471229], [0.5698427, 41.6472765], [0.5699383, 41.6473039], [0.5687328, 41.6482669], [0.5698461, 41.6491173], [0.5707921, 41.6503399], [0.5711268, 41.6518664], [0.5704574, 41.6520679], [0.5690948, 41.6524777], [0.5689787, 41.6525119], [0.5689923, 41.6526485], [0.5690538, 41.6532666], [0.5690811, 41.6535432], [0.5715366, 41.6540418], [0.5727728, 41.6547522], [0.5727831, 41.6547556], [0.5740262, 41.6549742], [0.5752078, 41.6555513], [0.5765089, 41.6543287], [0.5765841, 41.6543663], [0.5767651, 41.6542092], [0.5767685, 41.6542058], [0.5767685, 41.6544551], [0.5770895, 41.6546087], [0.5767753, 41.655845], [0.5780287, 41.6560499], [0.5781072, 41.6560636], [0.5786741, 41.6557118], [0.5809554, 41.654298], [0.5814403, 41.6539974], [0.5824102, 41.6537857], [0.5835748, 41.6541648], [0.5835679, 41.6541716], [0.5833801, 41.6543219], [0.57892, 41.6579043], [0.5786229, 41.6588844], [0.5769632, 41.6594753], [0.5771783, 41.6611965], [0.5769734, 41.6622654], [0.5785307, 41.6624157], [0.5789951, 41.6627879], [0.5792615, 41.664294], [0.5793093, 41.6642837], [0.581536, 41.6637646], [0.5833084, 41.6667221], [0.583363, 41.6668143], [0.5827483, 41.6691844], [0.5823795, 41.6705948], [0.5823727, 41.6706255], [0.5841588, 41.6718311], [0.5857229, 41.6712334], [0.5866928, 41.6714281], [0.5880178, 41.6699459], [0.6037819, 41.6630816], [0.603799, 41.6630748], [0.6090787, 41.6647345], [0.6104482, 41.6647413], [0.6144063, 41.6664113], [0.6171656, 41.6672787], [0.6178418, 41.6674939], [0.6178794, 41.6675041], [0.6168344, 41.6688019], [0.6165339, 41.6691775], [0.6168549, 41.6695908], [0.6181185, 41.6711993], [0.6243886, 41.6713325], [0.6308158, 41.6678149], [0.6322057, 41.6668348], [0.634084, 41.6660288], [0.6369083, 41.666524], [0.6380558, 41.6672651], [0.6410884, 41.6682111], [0.6428233, 41.6668348], [0.6452104, 41.6655234], [0.6461017, 41.6651921], [0.6469316, 41.6646935], [0.648021, 41.6640378], [0.6494929, 41.6637578], [0.6517845, 41.6638534], [0.6556811, 41.6619546], [0.6557187, 41.6619375], [0.657959, 41.6606296], [0.6596426, 41.6596494], [0.6608959, 41.6528705], [0.6618795, 41.6500291], [0.6616541, 41.6481884], [0.6598851, 41.6456578], [0.6542228, 41.6426047], [0.6522899, 41.6393364], [0.6521772, 41.6343436], [0.6510707, 41.6324892], [0.6486801, 41.6309695], [0.64756, 41.6294805], [0.6471843, 41.6263181], [0.6458661, 41.6249691], [0.6443225, 41.624351], [0.6428164, 41.6220936], [0.6405727, 41.6228484], [0.6410269, 41.6237534], [0.6416894, 41.6235894], [0.6429155, 41.6248462], [0.6417338, 41.6268372], [0.6423759, 41.6284252], [0.6402995, 41.6295829], [0.6379158, 41.6274792], [0.6371986, 41.6273973], [0.6335718, 41.6298357], [0.6320486, 41.6304094], [0.6316013, 41.6314476], [0.6327658, 41.6317447], [0.6321716, 41.6331517], [0.6324414, 41.6345929], [0.6321886, 41.6355628], [0.6299279, 41.6366624], [0.6284218, 41.6400297], [0.6273085, 41.639859], [0.625758, 41.639234], [0.6268884, 41.6373352], [0.6296342, 41.6346339], [0.6293507, 41.6338825], [0.6284901, 41.6337937], [0.6295829, 41.6307202], [0.6254677, 41.6299518], [0.6253277, 41.6309456], [0.6229542, 41.6307202], [0.6227903, 41.6328819], [0.6213628, 41.633162], [0.6211135, 41.6342104], [0.6186034, 41.6337596], [0.6196382, 41.6277217], [0.6198636, 41.6257512], [0.6178145, 41.6256487], [0.6161411, 41.6252253], [0.6139691, 41.6244057], [0.6111414, 41.6227118], [0.6073575, 41.6191225], [0.6081566, 41.6188971], [0.6076444, 41.6174354], [0.607477, 41.6155401], [0.6076956, 41.6141706], [0.6083376, 41.6124426], [0.6076649, 41.6123948], [0.604482, 41.6112405], [0.6082659, 41.6099974], [0.6107077, 41.6094031], [0.6091094, 41.6081942], [0.6074497, 41.6076239], [0.6055304, 41.6062237], [0.6044273, 41.6068384], [0.6031057, 41.6056943], [0.6041029, 41.6055031], [0.60621, 41.6041268], [0.6004556, 41.6012889], [0.6009679, 41.6003463], [0.6012445, 41.5999194], [0.6044717, 41.6013435], [0.6134227, 41.5953125], [0.6144677, 41.596296], [0.6139896, 41.5985568], [0.6140818, 41.5991749], [0.6150927, 41.5968834], [0.6163221, 41.5954798], [0.6176403, 41.5949402], [0.6211203, 41.5939669], [0.6219707, 41.5931644], [0.6220287, 41.5906167], [0.6204066, 41.588793], [0.6195904, 41.5871436], [0.6203246, 41.5867781], [0.6170427, 41.5834996], [0.6153113, 41.5827483], [0.6150859, 41.5830079], [0.608423, 41.5825059], [0.6058173, 41.5824171], [0.6050147, 41.5821643], [0.6050113, 41.5821643], [0.5910914, 41.574494], [0.589097, 41.5744292], [0.5840631, 41.5742618], [0.5830932, 41.5742311], [0.581092, 41.5746853], [0.5779057, 41.5756893], [0.5749073, 41.5760889], [0.5728616, 41.5755596], [0.5724416, 41.5752693], [0.5722059, 41.5751907], [0.5717859, 41.5748151], [0.5714649, 41.5745931], [0.5652904, 41.569006]]]}}, {"type": "Feature", "properties": {"Index": 10054}, "geometry": {"type": "Polygon", "coordinates": [[[0.6300747, 41.6155742], [0.628415, 41.6148639], [0.6276978, 41.6149971], [0.6294293, 41.6169778], [0.6287087, 41.6173193], [0.6281623, 41.6178692], [0.6276056, 41.619785], [0.6257478, 41.6208608], [0.6250921, 41.6205773], [0.6245627, 41.6212569], [0.6193206, 41.619061], [0.6180843, 41.6214721], [0.6139691, 41.6244057], [0.6161411, 41.6252253], [0.6178145, 41.6256487], [0.6198636, 41.6257512], [0.6196382, 41.6277217], [0.6186034, 41.6337596], [0.6211135, 41.6342104], [0.6213628, 41.633162], [0.6227903, 41.6328819], [0.6229542, 41.6307202], [0.6253277, 41.6309456], [0.6254677, 41.6299518], [0.6295829, 41.6307202], [0.6284901, 41.6337937], [0.6293507, 41.6338825], [0.6296342, 41.6346339], [0.6268884, 41.6373352], [0.625758, 41.639234], [0.6273085, 41.639859], [0.6284218, 41.6400297], [0.6299279, 41.6366624], [0.6321886, 41.6355628], [0.6324414, 41.6345929], [0.6321716, 41.6331517], [0.6327658, 41.6317447], [0.6316013, 41.6314476], [0.6320486, 41.6304094], [0.6335718, 41.6298357], [0.6371986, 41.6273973], [0.6379158, 41.6274792], [0.6402995, 41.6295829], [0.6423759, 41.6284252], [0.6417338, 41.6268372], [0.6429155, 41.6248462], [0.6416894, 41.6235894], [0.6410269, 41.6237534], [0.6405727, 41.6228484], [0.6428164, 41.6220936], [0.6397497, 41.6192386], [0.6351051, 41.6171178], [0.6328683, 41.6162914], [0.6300747, 41.6155742]]]}}, {"type": "Feature", "properties": {"Index": 10050}, "geometry": {"type": "MultiPolygon", "coordinates": [[[[0.676619, 41.5115436], [0.6755706, 41.5103449], [0.6645774, 41.5154915], [0.6603905, 41.5224548], [0.6582527, 41.5229125], [0.6576618, 41.5231003], [0.6573169, 41.5257299], [0.6560602, 41.5295719], [0.6560192, 41.533086], [0.6585532, 41.5347048], [0.6587717, 41.5353195], [0.6589493, 41.5354015], [0.6589049, 41.5356952], [0.659226, 41.5365933], [0.6590381, 41.5407324], [0.6586795, 41.5407563], [0.6580819, 41.545879], [0.6573545, 41.5508445], [0.6565895, 41.550947], [0.6565485, 41.551227], [0.6490319, 41.5519578], [0.6318915, 41.5542459], [0.6312085, 41.5582587], [0.6332029, 41.561544], [0.6381309, 41.5654167], [0.6424339, 41.5688045], [0.6424715, 41.5688318], [0.6437966, 41.5721308], [0.6438102, 41.5721684], [0.6432194, 41.5765704], [0.6338928, 41.5783633], [0.6266767, 41.5784214], [0.6218716, 41.578459], [0.6217487, 41.578459], [0.6172647, 41.5805183], [0.617251, 41.5805353], [0.617029, 41.5807881], [0.6178453, 41.5813106], [0.6213013, 41.5823419], [0.6228006, 41.5830386], [0.6244227, 41.5843842], [0.627206, 41.5869899], [0.6292756, 41.5878812], [0.6296786, 41.5882979], [0.6306211, 41.5907533], [0.6327795, 41.592997], [0.6346407, 41.5956198], [0.6359316, 41.5993218], [0.6353783, 41.603297], [0.6377689, 41.6095397], [0.6501145, 41.6136003], [0.6520918, 41.6140852], [0.652628, 41.6144233], [0.66009, 41.6170325], [0.6639934, 41.6179545], [0.665018, 41.6179511], [0.6655712, 41.6186034], [0.6670636, 41.6193684], [0.6695805, 41.6199626], [0.6734157, 41.6201436], [0.6783539, 41.6201573], [0.6800614, 41.6205568], [0.6810996, 41.6203997], [0.6839512, 41.6208198], [0.6921509, 41.6229542], [0.6941146, 41.6232855], [0.6989503, 41.6235758], [0.7106675, 41.6247881], [0.7146495, 41.6249965], [0.7176787, 41.6253311], [0.7201444, 41.6258844], [0.7296418, 41.6336708], [0.7325207, 41.631533], [0.7367008, 41.63169], [0.7395695, 41.6317993], [0.7465328, 41.6287189], [0.7490395, 41.6289067], [0.7520858, 41.6178282], [0.7558356, 41.6041815], [0.7577139, 41.5995711], [0.7592643, 41.5982904], [0.7600395, 41.5976484], [0.7596263, 41.5916617], [0.7595751, 41.5909036], [0.7612041, 41.5877856], [0.7509827, 41.5883901], [0.7458328, 41.588694], [0.7435481, 41.5864127], [0.7423323, 41.585197], [0.7348703, 41.5880895], [0.738784, 41.5862864], [0.7423323, 41.585197], [0.7412531, 41.5829191], [0.7411541, 41.5829498], [0.7390879, 41.5835543], [0.7385279, 41.5837182], [0.7384561, 41.5836328], [0.7356865, 41.580228], [0.7355123, 41.5798899], [0.7325344, 41.5707033], [0.7258544, 41.5725133], [0.7257349, 41.572544], [0.7244952, 41.5699929], [0.7243723, 41.5699622], [0.72177, 41.5692792], [0.704616, 41.5675204], [0.7039432, 41.5674521], [0.6944219, 41.5678585], [0.6829267, 41.5706486], [0.6826535, 41.5708126], [0.674891, 41.5754981], [0.6679105, 41.5676365], [0.667347, 41.5649181], [0.674488, 41.5502161], [0.6820115, 41.5440109], [0.6820217, 41.5440041], [0.6821071, 41.5439836], [0.6855666, 41.5430888], [0.6829814, 41.5410739], [0.6805669, 41.5331543], [0.6886777, 41.5245893], [0.6887631, 41.5245005], [0.6886948, 41.5244356], [0.686212, 41.5221372], [0.6794297, 41.51585], [0.6773601, 41.5126808], [0.6766361, 41.5115675], [0.676619, 41.5115436]], [[0.723679, 41.6059778], [0.7255027, 41.6028462], [0.7199566, 41.6171998], [0.7209196, 41.6143243], [0.7223471, 41.6091333], [0.723679, 41.6059778]], [[0.7244406, 41.5994242], [0.7250656, 41.5952783], [0.7255027, 41.6028462], [0.7247104, 41.6011967], [0.7244406, 41.5994242]]], [[[0.6152327, 41.5827449], [0.6050147, 41.5821643], [0.6058173, 41.5824171], [0.608423, 41.5825059], [0.6150859, 41.5830079], [0.6153113, 41.5827483], [0.6152327, 41.5827449]]], [[[0.6544038, 41.5124247], [0.6522797, 41.5030742], [0.653936, 41.5103654], [0.6544038, 41.5124247]]]]}}, {"type": "Feature", "properties": {"Index": 3837}, "geometry": {"type": "MultiPolygon", "coordinates": [[[[0.9194596, 42.0145939], [0.9136129, 42.0120121], [0.901264, 42.0148363], [0.8787516, 42.0236336], [0.8795883, 42.0260993], [0.8831503, 42.0284557], [0.8846017, 42.0389845], [0.889014, 42.0410165], [0.9135583, 42.0256451], [0.9165431, 42.0253104], [0.919702, 42.0218988], [0.9224751, 42.0218373], [0.9194596, 42.0145939]]], [[[0.8830615, 41.7740244], [0.8815281, 41.7685295], [0.8684551, 41.7721597], [0.8589543, 41.7767838], [0.8535995, 41.7777468], [0.8613449, 41.7901402], [0.8572809, 41.7903827], [0.8587324, 41.7926947], [0.8434703, 41.7962396], [0.8310838, 41.7965742], [0.8300661, 41.7994805], [0.833908, 41.799559], [0.8398059, 41.8017754], [0.8455262, 41.8020145], [0.8461716, 41.8047841], [0.8335085, 41.8019223], [0.82675, 41.8029878], [0.8330133, 41.8154119], [0.8327162, 41.8201111], [0.8255137, 41.8224504], [0.8244482, 41.8271871], [0.8281912, 41.8323917], [0.8284644, 41.8379857], [0.8188919, 41.8396181], [0.8097258, 41.8431903], [0.7938592, 41.8512533], [0.7826509, 41.8586402], [0.7841501, 41.8669013], [0.7962122, 41.8694387], [0.7934938, 41.8765967], [0.7994907, 41.8746979], [0.8016149, 41.8776144], [0.8200906, 41.8815759], [0.8210912, 41.884612], [0.8189465, 41.8886213], [0.8250595, 41.8937473], [0.8425585, 41.89734], [0.8458301, 41.8968141], [0.8456184, 41.8975244], [0.8570692, 41.8943586], [0.8663378, 41.894748], [0.8686874, 41.896937], [0.8714946, 41.8959603], [0.8793288, 41.9025139], [0.8807905, 41.9071345], [0.8810193, 41.9092792], [0.8735709, 41.9093338], [0.8586367, 41.9073257], [0.8549519, 41.9094124], [0.854805, 41.9113795], [0.8567209, 41.9137666], [0.8646063, 41.9181823], [0.8648795, 41.9195245], [0.8633257, 41.9219184], [0.8593095, 41.9223146], [0.8602009, 41.9257058], [0.8569224, 41.9296775], [0.8595861, 41.9404863], [0.8500205, 41.9426515], [0.850543, 41.9511175], [0.8470835, 41.9535661], [0.8434396, 41.9659595], [0.8405436, 41.966564], [0.8406289, 41.9805795], [0.8330645, 41.9762048], [0.8310599, 41.9729946], [0.8121334, 41.966441], [0.8061194, 41.9978941], [0.8160505, 41.9988435], [0.8174609, 42.0007935], [0.8145035, 42.0042598], [0.8133765, 42.0080096], [0.8093399, 42.0099528], [0.8079909, 42.0096283], [0.8066966, 42.017063], [0.8019667, 42.0217929], [0.8211663, 42.0229848], [0.8231949, 42.0256007], [0.8287034, 42.0264169], [0.8330748, 42.0254129], [0.8398571, 42.0259354], [0.8451369, 42.0169605], [0.8497097, 42.0130776], [0.8508401, 42.0106255], [0.8495389, 42.0076442], [0.8511235, 42.0032967], [0.8539649, 42.0028152], [0.8546343, 42.0056805], [0.8688923, 42.0052843], [0.8701729, 42.000107], [0.8737451, 41.9985258], [0.8780755, 41.9988503], [0.879141, 41.996931], [0.8817023, 41.998338], [0.9096651, 41.9972349], [0.9104676, 41.9959577], [0.9082171, 41.9919552], [0.9097949, 41.9893529], [0.9164201, 41.9846162], [0.923889, 41.9833765], [0.9261566, 41.9812386], [0.9276353, 41.979333], [0.9264673, 41.9764814], [0.92978, 41.9731995], [0.9290526, 41.9709899], [0.919183, 41.967107], [0.9178135, 41.963668], [0.9129607, 41.96222], [0.9092689, 41.9638251], [0.9078141, 41.9620902], [0.9003146, 41.9469579], [0.9029886, 41.9332975], [0.8962301, 41.9211364], [0.894748, 41.9168095], [0.8957691, 41.9149756], [0.8942493, 41.9141354], [0.8909572, 41.9058094], [0.8971214, 41.908644], [0.8993549, 41.9000038], [0.9202143, 41.8889184], [0.9257912, 41.888512], [0.931409, 41.8850149], [0.9334956, 41.8822863], [0.9351622, 41.8752785], [0.9373, 41.8679497], [0.934708, 41.8635989], [0.9318632, 41.8388531], [0.9276695, 41.8313057], [0.9263922, 41.8281263], [0.9229908, 41.8219211], [0.9123801, 41.8102175], [0.9091904, 41.8018813], [0.9079575, 41.7978446], [0.9145794, 41.7963488], [0.9105428, 41.7849595], [0.8882285, 41.7887981], [0.8871664, 41.7810014], [0.8830615, 41.7740244]]]]}}, {"type": "Feature", "properties": {"Index": 3376}, "geometry": {"type": "MultiPolygon", "coordinates": [[[[0.3162992, 41.7285763], [0.2982026, 41.7204791], [0.2747751, 41.7292559], [0.2610054, 41.7390948], [0.2594413, 41.7428958], [0.2617363, 41.7528269], [0.2496605, 41.7659033], [0.2471026, 41.7718899], [0.2578943, 41.7754655], [0.268283, 41.7813292], [0.2628052, 41.7854649], [0.2566341, 41.7931421], [0.2517949, 41.7928313], [0.2488818, 41.7987667], [0.2474543, 41.8096028], [0.2587549, 41.8173448], [0.2726372, 41.8124817], [0.2789279, 41.8171024], [0.2860244, 41.8162759], [0.2883877, 41.8170546], [0.2905358, 41.819732], [0.2838012, 41.8294992], [0.261487, 41.8344476], [0.2599843, 41.8413359], [0.2512485, 41.8616933], [0.2537347, 41.8672496], [0.2611455, 41.8717746], [0.2716025, 41.8682263], [0.2778658, 41.8608702], [0.2820834, 41.8585514], [0.2888077, 41.8581518], [0.2929707, 41.8613108], [0.2886028, 41.8700227], [0.2810555, 41.8779969], [0.2859015, 41.8871699], [0.2743858, 41.8969473], [0.2749049, 41.9016499], [0.2786615, 41.9100612], [0.2736823, 41.9121854], [0.2736447, 41.9171134], [0.2753386, 41.9190976], [0.2784668, 41.9185068], [0.280772, 41.9258424], [0.2877627, 41.9341889], [0.2884252, 41.9409849], [0.2930083, 41.9379079], [0.306194, 41.9379899], [0.3139087, 41.9421153], [0.3255951, 41.9432184], [0.3283204, 41.9443829], [0.3335762, 41.9431842], [0.3356457, 41.9437921], [0.3331356, 41.9485733], [0.338791, 41.9469238], [0.3416905, 41.9479381], [0.3536057, 41.9451582], [0.3570686, 41.9403361], [0.3622869, 41.9384099], [0.3577414, 41.9345441], [0.3615458, 41.9335161], [0.3657942, 41.9275909], [0.363769, 41.9257707], [0.3583903, 41.9214335], [0.363349, 41.9141559], [0.3628982, 41.9060383], [0.3574614, 41.8949938], [0.3578404, 41.8923164], [0.3548454, 41.8874089], [0.351765, 41.8692884], [0.3468029, 41.8644458], [0.3475473, 41.8634964], [0.3702406, 41.8654703], [0.3717262, 41.8635272], [0.3595104, 41.8579947], [0.3612624, 41.854846], [0.3613409, 41.8499453], [0.3588786, 41.8498087], [0.3490227, 41.8430571], [0.3428721, 41.8380301], [0.3397439, 41.8335358], [0.3397336, 41.8307457], [0.3352257, 41.8255923], [0.3236519, 41.8213063], [0.3192362, 41.818564], [0.3180478, 41.8144181], [0.3191542, 41.8027897], [0.3249155, 41.7973904], [0.3247687, 41.7945286], [0.3374796, 41.7920526], [0.3401127, 41.7896518], [0.3412533, 41.7866295], [0.3398531, 41.7751821], [0.3406898, 41.7644484], [0.3448084, 41.7474447], [0.3583698, 41.7339995], [0.3540429, 41.7310454], [0.3485241, 41.7291364], [0.331534, 41.7265614], [0.3162992, 41.7285763]]], [[[0.3944639, 41.88634], [0.3918445, 41.8837718], [0.3780646, 41.8857082], [0.3795024, 41.9044776], [0.3819032, 41.9072779], [0.3799771, 41.9123254], [0.3828526, 41.9129231], [0.3825418, 41.914313], [0.3844679, 41.9156586], [0.3815139, 41.9172603], [0.3817461, 41.9241246], [0.3919641, 41.931269], [0.3965335, 41.9292438], [0.391404, 41.9234587], [0.3955977, 41.9100271], [0.4004847, 41.9087396], [0.4022674, 41.9086747], [0.4031314, 41.9072643], [0.4024245, 41.9012059], [0.4087219, 41.9013084], [0.4090566, 41.9005673], [0.407957, 41.8916949], [0.4003447, 41.8900112], [0.3980805, 41.8911689], [0.3942727, 41.8909196], [0.3930842, 41.8894511], [0.3944639, 41.88634]]]]}}, {"type": "Feature", "properties": {"Index": 4012}, "geometry": {"type": "Polygon", "coordinates": [[[0.7727608, 42.612676], [0.7681982, 42.6098175], [0.7513584, 42.6123242], [0.7454332, 42.6151314], [0.7419088, 42.6129048], [0.7385723, 42.6123652], [0.7337194, 42.6151895], [0.7300448, 42.6150563], [0.7180544, 42.6196598], [0.7088985, 42.6206605], [0.7026557, 42.6250147], [0.6987625, 42.6298471], [0.7010506, 42.6322684], [0.6998246, 42.6370632], [0.7037349, 42.6415199], [0.6992714, 42.6450135], [0.6961534, 42.6512563], [0.6960202, 42.6584997], [0.6920587, 42.6595823], [0.6862359, 42.6648757], [0.680741, 42.6660061], [0.6800341, 42.6687313], [0.6761477, 42.6710877], [0.6737504, 42.6790449], [0.6716671, 42.6811554], [0.6676407, 42.6819956], [0.6640207, 42.6843793], [0.660674, 42.6878627], [0.6600661, 42.6909807], [0.6644169, 42.6912846], [0.6690478, 42.688918], [0.6766429, 42.6910353], [0.6942409, 42.6887643], [0.7101245, 42.6886208], [0.7091922, 42.6942523], [0.7140177, 42.7049996], [0.7194648, 42.7099071], [0.7256837, 42.7199714], [0.7305126, 42.723325], [0.7341634, 42.722502], [0.7331696, 42.724452], [0.7344571, 42.7253468], [0.7348942, 42.7295644], [0.7325139, 42.7324707], [0.7378995, 42.7338708], [0.7391528, 42.7370537], [0.7457986, 42.7364561], [0.7472568, 42.7407591], [0.7468846, 42.7451372], [0.7502826, 42.7445669], [0.7591926, 42.7508814], [0.7589091, 42.7524592], [0.7639225, 42.7571652], [0.7627921, 42.7578585], [0.764305, 42.76168], [0.773174, 42.7739231], [0.7728393, 42.7812724], [0.7750899, 42.7813133], [0.7678977, 42.7882699], [0.7753562, 42.7899057], [0.7816844, 42.7900116], [0.7895016, 42.7881128], [0.8005221, 42.7888265], [0.8013861, 42.7931022], [0.8209922, 42.7932764], [0.8417867, 42.7970296], [0.8481353, 42.8010014], [0.8561027, 42.8003388], [0.8629671, 42.8041467], [0.8680726, 42.8032929], [0.8739978, 42.8057278], [0.8783282, 42.8034227], [0.8823273, 42.7987474], [0.8870196, 42.7981122], [0.8896151, 42.7964388], [0.8890755, 42.7954211], [0.8919032, 42.7929554], [0.8909333, 42.7909439], [0.8919544, 42.7890724], [0.8906737, 42.7881708], [0.894386, 42.7834], [0.8980469, 42.7825189], [0.9026471, 42.7734928], [0.9014893, 42.7725434], [0.9040233, 42.7689541], [0.891046, 42.7605803], [0.8849876, 42.7528075], [0.882457, 42.7527973], [0.8757327, 42.7466399], [0.8768119, 42.7449562], [0.8758966, 42.7430165], [0.8732533, 42.741548], [0.8700876, 42.7363878], [0.8679531, 42.7360804], [0.8645961, 42.7327814], [0.8496892, 42.7249643], [0.8465644, 42.7208662], [0.8381359, 42.7198075], [0.8374802, 42.7178848], [0.8308208, 42.7164504], [0.8300695, 42.7135237], [0.8336348, 42.7113961], [0.8333889, 42.7010484], [0.8367084, 42.70084], [0.8436342, 42.6961477], [0.8380881, 42.6861961], [0.8397171, 42.6736081], [0.8443275, 42.6700222], [0.8466019, 42.670333], [0.8505396, 42.6735944], [0.8534287, 42.6727885], [0.8459223, 42.6624783], [0.8426268, 42.6622461], [0.8407416, 42.660139], [0.8393278, 42.6564165], [0.8425414, 42.650563], [0.8419574, 42.6488247], [0.8098999, 42.6435416], [0.7983876, 42.6447881], [0.7949384, 42.6440129], [0.7905398, 42.6402597], [0.7906081, 42.6386102], [0.7944876, 42.6344301], [0.7999381, 42.6339862], [0.8057403, 42.6287508], [0.8053476, 42.6253357], [0.8072805, 42.6230476], [0.8072805, 42.6192364], [0.7977661, 42.6173649], [0.7936372, 42.6151895], [0.787613, 42.6155856], [0.7727608, 42.612676]]]}}, {"type": "Feature", "properties": {"Index": 10056}, "geometry": {"type": "Polygon", "coordinates": [[[-0.4683051, 42.054448], [-0.4941505, 42.0378609], [-0.4957829, 42.0396709], [-0.4967733, 42.0403608], [-0.4987131, 42.0422937], [-0.499905, 42.0428674], [-0.4999459, 42.0429016], [-0.5004411, 42.0433353], [-0.5023263, 42.0449745], [-0.5103688, 42.0528942], [-0.5128823, 42.05439], [-0.5148323, 42.055855], [-0.5124623, 42.0574055], [-0.5120661, 42.0587613], [-0.5099044, 42.0610357], [-0.5103278, 42.0629789], [-0.5098395, 42.064222], [-0.5107137, 42.0647445], [-0.5105157, 42.0649836], [-0.5080602, 42.0679308], [-0.5076572, 42.0684158], [-0.5077016, 42.0684772], [-0.5080705, 42.0689895], [-0.508231, 42.0692115], [-0.5068035, 42.0699013], [-0.5058301, 42.07124], [-0.5046656, 42.0716464], [-0.5028624, 42.0738936], [-0.4985662, 42.0860137], [-0.4985697, 42.0860137], [-0.5036957, 42.0892547], [-0.5035181, 42.0903202], [-0.5028078, 42.0912901], [-0.5030025, 42.0933528], [-0.5027873, 42.0946129], [-0.5027873, 42.0946232], [-0.5027941, 42.0946266], [-0.5028283, 42.0946369], [-0.5038972, 42.0952686], [-0.5051608, 42.0954121], [-0.5049559, 42.0969762], [-0.5088764, 42.0996673], [-0.5088798, 42.0996673], [-0.5089003, 42.0996809], [-0.5090984, 42.0997253], [-0.5119329, 42.1003708], [-0.5154744, 42.1013373], [-0.5165228, 42.1014158], [-0.5173971, 42.1025223], [-0.5172195, 42.1107766], [-0.5170795, 42.1116133], [-0.5168541, 42.1129725], [-0.5168404, 42.1130476], [-0.5125784, 42.1186791], [-0.5090745, 42.1233066], [-0.5073123, 42.1247273], [-0.5054784, 42.1267012], [-0.5044061, 42.127712], [-0.5033474, 42.1287093], [-0.5012847, 42.1300172], [-0.4997376, 42.1321175], [-0.4997376, 42.1367655], [-0.4941608, 42.1388692], [-0.4921629, 42.1407167], [-0.4877745, 42.1452315], [-0.4881912, 42.1460238], [-0.4892294, 42.1467136], [-0.4907047, 42.1485714], [-0.4929177, 42.1496779], [-0.4930372, 42.1497804], [-0.4933036, 42.1500092], [-0.4937305, 42.1521163], [-0.4937851, 42.1523861], [-0.4894958, 42.1537658], [-0.4893831, 42.1538034], [-0.4851961, 42.1528642], [-0.480538, 42.1525295], [-0.4755041, 42.1516519], [-0.4734209, 42.1516245], [-0.468691, 42.1509791], [-0.46865, 42.1509791], [-0.4679738, 42.1509825], [-0.4662253, 42.1509962], [-0.4639406, 42.1508732], [-0.462438, 42.1510201], [-0.4620486, 42.1510235], [-0.459682, 42.1510406], [-0.4537978, 42.1474718], [-0.4529679, 42.146799], [-0.4463358, 42.1423047], [-0.4434193, 42.1407065], [-0.442668, 42.14002], [-0.4414044, 42.139781], [-0.4318353, 42.1388555], [-0.4250427, 42.1382715], [-0.422857, 42.1381861], [-0.4219418, 42.1381178], [-0.4189809, 42.1373392], [-0.4180656, 42.1364786], [-0.4143398, 42.133487], [-0.4117443, 42.1313013], [-0.4108564, 42.1294845], [-0.4121541, 42.1240852], [-0.4155863, 42.1133823], [-0.416563, 42.1101653], [-0.4166791, 42.1089905], [-0.4174373, 42.1065385], [-0.4175841, 42.1050631], [-0.4180861, 42.1040045], [-0.4191038, 42.0998449], [-0.4196776, 42.0968464], [-0.4207533, 42.0928508], [-0.4210436, 42.0909725], [-0.422355, 42.0866968], [-0.4227067, 42.0844428], [-0.4238235, 42.0840227], [-0.4251588, 42.0829811], [-0.4272557, 42.0804437], [-0.4292057, 42.0773906], [-0.4291988, 42.0773872], [-0.43036, 42.0762602], [-0.431808, 42.0735691], [-0.4334131, 42.070096], [-0.4345742, 42.0671522], [-0.4350079, 42.0631087], [-0.4353767, 42.0634092], [-0.4373302, 42.0632351], [-0.4406428, 42.0625964], [-0.4416366, 42.0617017], [-0.4438325, 42.0611006], [-0.4460353, 42.0591984], [-0.4467354, 42.0580134], [-0.4523498, 42.0575626], [-0.454293, 42.0570401], [-0.4564786, 42.0567635], [-0.4590058, 42.0559848], [-0.4683051, 42.054448]]]}}, {"type": "Feature", "properties": {"Index": 8066}, "geometry": {"type": "Polygon", "coordinates": [[[-1.0006808, 41.7025328], [-1.0081462, 41.6912117], [-1.0319767, 41.6985542], [-1.0408355, 41.7070134], [-1.0379395, 41.7098513], [-1.0319323, 41.7083043], [-1.0300062, 41.7092947], [-1.0289748, 41.7108075], [-1.0296135, 41.7143183], [-1.023818, 41.7191028], [-1.0145324, 41.7144173], [-1.0088394, 41.7232009], [-1.0151608, 41.7298399], [-1.0157345, 41.7292081], [-1.0189413, 41.7320289], [-1.020782, 41.7308371], [-1.0233263, 41.7345083], [-1.0252899, 41.7348498], [-1.0297979, 41.7277396], [-1.0375296, 41.7273878], [-1.0383185, 41.7237849], [-1.0475393, 41.7291159], [-1.0540655, 41.7313698], [-1.0754952, 41.7386474], [-1.074317, 41.739911], [-1.0803242, 41.743893], [-1.083589, 41.744173], [-1.0831416, 41.745925], [-1.087653, 41.7489746], [-1.0889097, 41.7483633], [-1.0999029, 41.7529908], [-1.1025462, 41.7530557], [-1.1072556, 41.7555282], [-1.1074913, 41.7545481], [-1.1090042, 41.7560815], [-1.1034785, 41.7574133], [-1.1099604, 41.7562556], [-1.1061389, 41.7526185], [-1.0991175, 41.7488961], [-1.0958253, 41.7474447], [-1.0800134, 41.7400203], [-1.0566678, 41.731725], [-1.0507392, 41.7271966], [-1.0481677, 41.7223984], [-1.0491068, 41.718775], [-1.0592394, 41.7142329], [-1.0624428, 41.7141134], [-1.064584, 41.7124502], [-1.0721211, 41.7127644], [-1.0850848, 41.7101894], [-1.1021569, 41.7156843], [-1.1117806, 41.7208138], [-1.1150864, 41.7249665], [-1.1191367, 41.7361202], [-1.1175351, 41.742305], [-1.122043, 41.7475642], [-1.1251132, 41.748097], [-1.1324863, 41.7431007], [-1.1368952, 41.7411268], [-1.141509, 41.7425099], [-1.1465292, 41.7410414], [-1.1488617, 41.7414853], [-1.1501458, 41.7432065], [-1.1484963, 41.7445487], [-1.1511942, 41.7453034], [-1.1488446, 41.7479057], [-1.1501321, 41.7488073], [-1.1416934, 41.7544285], [-1.1474991, 41.7591585], [-1.149736, 41.7609172], [-1.1502619, 41.7617983], [-1.1475606, 41.7641411], [-1.1473693, 41.7687583], [-1.1496335, 41.7698853], [-1.1517304, 41.7751616], [-1.1505249, 41.7765549], [-1.1532433, 41.7786245], [-1.1526047, 41.7791368], [-1.1604286, 41.7840716], [-1.1607906, 41.7869607], [-1.1790512, 41.7842799], [-1.1868444, 41.785663], [-1.1899965, 41.7878384], [-1.1943064, 41.7873296], [-1.1921685, 41.7957273], [-1.1900409, 41.7981793], [-1.1837025, 41.8023492], [-1.1789931, 41.8075333], [-1.1636798, 41.811809], [-1.1564432, 41.8126935], [-1.1549064, 41.8154699], [-1.1616103, 41.8265109], [-1.1387052, 41.8544123], [-1.1358297, 41.8613722], [-1.1311989, 41.8648386], [-1.129505, 41.8699783], [-1.1208238, 41.8771227], [-1.1071122, 41.8807529], [-1.1005791, 41.8851584], [-1.0906549, 41.8874875], [-1.0795695, 41.8861761], [-1.0768579, 41.88133], [-1.0773087, 41.8731577], [-1.0806247, 41.8698451], [-1.0814546, 41.8668398], [-1.0881106, 41.8632983], [-1.0974133, 41.8530257], [-1.1032805, 41.8510689], [-1.1039498, 41.8459087], [-1.1089939, 41.8432791], [-1.1079079, 41.8254591], [-1.1180132, 41.8123998], [-1.1229446, 41.8042616], [-1.1215888, 41.801591], [-1.1080513, 41.7998391], [-1.1046055, 41.8008089], [-1.0918433, 41.7996786], [-1.0857064, 41.7976124], [-1.0850814, 41.7964479], [-1.0832339, 41.7970319], [-1.0657964, 41.7909564], [-1.0532732, 41.7772858], [-1.041358, 41.7689325], [-1.0193989, 41.759418], [-1.0143685, 41.7546095], [-1.0057044, 41.7518843], [-1.0044408, 41.7509042], [-1.0053321, 41.7499582], [-0.9974706, 41.7442618], [-0.994858, 41.7405633], [-0.9808766, 41.7322236], [-0.9722364, 41.7243791], [-0.967165, 41.7226374], [-0.9679368, 41.7219681], [-0.9665845, 41.7209811], [-0.9732439, 41.7120643], [-0.9736196, 41.7077681], [-0.987437, 41.6941009], [-1.0006808, 41.7025328]]]}}, {"type": "Feature", "properties": {"Index": 3186}, "geometry": {"type": "MultiPolygon", "coordinates": [[[[-2.1151559, 42.9904537], [-2.1211801, 42.9899415], [-2.1219417, 42.9909421], [-2.1226008, 42.9926223], [-2.1159311, 42.9944699], [-2.1194009, 43.0002243], [-2.1258042, 43.0025739], [-2.1252953, 43.0041244], [-2.1318489, 43.0045512], [-2.1324978, 43.0060471], [-2.1364695, 43.0064842], [-2.1355474, 43.0082327], [-2.1401817, 43.0053811], [-2.1447375, 43.0057021], [-2.1424767, 43.0098822], [-2.1428387, 43.0128397], [-2.147449, 43.0156879], [-2.1498328, 43.0190586], [-2.1534084, 43.0175593], [-2.153866, 43.0151312], [-2.1540607, 43.0164768], [-2.1619051, 43.0172622], [-2.1595043, 43.0181536], [-2.1618812, 43.0189493], [-2.1585993, 43.0210154], [-2.1538353, 43.0217701], [-2.1562019, 43.0242632], [-2.15487, 43.0295122], [-2.1597809, 43.0301645], [-2.1609079, 43.0323979], [-2.1588179, 43.0328692], [-2.162151, 43.0386236], [-2.1643572, 43.0384529], [-2.1663106, 43.0399794], [-2.1683255, 43.0395969], [-2.1686978, 43.0425681], [-2.1658393, 43.0477727], [-2.1616763, 43.0505389], [-2.1630663, 43.0532949], [-2.1667921, 43.0556411], [-2.1699716, 43.0556137], [-2.1710166, 43.0565461], [-2.1699204, 43.0569934], [-2.1699409, 43.06033], [-2.1725227, 43.0623517], [-2.1745068, 43.0605417], [-2.1784069, 43.0611735], [-2.1822113, 43.0678944], [-2.1818834, 43.0722248], [-2.1898987, 43.080298], [-2.206274, 43.0848572], [-2.2031185, 43.0800487], [-2.1992048, 43.0770161], [-2.1925215, 43.0745197], [-2.1908549, 43.0716988], [-2.1902299, 43.0682872], [-2.1915516, 43.066805], [-2.189424, 43.0615014], [-2.1901753, 43.0598519], [-2.1864323, 43.0544458], [-2.185903, 43.0470009], [-2.1911793, 43.0484011], [-2.1923507, 43.0421002], [-2.1905066, 43.0411337], [-2.1973402, 43.0382616], [-2.197306, 43.0357755], [-2.1900933, 43.0290648], [-2.1936348, 43.0198782], [-2.1931976, 43.0176823], [-2.2024355, 43.0123991], [-2.1999186, 43.0073448], [-2.2057481, 43.0011088], [-2.215266, 43.0091821], [-2.2148254, 43.0156401], [-2.2167208, 43.0224258], [-2.2176634, 43.024229], [-2.2216625, 43.0263498], [-2.2198012, 43.0351437], [-2.225484, 43.0351539], [-2.2291825, 43.0369024], [-2.2306476, 43.0358813], [-2.2299338, 43.0400102], [-2.2356575, 43.0428105], [-2.2362825, 43.0449484], [-2.2406743, 43.0457065], [-2.2459711, 43.0575296], [-2.2576746, 43.0576286], [-2.2621143, 43.0538755], [-2.2633949, 43.0536535], [-2.263733, 43.0556513], [-2.2688386, 43.0590698], [-2.2728821, 43.0599782], [-2.2763006, 43.0622766], [-2.2780832, 43.0658693], [-2.2836225, 43.0667913], [-2.2873006, 43.0698513], [-2.2942366, 43.0677476], [-2.2961115, 43.0689941], [-2.2996735, 43.0693048], [-2.2997076, 43.0677544], [-2.3018352, 43.0673856], [-2.303191, 43.0708587], [-2.2967194, 43.0803288], [-2.2964564, 43.0860149], [-2.2904732, 43.0908439], [-2.2882363, 43.0990572], [-2.2802791, 43.106806], [-2.2752419, 43.1067684], [-2.2711096, 43.1114369], [-2.2676262, 43.1128883], [-2.2593788, 43.1096644], [-2.2541742, 43.1057098], [-2.2419106, 43.1073524], [-2.2419754, 43.1084931], [-2.2374129, 43.1113003], [-2.2274101, 43.1144695], [-2.22699, 43.1154223], [-2.2288512, 43.115716], [-2.2255864, 43.1185983], [-2.2255625, 43.1214841], [-2.2271983, 43.1221978], [-2.2250844, 43.1232736], [-2.2265426, 43.1242879], [-2.2248385, 43.1268287], [-2.2308286, 43.1306058], [-2.2336119, 43.1367427], [-2.226529, 43.1388567], [-2.2206448, 43.1441842], [-2.2090573, 43.1504885], [-2.2063936, 43.1508607], [-2.1971626, 43.1521482], [-2.1932147, 43.1473193], [-2.1876003, 43.1502426], [-2.1784888, 43.146404], [-2.1713206, 43.1479511], [-2.1676835, 43.1476061], [-2.1643811, 43.15125], [-2.1547539, 43.1525853], [-2.1517521, 43.1549076], [-2.1491566, 43.1595795], [-2.1488424, 43.1667102], [-2.1476915, 43.167745], [-2.1466226, 43.1670414], [-2.1454102, 43.1662423], [-2.1375111, 43.1514106], [-2.1402569, 43.1477257], [-2.1411072, 43.1457415], [-2.1424289, 43.142644], [-2.1418619, 43.1408033], [-2.1417083, 43.1403047], [-2.1495971, 43.1351923], [-2.1498738, 43.1348542], [-2.1526912, 43.1314357], [-2.1565195, 43.1186256], [-2.1628033, 43.1141382], [-2.1647021, 43.1106856], [-2.1686704, 43.1105182], [-2.1719455, 43.1125673], [-2.1723553, 43.1128234], [-2.179749, 43.1131376], [-2.1780859, 43.112557], [-2.180251, 43.1098591], [-2.179428, 43.1094664], [-2.1774063, 43.1084999], [-2.1793324, 43.1069563], [-2.1815112, 43.1083052], [-2.1826348, 43.1069085], [-2.1825255, 43.1042105], [-2.1805003, 43.1012838], [-2.1800871, 43.0977082], [-2.1683528, 43.0906765], [-2.1676323, 43.0840034], [-2.1634863, 43.0769683], [-2.1589067, 43.0773611], [-2.1572879, 43.0757252], [-2.1534459, 43.0726619], [-2.1516359, 43.0743626], [-2.1472646, 43.0754486], [-2.1435592, 43.0733312], [-2.1430914, 43.0759199], [-2.1392118, 43.0786861], [-2.1374292, 43.0782319], [-2.1353323, 43.0798507], [-2.1336623, 43.0791813], [-2.13273, 43.0807283], [-2.1292876, 43.0807181], [-2.1272453, 43.0828696], [-2.1254763, 43.0828901], [-2.125729, 43.0797072], [-2.1200805, 43.0729283], [-2.12034, 43.0686116], [-2.1406325, 43.0627684], [-2.1467148, 43.0576423], [-2.1489483, 43.0526563], [-2.1416468, 43.0412601], [-2.1345092, 43.0434662], [-2.12939, 43.0434253], [-2.1243049, 43.0418714], [-2.1228125, 43.0427627], [-2.1218188, 43.0405668], [-2.116761, 43.0368136], [-2.1134552, 43.0324526], [-2.1187247, 43.0302293], [-2.1179631, 43.0196869], [-2.1160507, 43.0155649], [-2.109924, 43.0096261], [-2.114367, 43.00074], [-2.1151559, 42.9904537]]], [[[-2.1254012, 43.0003882], [-2.1239839, 42.9951597], [-2.1338023, 42.9962526], [-2.1409979, 42.9992271], [-2.1426577, 43.0026217], [-2.140431, 43.0052513], [-2.1401817, 43.0053811], [-2.1342941, 43.0023417], [-2.1254012, 43.0003882]]], [[[-2.1288163, 42.9895487], [-2.1293832, 42.9856965], [-2.1328905, 42.9862054], [-2.1318352, 42.9910241], [-2.1333686, 42.9930697], [-2.129349, 42.9915534], [-2.1288163, 42.9895487]]]]}}, {"type": "Feature", "properties": {"Index": 10078}, "geometry": {"type": "Polygon", "coordinates": [[[1.8700716, 41.6884797], [1.8664107, 41.6884489], [1.8646416, 41.6902487], [1.8630024, 41.6913176], [1.8606118, 41.6932642], [1.859239, 41.6935716], [1.8583784, 41.6941863], [1.8475423, 41.6938448], [1.8474466, 41.6938858], [1.844496, 41.6951118], [1.8457835, 41.6968501], [1.8449161, 41.6989913], [1.8436866, 41.7015561], [1.843492, 41.7038134], [1.8436012, 41.7052375], [1.8423069, 41.707249], [1.8412961, 41.7080345], [1.8403091, 41.7083965], [1.8372936, 41.708878], [1.8355177, 41.7089156], [1.8326764, 41.709923], [1.8314913, 41.7109373], [1.8308971, 41.7122999], [1.8310166, 41.7134235], [1.8315425, 41.7147008], [1.8320992, 41.7152984], [1.8324066, 41.7168728], [1.832106, 41.7189935], [1.8295379, 41.7210323], [1.8292818, 41.7218998], [1.8284724, 41.7223267], [1.8282606, 41.7232726], [1.8290461, 41.7242357], [1.8281753, 41.7249119], [1.8269288, 41.7251988], [1.824084, 41.7253695], [1.8230355, 41.725349], [1.8154506, 41.726517], [1.8136475, 41.7265614], [1.8131284, 41.7276884], [1.812961, 41.7301233], [1.8134186, 41.7310181], [1.813002, 41.7323978], [1.8114174, 41.7341702], [1.8099079, 41.7346791], [1.8067387, 41.7367213], [1.8068753, 41.7369023], [1.8068992, 41.7369945], [1.8083199, 41.7425474], [1.8087195, 41.7441184], [1.8095015, 41.7456244], [1.8094571, 41.7470041], [1.8084155, 41.7483326], [1.8097167, 41.7484863], [1.8104065, 41.7488961], [1.8128791, 41.7495996], [1.8143851, 41.7500265], [1.8145627, 41.7504534], [1.81612, 41.7510442], [1.8161234, 41.7510442], [1.8161302, 41.7510408], [1.8188828, 41.7503475], [1.8193131, 41.7504602], [1.8230458, 41.7551355], [1.8230526, 41.7551457], [1.829736, 41.75811], [1.8298213, 41.7581476], [1.8352513, 41.7534689], [1.8373345, 41.7526288], [1.8393255, 41.7518297], [1.8394178, 41.7500333], [1.839872, 41.7491761], [1.8408897, 41.7497123], [1.8409375, 41.7499411], [1.8453122, 41.7494425], [1.8498611, 41.7461435], [1.8509915, 41.74182], [1.8523473, 41.7415878], [1.8532796, 41.7414273], [1.8568655, 41.7384322], [1.8590648, 41.7390845], [1.8594029, 41.7390401], [1.8655125, 41.7382342], [1.8661409, 41.7369467], [1.8631288, 41.7322031], [1.8631253, 41.7321963], [1.8639689, 41.7301506], [1.8667932, 41.7271488], [1.8669161, 41.7264077], [1.8683539, 41.7259296], [1.8701673, 41.7237576], [1.8687944, 41.7210255], [1.86903, 41.7206635], [1.8678006, 41.7193453], [1.867886, 41.7185701], [1.8687432, 41.7178392], [1.8701946, 41.7173816], [1.8747913, 41.7150149], [1.8702936, 41.7127507], [1.8694774, 41.7113437], [1.8693408, 41.7104763], [1.8701058, 41.7088234], [1.8708776, 41.7083248], [1.8717314, 41.7071329], [1.8710928, 41.7060537], [1.8700375, 41.7055483], [1.8690335, 41.7025738], [1.8689891, 41.6988308], [1.8692657, 41.6977141], [1.8704815, 41.6958221], [1.8731145, 41.6905185], [1.8732204, 41.6903067], [1.871605, 41.6885206], [1.8715811, 41.6884933], [1.8700716, 41.6884797]]]}}, {"type": "Feature", "properties": {"Index": 10080}, "geometry": {"type": "Polygon", "coordinates": [[[1.7294893, 41.6461393], [1.7261288, 41.6415699], [1.7163138, 41.6454153], [1.7154259, 41.6461803], [1.7060583, 41.6498959], [1.7033467, 41.6505653], [1.7374567, 41.6676544], [1.7380236, 41.6732586], [1.7333552, 41.6773669], [1.7329385, 41.6824793], [1.7325253, 41.6865126], [1.7318833, 41.6873219], [1.731733, 41.6883362], [1.7345197, 41.6943639], [1.736398, 41.6963822], [1.741005, 41.6979395], [1.7453456, 41.7006135], [1.7483269, 41.7027684], [1.7532071, 41.7037622], [1.7630118, 41.7082565], [1.765218, 41.7090624], [1.7668743, 41.7100289], [1.7676734, 41.7097796], [1.7696508, 41.7098786], [1.7707983, 41.7102065], [1.7726561, 41.7100494], [1.7738274, 41.7103431], [1.7769523, 41.7104831], [1.7774748, 41.7113437], [1.7742031, 41.7139016], [1.7766927, 41.7162205], [1.7692854, 41.7435207], [1.7759346, 41.7420557], [1.776399, 41.7418371], [1.7792677, 41.7413112], [1.7796297, 41.7410209], [1.783721, 41.7388181], [1.7848241, 41.7380873], [1.7914664, 41.7357582], [1.792368, 41.7355123], [1.794178, 41.7356353], [1.7968247, 41.7346176], [1.7970706, 41.734522], [1.7971457, 41.7345561], [1.7974667, 41.73444], [1.8010799, 41.736209], [1.8034534, 41.7357514], [1.8061479, 41.7366803], [1.8067387, 41.7367213], [1.8099079, 41.7346791], [1.8114174, 41.7341702], [1.813002, 41.7323978], [1.8134186, 41.7310181], [1.812961, 41.7301233], [1.8131284, 41.7276884], [1.8136475, 41.7265614], [1.8137055, 41.7258066], [1.8144705, 41.7228458], [1.8145149, 41.7214387], [1.8155462, 41.7207181], [1.8165469, 41.720421], [1.821246, 41.7205781], [1.8237151, 41.7203118], [1.8276152, 41.7206362], [1.8293637, 41.720684], [1.8295379, 41.7210323], [1.832106, 41.7189935], [1.8324066, 41.7168728], [1.8320992, 41.7152984], [1.8315425, 41.7147008], [1.8310166, 41.7134235], [1.8308971, 41.7122999], [1.8314913, 41.7109373], [1.8326764, 41.709923], [1.8355177, 41.7089156], [1.8372936, 41.708878], [1.8403091, 41.7083965], [1.8412961, 41.7080345], [1.8423069, 41.707249], [1.8436012, 41.7052375], [1.843492, 41.7038134], [1.8436866, 41.7015561], [1.8449161, 41.6989913], [1.8457835, 41.6968501], [1.844496, 41.6951118], [1.8441886, 41.6952381], [1.8432461, 41.6948625], [1.8412585, 41.6930286], [1.8399403, 41.6906824], [1.8359753, 41.6928066], [1.8359344, 41.6928305], [1.8355997, 41.6928544], [1.8309039, 41.693213], [1.8273044, 41.695969], [1.8190638, 41.6913244], [1.8183876, 41.6921645], [1.8169533, 41.6939438], [1.8148974, 41.6948966], [1.8136406, 41.6949376], [1.8127288, 41.6947737], [1.8109017, 41.6944424], [1.8105158, 41.6936399], [1.8097986, 41.6906175], [1.8086204, 41.6904331], [1.8086443, 41.6899891], [1.8121824, 41.6886846], [1.8160209, 41.6867994], [1.8147335, 41.6864545], [1.8136918, 41.6861745], [1.8118579, 41.6860276], [1.8085624, 41.6847982], [1.8071144, 41.6844123], [1.8062982, 41.6841937], [1.8052156, 41.6841015], [1.804133, 41.6836131], [1.8005915, 41.6826637], [1.7950967, 41.6778792], [1.7944751, 41.676619], [1.7954143, 41.6745802], [1.7970945, 41.6720189], [1.7959265, 41.6707861], [1.7956089, 41.6697752], [1.7938809, 41.6683408], [1.7935769, 41.6664933], [1.7916542, 41.6661586], [1.7938365, 41.6638602], [1.7895984, 41.662723], [1.7902814, 41.6604656], [1.7904931, 41.6597587], [1.7875493, 41.6559919], [1.7881264, 41.6542331], [1.7878532, 41.6535945], [1.7886524, 41.6529046], [1.7870575, 41.6524231], [1.785712, 41.6525665], [1.7847592, 41.652365], [1.7832736, 41.653048], [1.7808386, 41.6530856], [1.7802649, 41.6534442], [1.7753301, 41.6548922], [1.7743568, 41.6529251], [1.7698625, 41.6523719], [1.7691078, 41.6520611], [1.7684897, 41.65118], [1.7673763, 41.6504048], [1.7671919, 41.6491992], [1.766444, 41.6485265], [1.7665601, 41.6478025], [1.7653751, 41.645832], [1.7619702, 41.6462998], [1.7573462, 41.6442781], [1.7478625, 41.6460095], [1.7423813, 41.6453368], [1.7347861, 41.6463442], [1.7294893, 41.6461393]]]}}, {"type": "Feature", "properties": {"Index": 921}, "geometry": {"type": "Polygon", "coordinates": [[[1.801377, 41.6591781], [1.7886524, 41.6529046], [1.7875493, 41.6559919], [1.7904931, 41.6597587], [1.7895984, 41.662723], [1.7938365, 41.6638602], [1.7916542, 41.6661586], [1.7935769, 41.6664933], [1.7970979, 41.6720155], [1.7944751, 41.676619], [1.7950967, 41.6778792], [1.8005915, 41.6826637], [1.8160244, 41.6867994], [1.8086204, 41.6904331], [1.8097986, 41.6906175], [1.8109017, 41.6944424], [1.8136406, 41.6949376], [1.8169533, 41.6939438], [1.8190638, 41.6913244], [1.8273044, 41.6959655], [1.8309005, 41.693213], [1.8359344, 41.6928305], [1.8399403, 41.690679], [1.8441886, 41.6952381], [1.8475423, 41.6938448], [1.8583784, 41.6941863], [1.8664038, 41.6884489], [1.8715811, 41.6884933], [1.8732204, 41.6903067], [1.8736404, 41.6900677], [1.881157, 41.6858091], [1.8888683, 41.6856588], [1.8932465, 41.6843132], [1.8952443, 41.6850202], [1.8964874, 41.6828687], [1.9040109, 41.677244], [1.9090925, 41.68042], [1.9138293, 41.6793784], [1.9156529, 41.6769879], [1.918303, 41.6780636], [1.9230876, 41.6729512], [1.9224899, 41.6713837], [1.9258811, 41.6700655], [1.9264788, 41.6671968], [1.928842, 41.6671763], [1.9300236, 41.6639285], [1.9330153, 41.6631772], [1.9307135, 41.6580102], [1.9266495, 41.6590415], [1.9224216, 41.6642017], [1.918986, 41.6660664], [1.9078802, 41.6648165], [1.9013778, 41.6570096], [1.8981403, 41.6575526], [1.8943496, 41.6558314], [1.8927342, 41.6570266], [1.896805, 41.6627025], [1.8963166, 41.6638876], [1.8910813, 41.6630748], [1.8937997, 41.6653629], [1.8933489, 41.666705], [1.893045, 41.6679276], [1.885945, 41.6659674], [1.8852688, 41.6630714], [1.8812834, 41.6597382], [1.8737497, 41.6568286], [1.8575143, 41.6570676], [1.8507217, 41.655203], [1.8472315, 41.6561968], [1.8447999, 41.6553259], [1.8440657, 41.6576721], [1.8424982, 41.6564768], [1.8408794, 41.657778], [1.8384615, 41.655927], [1.8377, 41.6566988], [1.8284621, 41.6557904], [1.8238074, 41.6566339], [1.82155, 41.6558314], [1.8173494, 41.6574638], [1.8098806, 41.6589015], [1.801377, 41.6591781]]]}}, {"type": "Feature", "properties": {"Index": 1076}, "geometry": {"type": "Polygon", "coordinates": [[[1.9090925, 41.68042], [1.9040109, 41.677244], [1.8964874, 41.6828687], [1.8952443, 41.6850202], [1.8932465, 41.6843132], [1.8888683, 41.6856588], [1.881157, 41.6858091], [1.8736404, 41.6900677], [1.8732204, 41.6903067], [1.8689891, 41.6988308], [1.8690335, 41.7025738], [1.8717314, 41.7071329], [1.8693408, 41.7104763], [1.8702936, 41.7127507], [1.8747913, 41.7150149], [1.867886, 41.7185701], [1.86903, 41.7206635], [1.8701673, 41.7237576], [1.8631253, 41.7321963], [1.8661409, 41.7369467], [1.8655159, 41.7382342], [1.8590648, 41.7390845], [1.8568655, 41.7384322], [1.8532796, 41.7414273], [1.8509915, 41.74182], [1.8498611, 41.7461435], [1.8453122, 41.7494425], [1.8409375, 41.7499411], [1.839872, 41.7491761], [1.8393255, 41.7518297], [1.8352513, 41.7534689], [1.8298213, 41.7581476], [1.8230526, 41.7551457], [1.8193131, 41.7504602], [1.8149008, 41.7512662], [1.8143851, 41.7500265], [1.8084155, 41.7483326], [1.8094571, 41.7470041], [1.8068753, 41.7369023], [1.8033714, 41.7358402], [1.8016127, 41.7365983], [1.7970706, 41.734522], [1.7795648, 41.7412565], [1.7899023, 41.7528713], [1.7893251, 41.7572187], [1.7844177, 41.7570445], [1.7774577, 41.7620613], [1.7745275, 41.7666751], [1.7685204, 41.7673683], [1.7706753, 41.7779381], [1.7685784, 41.7770979], [1.7657849, 41.7785118], [1.7702109, 41.7833544], [1.7724409, 41.7837949], [1.7745173, 41.784495], [1.7736499, 41.7856015], [1.7772425, 41.7853727], [1.7811631, 41.7821181], [1.7799814, 41.7782352], [1.7839156, 41.7764388], [1.786173, 41.7791368], [1.7867092, 41.7773063], [1.7876074, 41.7775556], [1.7894549, 41.7813873], [1.7908619, 41.7813907], [1.7916884, 41.7787269], [1.7944751, 41.7810936], [1.7958411, 41.7794441], [1.7983034, 41.7856357], [1.8006359, 41.7862675], [1.8002535, 41.7903144], [1.802101, 41.7920561], [1.8030572, 41.7940607], [1.8018688, 41.7971104], [1.8106251, 41.7987121], [1.8182237, 41.7976739], [1.8304224, 41.7982852], [1.836894, 41.8001737], [1.8390353, 41.80336], [1.8470676, 41.8090052], [1.8519204, 41.800645], [1.856401, 41.7983125], [1.8650071, 41.7948599], [1.8624662, 41.789242], [1.8657242, 41.7837027], [1.8670595, 41.7822377], [1.9047793, 41.7719616], [1.9065107, 41.7677269], [1.9064287, 41.764749], [1.903683, 41.7612314], [1.8998786, 41.7570992], [1.8938919, 41.7541041], [1.8935402, 41.7524922], [1.895439, 41.7485375], [1.903946, 41.7467241], [1.9047588, 41.7455732], [1.9023579, 41.7429197], [1.9142698, 41.739286], [1.9184738, 41.7426977], [1.9279677, 41.7450268], [1.9325884, 41.7441252], [1.9377452, 41.7455527], [1.9532053, 41.7466216], [1.9653528, 41.7507334], [1.965807, 41.7519458], [1.9796142, 41.7529157], [1.980328, 41.7540905], [1.9833196, 41.7529498], [1.9859321, 41.7539436], [1.9875304, 41.7528576], [1.9911367, 41.7545208], [1.9898527, 41.7555111], [1.9903, 41.7617129], [2.0009756, 41.7609343], [2.001341, 41.7691374], [1.998749, 41.7732389], [2.0022051, 41.7765276], [2.0058046, 41.776893], [2.0069145, 41.7757182], [2.0092299, 41.7767052], [2.0089431, 41.7791846], [2.0065081, 41.7783376], [2.0085401, 41.7797242], [2.0177301, 41.7811243], [2.0203119, 41.7787782], [2.0251784, 41.7785391], [2.0241607, 41.77997], [2.0256736, 41.7860796], [2.0284706, 41.7899968], [2.033361, 41.7894777], [2.0344606, 41.7902939], [2.0415333, 41.7844711], [2.0449142, 41.7792631], [2.0456246, 41.7708859], [2.0427047, 41.7660194], [2.0538242, 41.760767], [2.0575842, 41.7610402], [2.064131, 41.7639737], [2.066945, 41.7683895], [2.0705275, 41.7685363], [2.0724536, 41.7699262], [2.0755032, 41.7698819], [2.0771835, 41.7686012], [2.0816197, 41.7748235], [2.0844918, 41.774803], [2.09096, 41.7777844], [2.0935281, 41.7751309], [2.0960553, 41.7754519], [2.0990845, 41.7800076], [2.1038724, 41.777419], [2.1076359, 41.7775453], [2.1104738, 41.780274], [2.1118603, 41.7789694], [2.1200088, 41.7809843], [2.1255583, 41.7844882], [2.1288368, 41.7812814], [2.1265213, 41.778505], [2.1239498, 41.7776273], [2.1229765, 41.7755099], [2.1297452, 41.7730852], [2.1298203, 41.7657598], [2.1354894, 41.7594761], [2.142463, 41.7552652], [2.1428387, 41.7520141], [2.1370193, 41.7435959], [2.1389591, 41.7413965], [2.1386586, 41.7370252], [2.1417629, 41.7345356], [2.1418278, 41.7331457], [2.1419439, 41.730639], [2.1317942, 41.7314347], [2.1291715, 41.7290134], [2.1264086, 41.7210358], [2.1333174, 41.7154657], [2.1253261, 41.7125663], [2.1141963, 41.715575], [2.1107231, 41.7172245], [2.1077486, 41.7142602], [2.1027284, 41.7153667], [2.1000885, 41.7147827], [2.0992245, 41.7105446], [2.0974418, 41.7089839], [2.0874253, 41.7078159], [2.0850075, 41.7108144], [2.0773747, 41.7098855], [2.0664703, 41.7140382], [2.0654629, 41.7121019], [2.0612281, 41.7109749], [2.0555079, 41.7118491], [2.0488553, 41.7108451], [2.0387261, 41.7169752], [2.0330673, 41.716521], [2.030926, 41.7149569], [2.0291297, 41.7108861], [2.0225829, 41.7076793], [2.0164904, 41.7164356], [2.016948, 41.7201717], [2.0155922, 41.7223198], [2.015039, 41.7244952], [2.0147453, 41.7274971], [2.0116137, 41.730055], [2.0042029, 41.7287061], [2.0053948, 41.725349], [2.0030827, 41.722955], [1.9937527, 41.7201137], [1.9924003, 41.7138231], [1.9890262, 41.7133859], [1.9893131, 41.7149569], [1.9807173, 41.7161146], [1.9766636, 41.7155887], [1.9733339, 41.7127985], [1.9647347, 41.7148544], [1.9620162, 41.7128122], [1.9583826, 41.7139768], [1.9557564, 41.7131025], [1.95521, 41.7108724], [1.9522696, 41.7113779], [1.9491482, 41.710326], [1.9458833, 41.7056849], [1.9497902, 41.6911742], [1.9405011, 41.687964], [1.9346408, 41.6841049], [1.9274145, 41.6847845], [1.925444, 41.6858569], [1.9229134, 41.6818066], [1.9193617, 41.6834287], [1.9170975, 41.6828755], [1.9138293, 41.6793784], [1.9090925, 41.68042]]]}}, {"type": "Feature", "properties": {"Index": 952}, "geometry": {"type": "MultiPolygon", "coordinates": [[[[1.8272908, 41.976215], [1.8272293, 41.974767], [1.8228477, 41.9761775], [1.8210275, 41.9750744], [1.8188179, 41.9768229], [1.8118443, 41.977161], [1.8078794, 41.9786773], [1.8096347, 41.983998], [1.8081287, 41.9925153], [1.8069539, 41.9922865], [1.8087058, 41.998099], [1.8071007, 42.000814], [1.8049355, 42.0017258], [1.8048809, 42.0074085], [1.803771, 42.0077056], [1.7925558, 42.0054653], [1.7892398, 42.0075861], [1.7817163, 42.0057932], [1.7821227, 42.0073709], [1.784182, 42.00761], [1.7853124, 42.0141533], [1.7900287, 42.020823], [1.7903668, 42.0230804], [1.7876483, 42.0243098], [1.7879864, 42.0275268], [1.7921289, 42.0294871], [1.7858759, 42.0331788], [1.7881606, 42.036109], [1.7872419, 42.0367237], [1.784947, 42.0357572], [1.7830994, 42.0323865], [1.7806713, 42.0340189], [1.7783149, 42.0320382], [1.7758458, 42.0335715], [1.7688277, 42.033271], [1.768558, 42.037557], [1.7652624, 42.0378916], [1.765136, 42.0394182], [1.7679535, 42.0412658], [1.7702928, 42.046344], [1.76711, 42.0488268], [1.7633465, 42.0453536], [1.7612941, 42.0471705], [1.7554781, 42.0384961], [1.7491602, 42.0384995], [1.7459193, 42.0370037], [1.7428969, 42.034661], [1.7441981, 42.0330217], [1.742733, 42.0315259], [1.7402366, 42.0315293], [1.7404688, 42.0298115], [1.7372859, 42.0264579], [1.7322897, 42.022452], [1.714801, 42.0183027], [1.7119391, 42.0204166], [1.7190015, 42.02237], [1.715805, 42.0242108], [1.7153747, 42.0281552], [1.7139267, 42.0307814], [1.7086674, 42.0304126], [1.7079913, 42.0284489], [1.7059251, 42.0290568], [1.7057988, 42.030638], [1.6998155, 42.0295861], [1.6946587, 42.0351288], [1.6976777, 42.0369388], [1.7038043, 42.0407501], [1.703999, 42.0451624], [1.7070282, 42.0472695], [1.7223312, 42.0452819], [1.7231338, 42.0482633], [1.7265216, 42.050787], [1.7135237, 42.0548817], [1.708244, 42.0535567], [1.7066081, 42.0660764], [1.7039819, 42.0708951], [1.6969981, 42.0707209], [1.6900552, 42.0744092], [1.691773, 42.0780224], [1.6886891, 42.0783537], [1.688713, 42.0814341], [1.6916569, 42.0870929], [1.6963765, 42.0867002], [1.7079878, 42.0827045], [1.7131924, 42.0847946], [1.7169525, 42.0846409], [1.7224098, 42.0910783], [1.7228401, 42.0997936], [1.7183868, 42.1015149], [1.7112732, 42.1017539], [1.7054094, 42.106658], [1.7055119, 42.1076996], [1.7101257, 42.1102643], [1.7115771, 42.1159675], [1.712045, 42.1194783], [1.7091626, 42.1208921], [1.7082337, 42.1232349], [1.7064203, 42.1228865], [1.6994603, 42.1280536], [1.7002458, 42.1305056], [1.6989139, 42.1357102], [1.7041698, 42.1406894], [1.7030394, 42.1420589], [1.7071819, 42.1452212], [1.7083772, 42.1497531], [1.7103682, 42.1501595], [1.7139199, 42.1540288], [1.7167578, 42.1540902], [1.7209891, 42.1516211], [1.7198621, 42.1471917], [1.7268221, 42.142052], [1.7333415, 42.1418813], [1.7403117, 42.1378651], [1.7523431, 42.1351979], [1.7526709, 42.1365264], [1.7553176, 42.1372811], [1.7572267, 42.1364615], [1.7609833, 42.1412051], [1.7642823, 42.1418061], [1.7644974, 42.1448285], [1.771273, 42.1427282], [1.776703, 42.1428717], [1.7825394, 42.1349213], [1.7958651, 42.1343817], [1.8028694, 42.130246], [1.8242616, 42.1217732], [1.8319763, 42.1217903], [1.8475628, 42.1170091], [1.8481297, 42.1176239], [1.8573709, 42.1155919], [1.8637947, 42.1224221], [1.8690574, 42.1241706], [1.8756348, 42.1205506], [1.8763418, 42.1179346], [1.881058, 42.1174463], [1.882284, 42.1142156], [1.8741322, 42.1146732], [1.8669366, 42.1130886], [1.8730325, 42.1058418], [1.8778307, 42.1052066], [1.8881033, 42.100282], [1.8871096, 42.0980656], [1.8822874, 42.0953916], [1.8840018, 42.0934928], [1.8800062, 42.0861538], [1.8688183, 42.0710795], [1.8704644, 42.0624462], [1.8736097, 42.0564698], [1.8724281, 42.0481847], [1.8792856, 42.0391484], [1.8794119, 42.0386054], [1.8792958, 42.0370789], [1.8693203, 42.0306243], [1.8671347, 42.0261984], [1.8844492, 42.0060049], [1.8839711, 42.0030884], [1.8854225, 42.0023508], [1.8852244, 42.00037], [1.8883151, 41.9969276], [1.8854157, 41.9932871], [1.8527981, 42.0080608], [1.8218505, 41.9979521], [1.8205698, 41.9901111], [1.8244357, 41.9853641], [1.824487, 41.9819046], [1.8260511, 41.9803985], [1.8248797, 41.9765668], [1.8272908, 41.976215]], [[1.8145798, 42.03267], [1.8231551, 42.0315805], [1.8256925, 42.0401866], [1.8211538, 42.0397665], [1.8174177, 42.0432089], [1.8153618, 42.0434856], [1.8168132, 42.0455927], [1.8164922, 42.0482189], [1.813627, 42.0507256], [1.8119023, 42.0501587], [1.8105978, 42.0523751], [1.8070973, 42.0527268], [1.8057722, 42.0470202], [1.8014556, 42.046969], [1.8023776, 42.0428709], [1.8004242, 42.0416448], [1.7982249, 42.0361568], [1.7941029, 42.0325914], [1.8052156, 42.0361329], [1.8145798, 42.03267]]], [[[1.6803461, 42.0464362], [1.6794069, 42.0387966], [1.6741818, 42.0393226], [1.6705926, 42.0444145], [1.6734681, 42.0488439], [1.6740111, 42.052276], [1.6756742, 42.0537411], [1.6829791, 42.0498752], [1.6803461, 42.0464362]]]]}}, {"type": "Feature", "properties": {"Index": 1059}, "geometry": {"type": "Polygon", "coordinates": [[[2.2474669, 41.9862827], [2.2409543, 41.9819558], [2.2385057, 41.9838751], [2.2352784, 41.986293], [2.2348823, 41.9888236], [2.2322902, 41.9917947], [2.2310984, 41.9988537], [2.2295718, 42.0005612], [2.2112772, 42.0120838], [2.2042557, 42.0066777], [2.2039962, 42.0130878], [2.2030809, 42.0131185], [2.2014178, 42.0131698], [2.1998912, 42.0114486], [2.1997171, 42.0112505], [2.1998161, 42.0127941], [2.1975656, 42.0131493], [2.1976407, 42.0152701], [2.2005333, 42.0186134], [2.198129, 42.0212499], [2.1985491, 42.022592], [2.1991604, 42.0245523], [2.1941744, 42.0273629], [2.1930542, 42.02961], [2.1884746, 42.0329978], [2.1922483, 42.0380829], [2.1933752, 42.0385371], [2.1933718, 42.0385371], [2.1986994, 42.0406818], [2.1998024, 42.0411257], [2.219791, 42.0464191], [2.2260713, 42.0502543], [2.2329972, 42.0521906], [2.2349096, 42.0544617], [2.2424297, 42.0535225], [2.2427029, 42.0551584], [2.2490481, 42.0534986], [2.2530404, 42.0560531], [2.2534707, 42.0580475], [2.2511347, 42.0633785], [2.2552226, 42.0587579], [2.2628451, 42.0581944], [2.2650376, 42.0565278], [2.2763962, 42.0537548], [2.2857331, 42.0488302], [2.2905825, 42.048615], [2.2953739, 42.0482565], [2.2945713, 42.030235], [2.2915251, 42.0304741], [2.2909308, 42.0327622], [2.2884446, 42.0337969], [2.2839299, 42.0323763], [2.2805933, 42.0256246], [2.2764235, 42.0264647], [2.2740603, 42.0253207], [2.2747228, 42.023258], [2.270734, 42.017524], [2.265, 42.0163697], [2.2606253, 42.0123638], [2.2580435, 42.0132552], [2.2465141, 42.0078422], [2.243584, 42.0033309], [2.2444958, 41.997556], [2.249574, 41.9943014], [2.2474669, 41.9862827]], [[2.2423101, 42.0119198], [2.2408416, 42.0115339], [2.2423101, 42.0119164], [2.2455715, 42.0141431], [2.2423101, 42.0119198]]]}}, {"type": "Feature", "properties": {"Index": 1101}, "geometry": {"type": "Polygon", "coordinates": [[[2.3283364, 41.8830342], [2.3241631, 41.8754117], [2.3185077, 41.8782701], [2.3165509, 41.8815384], [2.3088396, 41.8880544], [2.3099256, 41.8963394], [2.3037204, 41.8956017], [2.3023543, 41.8980401], [2.2981128, 41.8999082], [2.2891584, 41.9038458], [2.2842441, 41.8996247], [2.2830454, 41.9003009], [2.2780388, 41.8992012], [2.274535, 41.9023226], [2.2711233, 41.9021655], [2.2667315, 41.8951919], [2.2603452, 41.9016601], [2.2611341, 41.9029032], [2.2630739, 41.9012844], [2.2664685, 41.9034223], [2.2648054, 41.9072096], [2.2661099, 41.9078346], [2.2653586, 41.9101295], [2.2671208, 41.9095797], [2.2675579, 41.9103584], [2.2637808, 41.9180423], [2.2659084, 41.919726], [2.2708979, 41.9182472], [2.2710652, 41.9198318], [2.2749584, 41.9217579], [2.2742071, 41.9233152], [2.2773353, 41.9252687], [2.2816076, 41.9256204], [2.2808461, 41.9306713], [2.2845822, 41.9353227], [2.2836908, 41.9373888], [2.2824716, 41.9432081], [2.286901, 41.9471731], [2.2852174, 41.9498403], [2.2842475, 41.9566021], [2.2832332, 41.9588015], [2.2775334, 41.9597201], [2.2771373, 41.9577052], [2.2718473, 41.955301], [2.2713965, 41.9531905], [2.2682341, 41.9537403], [2.2666256, 41.9525348], [2.2620562, 41.951944], [2.257842, 41.953812], [2.259167, 41.9479278], [2.2512884, 41.9455338], [2.2492803, 41.9409269], [2.2469239, 41.9393867], [2.2383862, 41.9395335], [2.2389087, 41.9341342], [2.2401791, 41.9330414], [2.2304768, 41.9345475], [2.2302446, 41.9321569], [2.2265973, 41.9316276], [2.224579, 41.9300908], [2.2192651, 41.934404], [2.2184557, 41.9335229], [2.2093989, 41.9368868], [2.2045221, 41.9341479], [2.199601, 41.9261258], [2.1859269, 41.9284549], [2.1831743, 41.9298927], [2.1830173, 41.9322764], [2.1803808, 41.9330619], [2.1773209, 41.9326623], [2.1775497, 41.9313202], [2.1687695, 41.9333556], [2.1695208, 41.9311699], [2.1663243, 41.9305552], [2.1690359, 41.9275909], [2.1722426, 41.9284618], [2.1738272, 41.9267611], [2.1819381, 41.9244764], [2.182604, 41.9233391], [2.1803569, 41.9214779], [2.1795783, 41.9169222], [2.177536, 41.9152214], [2.1783556, 41.9146648], [2.182785, 41.915037], [2.1847897, 41.9166763], [2.1862616, 41.9158088], [2.1913433, 41.9176667], [2.1949052, 41.9173183], [2.1991467, 41.9229293], [2.2038562, 41.9265596], [2.20917, 41.9265254], [2.2124656, 41.9245139], [2.2156314, 41.9262488], [2.2201086, 41.9240836], [2.2186982, 41.9230488], [2.2195485, 41.9223897], [2.2149655, 41.9208803], [2.2121548, 41.9182267], [2.2064721, 41.9163689], [2.2039347, 41.9168983], [2.2042147, 41.9152897], [2.2024662, 41.914856], [2.1981973, 41.914798], [2.198351, 41.9136129], [2.2010729, 41.9125167], [2.2012641, 41.9102935], [2.2033678, 41.9093338], [2.204324, 41.9061202], [2.2013597, 41.9027188], [2.2025653, 41.8990271], [2.2047065, 41.8973537], [2.2027565, 41.8959125], [2.2041328, 41.8943177], [2.2022203, 41.8934605], [2.19636, 41.896517], [2.1928664, 41.8959467], [2.1923336, 41.9003624], [2.1873066, 41.8988529], [2.1848409, 41.9011274], [2.1762554, 41.9010659], [2.1749098, 41.9032242], [2.169695, 41.9020528], [2.1699272, 41.9010454], [2.1646645, 41.8985455], [2.1596375, 41.8985216], [2.1594429, 41.8970258], [2.1572572, 41.896657], [2.1533537, 41.8995154], [2.1454717, 41.899068], [2.144174, 41.9013323], [2.1435149, 41.9021621], [2.1399768, 41.9062637], [2.1395192, 41.9100032], [2.1376819, 41.912643], [2.1338399, 41.9198626], [2.1327744, 41.9251969], [2.1304794, 41.9274065], [2.1275903, 41.9340625], [2.1287924, 41.9362687], [2.1386552, 41.9429998], [2.1394099, 41.9444512], [2.1366164, 41.9482147], [2.136391, 41.9545531], [2.1370979, 41.9567729], [2.137033, 41.963446], [2.138925, 41.9668474], [2.1343282, 41.967889], [2.128427, 41.9726838], [2.1278293, 41.9791828], [2.1293149, 41.9857978], [2.1278396, 41.9879698], [2.1251382, 41.9907463], [2.1348542, 42.0024122], [2.1399085, 42.0035973], [2.1417356, 42.0072241], [2.1472988, 42.0103318], [2.1440886, 42.0157448], [2.1387508, 42.019457], [2.1390684, 42.0205327], [2.1366437, 42.0256656], [2.1486648, 42.0290158], [2.151653, 42.0316454], [2.1639883, 42.0369047], [2.1814361, 42.0414638], [2.1884746, 42.0329978], [2.1930542, 42.02961], [2.1941744, 42.0273629], [2.1991604, 42.0245523], [2.198129, 42.0212499], [2.2005333, 42.0186134], [2.1976407, 42.0152701], [2.1975656, 42.0131493], [2.1998161, 42.0127941], [2.1997171, 42.0112505], [2.2014178, 42.0131698], [2.2039962, 42.0130878], [2.2042557, 42.0066777], [2.2112772, 42.0120838], [2.2295718, 42.0005612], [2.2310984, 41.9988537], [2.2322902, 41.9917947], [2.2348823, 41.9888236], [2.2352784, 41.986293], [2.2385057, 41.9838751], [2.2409543, 41.9819558], [2.2474669, 41.9862827], [2.249574, 41.9943014], [2.2583303, 41.9940657], [2.2632788, 41.9956947], [2.2630261, 41.9941033], [2.2628109, 41.9907838], [2.2655089, 41.9909819], [2.2673359, 41.9841825], [2.2726464, 41.9842268], [2.2831956, 41.9877376], [2.2855589, 41.9855382], [2.2931916, 41.9835848], [2.2891311, 41.9833662], [2.2885847, 41.9822837], [2.296938, 41.9769732], [2.2956437, 41.9738825], [2.2999433, 41.972636], [2.298526, 41.9718505], [2.2991749, 41.9703786], [2.3001823, 41.9711436], [2.2958349, 41.9656009], [2.2903742, 41.9609632], [2.2990212, 41.956469], [2.3076341, 41.9541433], [2.3083341, 41.9508511], [2.3219023, 41.9486723], [2.3315192, 41.941825], [2.3368024, 41.9400936], [2.3390256, 41.9372625], [2.3470579, 41.9368868], [2.3492982, 41.9349812], [2.3543799, 41.9338713], [2.3592669, 41.9333454], [2.3597655, 41.928974], [2.3630508, 41.9270172], [2.363242, 41.9257058], [2.3575183, 41.9231445], [2.3560567, 41.921676], [2.3562104, 41.9187697], [2.3530104, 41.9195859], [2.3507257, 41.9185034], [2.3387797, 41.8993174], [2.337885, 41.8891506], [2.3345621, 41.8838333], [2.3302795, 41.8821872], [2.3283364, 41.8830342]], [[2.1955575, 41.9011717], [2.19636, 41.896517], [2.198754, 41.8976781], [2.1981188, 41.9011], [2.1998195, 41.9042556], [2.1961005, 41.9045868], [2.193645, 41.9067042], [2.1920604, 41.904399], [2.1935733, 41.9012435], [2.1955575, 41.9011717]]]}}, {"type": "Feature", "properties": {"Index": 972}, "geometry": {"type": "Polygon", "coordinates": [[[2.2726464, 41.9842268], [2.2673359, 41.9841825], [2.2655089, 41.9909819], [2.2628109, 41.9907838], [2.2630261, 41.9941033], [2.2632788, 41.9956947], [2.2583303, 41.9940657], [2.249574, 41.9943014], [2.2444958, 41.997556], [2.243584, 42.0033309], [2.2465141, 42.0078422], [2.2580435, 42.0132552], [2.2606253, 42.0123638], [2.265, 42.0163697], [2.270734, 42.017524], [2.2747228, 42.023258], [2.2740603, 42.0253207], [2.2764235, 42.0264647], [2.2805933, 42.0256246], [2.2839299, 42.0323763], [2.2884446, 42.0337969], [2.2909308, 42.0327622], [2.2915251, 42.0304741], [2.2945713, 42.030235], [2.3009097, 42.0260071], [2.3078834, 42.0210211], [2.3101851, 42.0159189], [2.3093245, 42.0100689], [2.3105915, 42.0038363], [2.3080917, 42.0021151], [2.304721, 42.0016131], [2.2976073, 41.9960465], [2.295046, 41.9966066], [2.2952714, 41.9942536], [2.2908011, 41.9931471], [2.2905381, 41.9896944], [2.2932292, 41.9907121], [2.2930311, 41.986877], [2.287584, 41.9891378], [2.2891413, 41.9888577], [2.2894418, 41.9900325], [2.2876114, 41.990333], [2.2880724, 41.9923992], [2.2831956, 41.9877376], [2.2726464, 41.9842268]]]}}, {"type": "Feature", "properties": {"Index": 1156}, "geometry": {"type": "MultiPolygon", "coordinates": [[[[2.1370979, 41.9567729], [2.136391, 41.9545531], [2.1336589, 41.9568822], [2.1315449, 41.956527], [2.1288607, 41.9579818], [2.1286694, 41.9617419], [2.1309883, 41.9646276], [2.1219144, 41.9671514], [2.128427, 41.9726838], [2.1343282, 41.967889], [2.138925, 41.9668474], [2.137033, 41.963446], [2.1370979, 41.9567729]]], [[[2.1428318, 41.7346756], [2.1418278, 41.7331457], [2.1417629, 41.7345356], [2.1386586, 41.7370252], [2.1389591, 41.7413931], [2.1370193, 41.7435959], [2.1428387, 41.7520141], [2.142463, 41.7552652], [2.1354894, 41.7594761], [2.1298203, 41.7657598], [2.1297452, 41.7730852], [2.1229765, 41.7755099], [2.1239498, 41.7776273], [2.1265213, 41.778505], [2.1288368, 41.7812814], [2.1328051, 41.7839828], [2.1383922, 41.7918443], [2.1476437, 41.7948599], [2.1506763, 41.7983159], [2.1505841, 41.793586], [2.1559936, 41.7951706], [2.1607167, 41.7930191], [2.16336, 41.7980427], [2.1710303, 41.80127], [2.1727686, 41.8044768], [2.1713137, 41.8061194], [2.1676835, 41.8031688], [2.1636742, 41.8071918], [2.1681035, 41.8128642], [2.1624242, 41.8185469], [2.1613143, 41.8212176], [2.1558809, 41.8266919], [2.154508, 41.8242604], [2.1519775, 41.8265007], [2.1506319, 41.8263709], [2.1504987, 41.8275491], [2.1546515, 41.8302607], [2.1586096, 41.8414178], [2.15431, 41.853357], [2.146626, 41.8526057], [2.1416673, 41.8556383], [2.1420054, 41.8588177], [2.136531, 41.8583977], [2.1347312, 41.8624036], [2.1302882, 41.8608907], [2.1279352, 41.858746], [2.1275903, 41.8557988], [2.1258281, 41.8561847], [2.1230379, 41.8538351], [2.1180553, 41.8556861], [2.1123009, 41.8560174], [2.1091009, 41.8551397], [2.111191, 41.8611263], [2.105136, 41.8614405], [2.0976467, 41.8638789], [2.0849152, 41.8629773], [2.0825178, 41.8646063], [2.0810664, 41.8624036], [2.0739152, 41.8606482], [2.0729248, 41.8580015], [2.0708177, 41.8584626], [2.0626181, 41.8524247], [2.0626352, 41.8508128], [2.0611018, 41.8502766], [2.0585473, 41.8458438], [2.0597597, 41.8455091], [2.0590664, 41.8443275], [2.0571642, 41.8426541], [2.0559348, 41.8430946], [2.0551151, 41.8402157], [2.0528373, 41.8381803], [2.0537286, 41.8363772], [2.0516215, 41.8349838], [2.0523216, 41.831958], [2.0487835, 41.8258382], [2.0492343, 41.8233315], [2.0459456, 41.8168496], [2.0408708, 41.8163271], [2.040642, 41.8151045], [2.0378518, 41.8151114], [2.0379031, 41.8140527], [2.0337093, 41.813257], [2.0296214, 41.814804], [2.0263669, 41.8204389], [2.0221663, 41.8204457], [2.020206, 41.8230617], [2.0158108, 41.8238301], [2.011682, 41.8217845], [2.0039912, 41.8301173], [2.0051113, 41.8319956], [2.0035165, 41.8328664], [1.9967546, 41.8355029], [1.976363, 41.8380198], [1.9771724, 41.840243], [1.9743994, 41.8414178], [1.9754137, 41.8479714], [1.9841221, 41.8554436], [1.9872128, 41.8546172], [1.9895965, 41.8570795], [1.9936434, 41.8580015], [2.0058421, 41.8686156], [2.0159372, 41.8730963], [2.0110809, 41.8788917], [2.0016928, 41.882399], [2.0042712, 41.8836557], [2.0096705, 41.8833484], [2.0145062, 41.8850901], [2.0130685, 41.8881124], [2.0148956, 41.8997545], [2.0102749, 41.9061441], [2.0126553, 41.9120454], [2.0219546, 41.9111882], [2.0272684, 41.9082786], [2.0287506, 41.9052255], [2.0339313, 41.9018377], [2.0411406, 41.9029169], [2.0471477, 41.8976269], [2.0529841, 41.8996657], [2.0637143, 41.9000482], [2.0648789, 41.901824], [2.0741816, 41.9001336], [2.0823027, 41.9061578], [2.0917045, 41.9090709], [2.0939208, 41.9140398], [2.0910522, 41.915399], [2.0983161, 41.9213618], [2.1010994, 41.9210578], [2.1094049, 41.9273928], [2.1220134, 41.9434335], [2.1232975, 41.9439697], [2.1287924, 41.9425627], [2.1394099, 41.9444512], [2.1386552, 41.9429998], [2.1287924, 41.9362687], [2.1275903, 41.9340625], [2.1304794, 41.9274065], [2.1327744, 41.9251969], [2.1338399, 41.9198626], [2.1376819, 41.912643], [2.1395192, 41.9100032], [2.1399768, 41.9062637], [2.1435149, 41.9021621], [2.144174, 41.9013323], [2.1454717, 41.899068], [2.1533537, 41.8995154], [2.1572572, 41.896657], [2.1594429, 41.8970258], [2.1596375, 41.8985216], [2.1646645, 41.8985455], [2.1699272, 41.9010454], [2.169695, 41.9020528], [2.1749098, 41.9032242], [2.1762554, 41.9010659], [2.1848409, 41.9011274], [2.1873066, 41.8988529], [2.1923336, 41.9003624], [2.1928664, 41.8959467], [2.19636, 41.896517], [2.2022203, 41.8934605], [2.2041328, 41.8943177], [2.2027565, 41.8959125], [2.2047065, 41.8973537], [2.2025653, 41.8990271], [2.2013597, 41.9027188], [2.204324, 41.9061202], [2.2033678, 41.9093338], [2.2012641, 41.9102935], [2.2010729, 41.9125167], [2.198351, 41.9136129], [2.1981973, 41.914798], [2.2024662, 41.914856], [2.2042147, 41.9152897], [2.2039347, 41.9168983], [2.2064721, 41.9163689], [2.2121548, 41.9182267], [2.2149655, 41.9208803], [2.2195485, 41.9223897], [2.2186982, 41.9230488], [2.2201086, 41.9240836], [2.2156314, 41.9262488], [2.2124656, 41.9245139], [2.20917, 41.9265254], [2.2038562, 41.9265596], [2.1991467, 41.9229293], [2.1949052, 41.9173183], [2.1913433, 41.9176667], [2.1862616, 41.9158088], [2.1847897, 41.9166763], [2.182785, 41.915037], [2.1783556, 41.9146648], [2.177536, 41.9152214], [2.1795783, 41.9169222], [2.1803569, 41.9214779], [2.182604, 41.9233391], [2.1819381, 41.9244764], [2.1738272, 41.9267611], [2.1722426, 41.9284618], [2.1690359, 41.9275909], [2.1663243, 41.9305552], [2.1695208, 41.9311699], [2.1687695, 41.9333556], [2.1775497, 41.9313202], [2.1773209, 41.9326623], [2.1803808, 41.9330619], [2.1830173, 41.9322764], [2.1831743, 41.9298927], [2.1859269, 41.9284549], [2.199601, 41.9261258], [2.2045221, 41.9341479], [2.2093989, 41.9368868], [2.2184557, 41.9335229], [2.2192651, 41.934404], [2.224579, 41.9300908], [2.2265973, 41.9316276], [2.2302446, 41.9321569], [2.2304768, 41.9345475], [2.2401791, 41.9330414], [2.2389087, 41.9341342], [2.2383862, 41.9395335], [2.2469239, 41.9393867], [2.2492803, 41.9409269], [2.2512884, 41.9455338], [2.259167, 41.9479278], [2.257842, 41.953812], [2.2620562, 41.951944], [2.2666256, 41.9525348], [2.2682341, 41.9537403], [2.2713965, 41.9531905], [2.2718473, 41.955301], [2.2771373, 41.9577052], [2.2775334, 41.9597201], [2.2832332, 41.9588015], [2.2842475, 41.9566021], [2.2852174, 41.9498403], [2.286901, 41.9471731], [2.2824716, 41.9432081], [2.2836908, 41.9373888], [2.2845822, 41.9353227], [2.2808461, 41.9306713], [2.2816076, 41.9256204], [2.2773353, 41.9252687], [2.2742071, 41.9233152], [2.2749584, 41.9217579], [2.2710652, 41.9198318], [2.2708979, 41.9182472], [2.2659084, 41.919726], [2.2637808, 41.9180423], [2.2675579, 41.9103584], [2.2671208, 41.9095797], [2.2653586, 41.9101295], [2.2661099, 41.9078346], [2.2648054, 41.9072096], [2.2664685, 41.9034223], [2.2630739, 41.9012844], [2.2611341, 41.9029032], [2.2570941, 41.9041702], [2.242877, 41.9106828], [2.2375973, 41.9044946], [2.2349882, 41.904119], [2.2340285, 41.9051981], [2.2294386, 41.8996486], [2.2275091, 41.8997545], [2.2228748, 41.897463], [2.2240633, 41.8959398], [2.221297, 41.8929243], [2.2150679, 41.8929209], [2.2104302, 41.8898268], [2.2142073, 41.8878358], [2.2165535, 41.8878017], [2.216591, 41.8863332], [2.2201086, 41.8853086], [2.2195314, 41.8841099], [2.2242135, 41.8839153], [2.2261943, 41.8809066], [2.2287693, 41.8818628], [2.2320375, 41.8755995], [2.2302378, 41.8752409], [2.2308935, 41.8732397], [2.2117826, 41.8674033], [2.2081523, 41.8680624], [2.204727, 41.8702173], [2.1939353, 41.8674033], [2.1908276, 41.8642853], [2.1888263, 41.8641419], [2.1865689, 41.8597432], [2.1903358, 41.849317], [2.1890244, 41.8440031], [2.1923575, 41.8378832], [2.1937441, 41.8386311], [2.1967801, 41.8361518], [2.1920297, 41.8209102], [2.187812, 41.8159344], [2.1886112, 41.8133116], [2.1875218, 41.8099682], [2.1800461, 41.8029263], [2.1798139, 41.8006758], [2.1756338, 41.7977593], [2.17826, 41.7954165], [2.1836559, 41.7932821], [2.1864426, 41.7887639], [2.1862445, 41.7862845], [2.1866816, 41.7818996], [2.1891064, 41.7751206], [2.1895537, 41.757328], [2.1781268, 41.7609855], [2.1552013, 41.7333984], [2.1449219, 41.7350855], [2.1428318, 41.7346756]]], [[[2.198754, 41.8976781], [2.19636, 41.896517], [2.1955575, 41.9011717], [2.1935733, 41.9012435], [2.1920604, 41.904399], [2.193645, 41.9067042], [2.1961005, 41.9045868], [2.1998195, 41.9042556], [2.1981188, 41.9011], [2.198754, 41.8976781]]], [[[2.0575842, 41.7610402], [2.0538242, 41.760767], [2.0427047, 41.7660194], [2.0456246, 41.7708859], [2.0449142, 41.7792631], [2.0415333, 41.7844711], [2.0422983, 41.7842252], [2.0476497, 41.7871486], [2.0502418, 41.7905637], [2.0604017, 41.7938763], [2.0630723, 41.7911374], [2.0672455, 41.7891464], [2.0722043, 41.7897543], [2.0730034, 41.7889073], [2.0744411, 41.7900514], [2.0758072, 41.7889108], [2.0786076, 41.7916223], [2.0819714, 41.7901948], [2.0816231, 41.7883746], [2.0861276, 41.7823743], [2.0923192, 41.780677], [2.0884669, 41.7795875], [2.09096, 41.7777844], [2.0844918, 41.774803], [2.0816197, 41.7748235], [2.0771835, 41.7686012], [2.0755032, 41.7698819], [2.0724536, 41.7699262], [2.0705275, 41.7685363], [2.066945, 41.7683895], [2.064131, 41.7639737], [2.0575842, 41.7610402]]]]}}, {"type": "Feature", "properties": {"Index": 911}, "geometry": {"type": "Polygon", "coordinates": [[[2.0879649, 41.5833733], [2.0857929, 41.5804261], [2.0834877, 41.5829771], [2.0802673, 41.5827756], [2.0778972, 41.5848008], [2.0695746, 41.5852687], [2.0665455, 41.5862044], [2.0655687, 41.58783], [2.0624268, 41.587707], [2.0626318, 41.5903025], [2.0606578, 41.5912587], [2.0617438, 41.592133], [2.0595855, 41.5952134], [2.0444703, 41.6038775], [2.0459149, 41.6047689], [2.0466047, 41.6086791], [2.0433228, 41.610554], [2.0427252, 41.6146043], [2.0396311, 41.6149014], [2.0354032, 41.6245593], [2.0290136, 41.6264581], [2.0256668, 41.6297127], [2.0254858, 41.632315], [2.0315373, 41.6360716], [2.0410586, 41.6529114], [2.0508599, 41.6570813], [2.0665967, 41.6597724], [2.0722828, 41.6636895], [2.0803561, 41.6663669], [2.0853934, 41.6666026], [2.0889963, 41.6635597], [2.088624, 41.6611384], [2.0912263, 41.6595743], [2.0916703, 41.6548649], [2.0971515, 41.6518903], [2.0989957, 41.6486494], [2.0980565, 41.6475566], [2.1004232, 41.6434994], [2.0984288, 41.634972], [2.1044632, 41.6232445], [2.1064782, 41.6209564], [2.1190559, 41.6146624], [2.1174679, 41.6149288], [2.1136874, 41.6130641], [2.1125024, 41.6109741], [2.1183763, 41.604581], [2.1178129, 41.590183], [2.1111398, 41.5893907], [2.1062084, 41.5905382], [2.1059044, 41.587789], [2.1071304, 41.5865732], [2.1052624, 41.5864844], [2.1055902, 41.585173], [2.1014545, 41.5839504], [2.1012292, 41.5853404], [2.0992211, 41.5852687], [2.0936989, 41.5833699], [2.0879649, 41.5833733]]]}}, {"type": "Feature", "properties": {"Index": 893}, "geometry": {"type": "Polygon", "coordinates": [[[2.1502699, 41.5761162], [2.1373369, 41.5740672], [2.1266887, 41.5751122], [2.1263233, 41.5763621], [2.1178948, 41.578657], [2.1176831, 41.5852379], [2.1188545, 41.587731], [2.1178129, 41.590183], [2.1183763, 41.604581], [2.1125024, 41.6109741], [2.1136874, 41.6130641], [2.1174679, 41.6149288], [2.1190559, 41.6146624], [2.1064782, 41.6209564], [2.1044632, 41.6232445], [2.0984288, 41.634972], [2.1004232, 41.6434994], [2.0980565, 41.6475566], [2.0989957, 41.6486494], [2.0971515, 41.6518903], [2.0916703, 41.6548649], [2.0912263, 41.6595743], [2.0937877, 41.6592396], [2.0992996, 41.6591952], [2.1031621, 41.6612648], [2.1048594, 41.6646389], [2.1073148, 41.6647277], [2.1094288, 41.6665308], [2.1129566, 41.6667187], [2.1132742, 41.6691775], [2.1068162, 41.6781456], [2.1002524, 41.6815163], [2.0971447, 41.6815743], [2.0969056, 41.6880835], [2.0951435, 41.6887392], [2.0908814, 41.6942512], [2.0864042, 41.6952211], [2.0844645, 41.7021059], [2.0865477, 41.7040115], [2.0874253, 41.7078159], [2.0974418, 41.7089839], [2.0992245, 41.7105446], [2.1000885, 41.7147827], [2.1027284, 41.7153667], [2.1077486, 41.7142602], [2.1107231, 41.7172245], [2.1141963, 41.715575], [2.1253261, 41.7125663], [2.1333174, 41.7154657], [2.1341268, 41.704978], [2.135865, 41.7025157], [2.1351649, 41.700231], [2.1379892, 41.6985678], [2.13802, 41.6956479], [2.1400417, 41.6931174], [2.1387849, 41.6897432], [2.149662, 41.6813797], [2.1533947, 41.6776299], [2.1594394, 41.6785964], [2.1629228, 41.6768034], [2.1652861, 41.6770835], [2.1645826, 41.6744504], [2.165853, 41.6721418], [2.1642445, 41.6682794], [2.1655422, 41.6675281], [2.1635444, 41.6613331], [2.1644152, 41.6577916], [2.1683016, 41.6589596], [2.1797695, 41.6583961], [2.1873442, 41.6501691], [2.1881604, 41.6484206], [2.1946456, 41.6444352], [2.1986106, 41.6386568], [2.2001781, 41.638469], [2.2036956, 41.6344563], [2.2041499, 41.6293746], [2.1987677, 41.6280905], [2.2001918, 41.6207788], [2.1993858, 41.6152498], [2.197125, 41.6141296], [2.1922756, 41.6142287], [2.1913296, 41.611862], [2.1859167, 41.6121147], [2.1883414, 41.6062066], [2.1853907, 41.605305], [2.1852849, 41.6021666], [2.182645, 41.6014323], [2.1646133, 41.6012172], [2.1645382, 41.5996906], [2.1550169, 41.5923584], [2.1521277, 41.5837729], [2.153685, 41.5824171], [2.1516735, 41.5805012], [2.1529815, 41.5779638], [2.1494947, 41.5770793], [2.1502699, 41.5761162]]]}}, {"type": "Feature", "properties": {"Index": 1068}, "geometry": {"type": "Polygon", "coordinates": [[[2.1652861, 41.6770835], [2.1629228, 41.6768034], [2.1594394, 41.6785964], [2.1533947, 41.6776299], [2.149662, 41.6813797], [2.1387849, 41.6897432], [2.1400417, 41.6931174], [2.13802, 41.6956479], [2.1379892, 41.6985678], [2.1351649, 41.700231], [2.135865, 41.7025157], [2.1341268, 41.704978], [2.1333174, 41.7154657], [2.1425894, 41.7131332], [2.1573528, 41.7162512], [2.1640362, 41.7153735], [2.1670995, 41.712679], [2.1706205, 41.711774], [2.1723895, 41.7133245], [2.1762007, 41.7130444], [2.1793324, 41.7165825], [2.182727, 41.7159063], [2.186709, 41.7182217], [2.1866065, 41.7163161], [2.189079, 41.7148203], [2.1863504, 41.7101894], [2.1850083, 41.7012555], [2.1889151, 41.6917684], [2.1841442, 41.6872605], [2.1789396, 41.6846787], [2.1722802, 41.6840059], [2.1692237, 41.6789925], [2.1652861, 41.6770835]]]}}, {"type": "Feature", "properties": {"Index": 994}, "geometry": {"type": "Polygon", "coordinates": [[[2.2801972, 41.6578258], [2.2773797, 41.6575082], [2.2774514, 41.6620434], [2.2752487, 41.6671046], [2.2714784, 41.6681325], [2.2629783, 41.6751779], [2.2638423, 41.6788457], [2.2546625, 41.6832033], [2.2526237, 41.6859081], [2.2521114, 41.6890431], [2.2481568, 41.6931413], [2.2487271, 41.696751], [2.2420096, 41.7006784], [2.2419618, 41.7031919], [2.2407767, 41.7053263], [2.2424467, 41.7076827], [2.2396293, 41.7157048], [2.2404318, 41.721268], [2.2391648, 41.7222345], [2.2431093, 41.7243416], [2.2441099, 41.7266024], [2.241593, 41.7274288], [2.2410124, 41.7295974], [2.2366889, 41.7321075], [2.2301592, 41.729273], [2.2234895, 41.7295598], [2.222226, 41.7285114], [2.2161881, 41.7280094], [2.2136438, 41.7264145], [2.2066804, 41.7288836], [2.2012129, 41.7286002], [2.1978251, 41.730277], [2.195035, 41.7299457], [2.1898543, 41.7324388], [2.1851244, 41.742503], [2.1877335, 41.7493537], [2.190148, 41.7518706], [2.1895537, 41.757328], [2.1891064, 41.7751206], [2.1866816, 41.7818996], [2.1880648, 41.7815581], [2.1963942, 41.7800281], [2.1997205, 41.7810014], [2.2138829, 41.7806189], [2.2216625, 41.7780678], [2.2179639, 41.7670644], [2.2244902, 41.7579802], [2.2320443, 41.758472], [2.2317541, 41.7611051], [2.2335367, 41.7623311], [2.2396839, 41.7634], [2.2437376, 41.7625292], [2.249697, 41.7639396], [2.2464082, 41.7706502], [2.2473098, 41.7751787], [2.2461897, 41.7814898], [2.2501546, 41.7843994], [2.2502844, 41.7864212], [2.2544474, 41.7883541], [2.2582689, 41.7934426], [2.2644263, 41.7966289], [2.2678824, 41.8044187], [2.2692416, 41.8006006], [2.268176, 41.7979061], [2.2708945, 41.7952697], [2.2894862, 41.7890269], [2.2914533, 41.7930703], [2.2992807, 41.7975236], [2.3035803, 41.7985926], [2.3187843, 41.7921722], [2.3225341, 41.7877769], [2.3282681, 41.7859772], [2.3298048, 41.778867], [2.3285003, 41.7759027], [2.332455, 41.7719753], [2.3344494, 41.7638337], [2.3412796, 41.7551696], [2.346392, 41.7525981], [2.3460607, 41.74878], [2.3502852, 41.7475369], [2.3525425, 41.7456142], [2.3452821, 41.7395695], [2.3330355, 41.7220637], [2.3225102, 41.7197346], [2.3149594, 41.7176651], [2.3127601, 41.7138504], [2.3145121, 41.7102133], [2.3106632, 41.7085638], [2.2997725, 41.7036837], [2.3028871, 41.6953747], [2.3001584, 41.6900984], [2.3017328, 41.6873629], [2.2998579, 41.6768274], [2.3036623, 41.6720052], [2.2946294, 41.6666879], [2.2875704, 41.6590996], [2.2801972, 41.6578258]]]}}, {"type": "Feature", "properties": {"Index": 883}, "geometry": {"type": "Polygon", "coordinates": [[[2.1943349, 41.6544073], [2.1952365, 41.6501247], [2.1873442, 41.6501691], [2.1797695, 41.6583961], [2.1683016, 41.6589596], [2.1644152, 41.6577916], [2.1635444, 41.6613331], [2.1655422, 41.6675281], [2.1642445, 41.6682794], [2.165853, 41.6721418], [2.1645826, 41.6744504], [2.1652861, 41.6770835], [2.1692237, 41.6789925], [2.1722802, 41.6840059], [2.1789396, 41.6846787], [2.1841442, 41.6872605], [2.1889151, 41.6917684], [2.1850083, 41.7012555], [2.1863504, 41.7101894], [2.189079, 41.7148203], [2.1920092, 41.7155511], [2.1939934, 41.7103636], [2.1953696, 41.7102748], [2.1966981, 41.7066582], [2.2046246, 41.709001], [2.2068136, 41.7107836], [2.2087739, 41.7093356], [2.2117314, 41.7113061], [2.2127047, 41.7084545], [2.215324, 41.7065523], [2.2140468, 41.7042608], [2.223271, 41.7055688], [2.2269968, 41.7076588], [2.2334616, 41.7090283], [2.2384886, 41.7087824], [2.2407767, 41.7053263], [2.2419618, 41.7031919], [2.2328127, 41.6971847], [2.2386184, 41.693674], [2.2375358, 41.6905219], [2.2418423, 41.6880118], [2.2475557, 41.6786647], [2.2445197, 41.6772474], [2.239964, 41.6720087], [2.2350804, 41.6702977], [2.2321024, 41.6676134], [2.2315731, 41.6652536], [2.2280521, 41.6647379], [2.2277038, 41.6623883], [2.2246541, 41.6621015], [2.2211263, 41.6598953], [2.2085895, 41.6595675], [2.2044401, 41.6638978], [2.205936, 41.6665274], [2.203378, 41.6665104], [2.2011992, 41.6634777], [2.1979617, 41.662624], [2.1990955, 41.6618078], [2.1967391, 41.6590962], [2.1968757, 41.6564529], [2.1943349, 41.6544073]]]}}, {"type": "Feature", "properties": {"Index": 967}, "geometry": {"type": "Polygon", "coordinates": [[[2.2233017, 41.5762289], [2.2093237, 41.5684118], [2.2046553, 41.5685928], [2.2031526, 41.5756176], [2.2026882, 41.5768368], [2.2077255, 41.5782199], [2.209112, 41.5777145], [2.210799, 41.5813755], [2.2117109, 41.5830181], [2.2091769, 41.5844661], [2.206216, 41.5827005], [2.2071483, 41.5799753], [2.2017012, 41.5805285], [2.1982896, 41.5843124], [2.1958683, 41.5907499], [2.1924088, 41.5932019], [2.191111, 41.5973479], [2.1892054, 41.5982631], [2.1894889, 41.603437], [2.1883414, 41.6062066], [2.1859167, 41.6121147], [2.1913296, 41.611862], [2.1922756, 41.6142287], [2.197125, 41.6141296], [2.1993858, 41.6152498], [2.2001918, 41.6207788], [2.1987677, 41.6280905], [2.2041499, 41.6293746], [2.2036956, 41.6344563], [2.2001781, 41.638469], [2.1986106, 41.6386568], [2.1946456, 41.6444352], [2.1881604, 41.6484206], [2.1873442, 41.6501691], [2.1952365, 41.6501247], [2.1943349, 41.6544073], [2.1968757, 41.6564529], [2.1967391, 41.6590962], [2.1990955, 41.6618078], [2.1979617, 41.662624], [2.2011992, 41.6634777], [2.203378, 41.6665104], [2.205936, 41.6665274], [2.2044401, 41.6638978], [2.2085895, 41.6595675], [2.2211263, 41.6598953], [2.2246541, 41.6621015], [2.2277038, 41.6623883], [2.2280521, 41.6647379], [2.2315731, 41.6652536], [2.2344998, 41.6643349], [2.2345886, 41.6621732], [2.2430785, 41.6607218], [2.2443284, 41.6590996], [2.2437342, 41.65341], [2.2473269, 41.6502443], [2.2473713, 41.6401322], [2.2539829, 41.6385237], [2.2535424, 41.6308738], [2.2541059, 41.6258707], [2.2513055, 41.6188971], [2.2624728, 41.6166739], [2.2662021, 41.614881], [2.2682444, 41.6081259], [2.2622338, 41.5963438], [2.258764, 41.5815121], [2.2479143, 41.5809554], [2.2233017, 41.5762289]]]}}, {"type": "Feature", "properties": {"Index": 906}, "geometry": {"type": "Polygon", "coordinates": [[[2.356265, 41.6189722], [2.3508555, 41.6165441], [2.3448927, 41.6256692], [2.3453435, 41.6270455], [2.3468154, 41.6271377], [2.3475975, 41.6246891], [2.3518049, 41.6258058], [2.35355, 41.6247267], [2.3562001, 41.626161], [2.3582833, 41.6252321], [2.3573305, 41.6281862], [2.358519, 41.6338211], [2.3532426, 41.633319], [2.3529114, 41.6362697], [2.3513985, 41.6349276], [2.3511833, 41.636116], [2.3470784, 41.6358291], [2.3433901, 41.6344563], [2.3433047, 41.6328648], [2.3313041, 41.6342787], [2.3309045, 41.6353954], [2.3342991, 41.6382914], [2.33698, 41.6480484], [2.338749, 41.6479664], [2.340699, 41.6583175], [2.3486596, 41.65703], [2.3483078, 41.6607764], [2.3498685, 41.6637817], [2.3476726, 41.6697171], [2.3493289, 41.674068], [2.3505618, 41.6754784], [2.3515112, 41.674809], [2.3526313, 41.6737879], [2.3610256, 41.6729376], [2.3656838, 41.6696113], [2.3803585, 41.6703728], [2.3998723, 41.6779817], [2.4240273, 41.6753725], [2.4254582, 41.6689761], [2.4219851, 41.663225], [2.4245703, 41.6587103], [2.4171391, 41.6544073], [2.4122042, 41.6442713], [2.4092365, 41.6449235], [2.4035538, 41.6485948], [2.3932266, 41.6511083], [2.3895861, 41.6484889], [2.3857782, 41.643858], [2.3864647, 41.6431614], [2.3779679, 41.6415631], [2.3751061, 41.6384724], [2.3683169, 41.6264035], [2.3612135, 41.6196313], [2.356265, 41.6189722]]]}}, {"type": "Feature", "properties": {"Index": 1106}, "geometry": {"type": "Polygon", "coordinates": [[[2.3105198, 41.6077502], [2.3033891, 41.6074326], [2.3029315, 41.6141057], [2.2929457, 41.6167114], [2.2957529, 41.6219912], [2.291829, 41.6216463], [2.288834, 41.6225615], [2.2871811, 41.6217146], [2.2861053, 41.6170803], [2.2829805, 41.6139077], [2.2776939, 41.615342], [2.2662021, 41.614881], [2.2624728, 41.6166739], [2.2513055, 41.6188971], [2.2541059, 41.6258707], [2.2535424, 41.6308738], [2.2539829, 41.6385237], [2.2473713, 41.6401322], [2.2473269, 41.6502443], [2.2437342, 41.65341], [2.2443284, 41.6590996], [2.2430785, 41.6607218], [2.2345886, 41.6621732], [2.2344998, 41.6643349], [2.2315731, 41.6652536], [2.2321024, 41.6676134], [2.2350804, 41.6702977], [2.239964, 41.6720087], [2.2445197, 41.6772474], [2.2475557, 41.6786647], [2.2418423, 41.6880118], [2.2375358, 41.6905219], [2.2386184, 41.693674], [2.2328127, 41.6971847], [2.2419618, 41.7031919], [2.2420096, 41.7006784], [2.2487271, 41.696751], [2.2481568, 41.6931413], [2.2521114, 41.6890431], [2.2526237, 41.6859081], [2.2546625, 41.6832033], [2.2638423, 41.6788457], [2.2629783, 41.6751779], [2.2714784, 41.6681325], [2.2752487, 41.6671046], [2.2774514, 41.6620434], [2.2773797, 41.6575082], [2.2801972, 41.6578258], [2.2875704, 41.6590996], [2.2946294, 41.6666879], [2.3036623, 41.6720052], [2.2998579, 41.6768274], [2.3017328, 41.6873629], [2.3001584, 41.6900984], [2.3028871, 41.6953747], [2.2997725, 41.7036837], [2.3106632, 41.7085638], [2.3145121, 41.7102133], [2.3127601, 41.7138504], [2.3149594, 41.7176651], [2.3225102, 41.7197346], [2.3330355, 41.7220637], [2.3452821, 41.7395695], [2.3525425, 41.7456142], [2.357894, 41.7516828], [2.3619341, 41.7509895], [2.3631737, 41.7538753], [2.3691911, 41.7543671], [2.3752529, 41.760142], [2.3784119, 41.759237], [2.3828686, 41.7595068], [2.3852352, 41.7557297], [2.3898866, 41.7565835], [2.3912219, 41.7543158], [2.3884147, 41.7515121], [2.3910443, 41.7493366], [2.3943945, 41.7490156], [2.3992371, 41.7522702], [2.4023585, 41.7470485], [2.3971642, 41.7410277], [2.4070475, 41.7317831], [2.4069416, 41.7294027], [2.3962865, 41.7247275], [2.4020068, 41.720865], [2.4035538, 41.7110876], [2.4083657, 41.705036], [2.4083452, 41.702222], [2.4134542, 41.6975399], [2.4164151, 41.6966076], [2.4207522, 41.6912083], [2.4257075, 41.6891661], [2.4266091, 41.6860344], [2.4321416, 41.6820285], [2.4259944, 41.6764688], [2.4240273, 41.6753725], [2.3998723, 41.6779817], [2.3803585, 41.6703728], [2.3656838, 41.6696113], [2.3610256, 41.6729376], [2.3526313, 41.6737879], [2.3515112, 41.674809], [2.3505618, 41.6754784], [2.3493289, 41.674068], [2.3476726, 41.6697171], [2.3498685, 41.6637817], [2.3483078, 41.6607764], [2.3486596, 41.65703], [2.340699, 41.6583175], [2.338749, 41.6479664], [2.33698, 41.6480484], [2.3342991, 41.6382914], [2.3309045, 41.6353954], [2.3268405, 41.6324038], [2.3177052, 41.6180741], [2.319259, 41.6126407], [2.3129479, 41.6101442], [2.3105198, 41.6077502]]]}}, {"type": "Feature", "properties": {"Index": 971}, "geometry": {"type": "MultiPolygon", "coordinates": [[[[2.2442465, 41.8744828], [2.2418969, 41.8738988], [2.2412651, 41.8740832], [2.2320375, 41.8755995], [2.2287693, 41.8818628], [2.2261943, 41.8809066], [2.2242135, 41.8839153], [2.2195314, 41.8841099], [2.2201086, 41.8853086], [2.216591, 41.8863332], [2.2165535, 41.8878017], [2.2142073, 41.8878358], [2.2104302, 41.8898268], [2.2150679, 41.8929209], [2.221297, 41.8929243], [2.2240633, 41.8959398], [2.2228748, 41.897463], [2.2275091, 41.8997545], [2.2294386, 41.8996486], [2.2340285, 41.9051981], [2.2349882, 41.904119], [2.2375973, 41.9044946], [2.242877, 41.9106828], [2.2570941, 41.9041702], [2.2611341, 41.9029032], [2.2603452, 41.9016601], [2.2609326, 41.8979718], [2.2659767, 41.8937883], [2.2647063, 41.8906498], [2.2589041, 41.8886657], [2.2564384, 41.8931087], [2.253539, 41.8865961], [2.2492769, 41.8828224], [2.2491779, 41.8798308], [2.245534, 41.8799162], [2.246497, 41.8790146], [2.2456637, 41.8766343], [2.2434883, 41.8767128], [2.2442465, 41.8744828]]], [[[2.357894, 41.7516828], [2.3525425, 41.7456142], [2.3502852, 41.7475369], [2.3460607, 41.74878], [2.346392, 41.7525981], [2.3412796, 41.7551696], [2.3344494, 41.7638337], [2.332455, 41.7719753], [2.3285003, 41.7759027], [2.3298048, 41.778867], [2.3282681, 41.7859772], [2.3225341, 41.7877769], [2.3187843, 41.7921722], [2.3035803, 41.7985926], [2.2992807, 41.7975236], [2.2914533, 41.7930703], [2.2894862, 41.7890269], [2.2708945, 41.7952697], [2.268176, 41.7979061], [2.2692416, 41.8006006], [2.2678824, 41.8044187], [2.2644263, 41.7966289], [2.2582689, 41.7934426], [2.2544474, 41.7883541], [2.2502844, 41.7864212], [2.2501546, 41.7843994], [2.2461897, 41.7814898], [2.2473098, 41.7751787], [2.2464082, 41.7706502], [2.249697, 41.7639396], [2.2437376, 41.7625292], [2.2396839, 41.7634], [2.2335367, 41.7623311], [2.2317541, 41.7611051], [2.2320443, 41.758472], [2.2244902, 41.7579802], [2.2179639, 41.7670644], [2.2216625, 41.7780678], [2.2138829, 41.7806189], [2.1997205, 41.7810014], [2.1963942, 41.7800281], [2.1880648, 41.7815581], [2.1866816, 41.7818996], [2.1862445, 41.7862845], [2.1950589, 41.7871554], [2.1985525, 41.789283], [2.195537, 41.7994327], [2.1977022, 41.8018096], [2.2028965, 41.7989546], [2.2086373, 41.8093501], [2.2335641, 41.8077757], [2.233144, 41.8035342], [2.2338543, 41.8056037], [2.2346569, 41.805853], [2.235275, 41.8075435], [2.2372831, 41.8094389], [2.2375222, 41.8111601], [2.2387038, 41.8117714], [2.239018, 41.8137009], [2.2375768, 41.814039], [2.2426687, 41.8214225], [2.2432356, 41.8225938], [2.2413812, 41.8231744], [2.2422282, 41.8298748], [2.2463673, 41.8371968], [2.250018, 41.8379652], [2.2515411, 41.8364079], [2.2537473, 41.8380062], [2.2471732, 41.8396693], [2.2527023, 41.845171], [2.2456877, 41.8482993], [2.241231, 41.8500239], [2.247023, 41.8543098], [2.2492872, 41.8579913], [2.2541571, 41.8606585], [2.2577634, 41.8604809], [2.2600584, 41.8602282], [2.2618889, 41.8609795], [2.261561, 41.8628407], [2.262145, 41.8640838], [2.2654406, 41.8631754], [2.2671857, 41.8593232], [2.2705325, 41.8565501], [2.2727386, 41.8574551], [2.2747945, 41.8558056], [2.2727454, 41.8545933], [2.2734319, 41.8537532], [2.2809997, 41.8494228], [2.2843568, 41.8515914], [2.2912587, 41.8499931], [2.3012717, 41.8502493], [2.3059914, 41.8548836], [2.3086722, 41.8551124], [2.3142149, 41.8587699], [2.3216701, 41.8580562], [2.322698, 41.8566662], [2.3263454, 41.8556485], [2.3333463, 41.8442694], [2.3452411, 41.8373402], [2.3476863, 41.8323269], [2.3452274, 41.826791], [2.343677, 41.8252508], [2.3444385, 41.8208214], [2.3467608, 41.8173278], [2.3498719, 41.8156783], [2.3518766, 41.8127413], [2.3519073, 41.8096506], [2.3546531, 41.8070996], [2.3646012, 41.8066249], [2.3674597, 41.8043846], [2.3708714, 41.8040465], [2.3763662, 41.8047226], [2.3795901, 41.8077143], [2.3830393, 41.8086944], [2.3879298, 41.8051632], [2.3966246, 41.8056994], [2.4050565, 41.8016627], [2.4107528, 41.8015842], [2.4141099, 41.8042958], [2.4184505, 41.8044153], [2.4268994, 41.8045826], [2.4368851, 41.8028648], [2.4436231, 41.7983501], [2.4441217, 41.7891737], [2.4410959, 41.7860011], [2.4371139, 41.7845531], [2.4321552, 41.7804311], [2.4266877, 41.7820396], [2.424321, 41.7856118], [2.4195809, 41.787753], [2.4177743, 41.7905739], [2.4064942, 41.7838872], [2.4059956, 41.7829753], [2.4075973, 41.7825758], [2.4035504, 41.7776512], [2.4080925, 41.7679045], [2.4058863, 41.764848], [2.3994659, 41.7602923], [2.4022732, 41.7540358], [2.3992371, 41.7522702], [2.3943945, 41.7490156], [2.3910443, 41.7493366], [2.3884147, 41.7515121], [2.3912219, 41.7543158], [2.3898866, 41.7565835], [2.3852352, 41.7557297], [2.3828686, 41.7595068], [2.3784119, 41.759237], [2.3752529, 41.760142], [2.3691911, 41.7543671], [2.3631737, 41.7538753], [2.3619341, 41.7509895], [2.357894, 41.7516828]]]]}}, {"type": "Feature", "properties": {"Index": 877}, "geometry": {"type": "Polygon", "coordinates": [[[2.1950589, 41.7871554], [2.1862445, 41.7862845], [2.1864426, 41.7887639], [2.1836559, 41.7932821], [2.17826, 41.7954165], [2.1756338, 41.7977593], [2.1798139, 41.8006758], [2.1800461, 41.8029263], [2.1875218, 41.8099682], [2.1886112, 41.8133116], [2.187812, 41.8159344], [2.1920297, 41.8209102], [2.1967801, 41.8361518], [2.1937441, 41.8386311], [2.1923575, 41.8378832], [2.1890244, 41.8440031], [2.1903358, 41.849317], [2.1865689, 41.8597432], [2.1888263, 41.8641419], [2.1908276, 41.8642853], [2.1939353, 41.8674033], [2.204727, 41.8702173], [2.2081523, 41.8680624], [2.2117826, 41.8674033], [2.2308935, 41.8732397], [2.2302378, 41.8752409], [2.2320375, 41.8755995], [2.2412651, 41.8740832], [2.2418969, 41.8738988], [2.2442465, 41.8744828], [2.2434883, 41.8767128], [2.2456637, 41.8766343], [2.246497, 41.8790146], [2.245534, 41.8799162], [2.2491779, 41.8798308], [2.2492769, 41.8828224], [2.253539, 41.8865961], [2.2564384, 41.8931087], [2.2589041, 41.8886657], [2.2647063, 41.8906498], [2.2659767, 41.8937883], [2.2609326, 41.8979718], [2.2603452, 41.9016601], [2.2667315, 41.8951919], [2.2711233, 41.9021655], [2.274535, 41.9023226], [2.2780388, 41.8992012], [2.2830454, 41.9003009], [2.2842441, 41.8996247], [2.2891584, 41.9038458], [2.2981128, 41.8999082], [2.3023543, 41.8980401], [2.3037204, 41.8956017], [2.3099256, 41.8963394], [2.3088396, 41.8880544], [2.3165509, 41.8815384], [2.3185077, 41.8782701], [2.3241631, 41.8754117], [2.3240572, 41.8740047], [2.3255599, 41.8734036], [2.3248188, 41.8721708], [2.3327043, 41.8634623], [2.3301429, 41.8593061], [2.3305528, 41.85585], [2.3263454, 41.8556485], [2.322698, 41.8566662], [2.3216701, 41.8580562], [2.3142149, 41.8587699], [2.3086722, 41.8551124], [2.3059914, 41.8548836], [2.3012717, 41.8502493], [2.2912587, 41.8499931], [2.2843568, 41.8515914], [2.2809997, 41.8494228], [2.2734319, 41.8537532], [2.2727454, 41.8545933], [2.2747945, 41.8558056], [2.2727386, 41.8574551], [2.2705325, 41.8565501], [2.2671857, 41.8593232], [2.2654406, 41.8631754], [2.262145, 41.8640838], [2.261561, 41.8628407], [2.2618889, 41.8609795], [2.2600584, 41.8602282], [2.2577634, 41.8604809], [2.2541571, 41.8606585], [2.2492872, 41.8579913], [2.247023, 41.8543098], [2.241231, 41.8500239], [2.2456877, 41.8482993], [2.2527023, 41.845171], [2.2471732, 41.8396693], [2.2537473, 41.8380062], [2.2515411, 41.8364079], [2.250018, 41.8379652], [2.2463673, 41.8371968], [2.2422282, 41.8298748], [2.2413812, 41.8231744], [2.2432356, 41.8225938], [2.2426687, 41.8214225], [2.2375768, 41.814039], [2.239018, 41.8137009], [2.2387038, 41.8117714], [2.2375222, 41.8111601], [2.2372831, 41.8094389], [2.235275, 41.8075435], [2.2346569, 41.805853], [2.2338543, 41.8056037], [2.233144, 41.8035342], [2.2335641, 41.8077757], [2.2086373, 41.8093501], [2.2028965, 41.7989546], [2.1977022, 41.8018096], [2.195537, 41.7994327], [2.1985525, 41.789283], [2.1950589, 41.7871554]]]}}, {"type": "Feature", "properties": {"Index": 2598}, "geometry": {"type": "Polygon", "coordinates": [[[2.5616898, 41.723119], [2.547664, 41.719055], [2.5454988, 41.7204005], [2.5378968, 41.7217324], [2.5339285, 41.7288017], [2.5310325, 41.7304717], [2.5336348, 41.7350171], [2.5315925, 41.7389411], [2.5235158, 41.742305], [2.5159856, 41.7486605], [2.5172321, 41.7503134], [2.5157089, 41.7534177], [2.5190147, 41.7557912], [2.5163271, 41.7618871], [2.5057471, 41.7625667], [2.4978412, 41.7651793], [2.4945797, 41.7642845], [2.4902084, 41.7654832], [2.4822957, 41.7715245], [2.4695027, 41.7777707], [2.4715723, 41.7852532], [2.4725319, 41.7895835], [2.4561087, 41.7841706], [2.4441217, 41.7891737], [2.4436231, 41.7983501], [2.4368851, 41.8028648], [2.4268994, 41.8045826], [2.4184505, 41.8044153], [2.4168624, 41.8060921], [2.412153, 41.8063346], [2.4166439, 41.8110816], [2.4117466, 41.8130589], [2.4122555, 41.8148074], [2.4100391, 41.815931], [2.4105138, 41.8176898], [2.4078056, 41.8228329], [2.4122486, 41.8315346], [2.4141611, 41.8316712], [2.4184368, 41.835537], [2.4222993, 41.8359571], [2.4255095, 41.8386038], [2.4260251, 41.8399767], [2.4232896, 41.8430776], [2.4181943, 41.8453247], [2.4209127, 41.8475753], [2.4189491, 41.8495389], [2.4187476, 41.8507103], [2.422149, 41.8506488], [2.4230984, 41.8548972], [2.4311785, 41.8533536], [2.4357684, 41.8537907], [2.4382478, 41.8549245], [2.4404198, 41.8602145], [2.4466011, 41.8596681], [2.4513446, 41.8607848], [2.4651416, 41.8601974], [2.4663335, 41.8551021], [2.4758821, 41.8524486], [2.4817014, 41.8485588], [2.4862025, 41.8487944], [2.4944261, 41.8471381], [2.5053066, 41.8479304], [2.5142746, 41.8446997], [2.5125636, 41.8468991], [2.5146878, 41.8497575], [2.511143, 41.8523769], [2.5112215, 41.8570521], [2.5132227, 41.8587324], [2.5137384, 41.863773], [2.5164159, 41.8672906], [2.5159514, 41.8706989], [2.5220371, 41.8727001], [2.5237105, 41.8712965], [2.5276549, 41.8715014], [2.5288536, 41.8697426], [2.5318214, 41.868701], [2.5320467, 41.8664573], [2.5342358, 41.8655865], [2.5371865, 41.86086], [2.5423125, 41.8602521], [2.5440781, 41.8617069], [2.5443616, 41.8603853], [2.5507171, 41.8609078], [2.5542961, 41.8562428], [2.556393, 41.8507206], [2.5641384, 41.8437094], [2.567253, 41.8435045], [2.5680999, 41.8417423], [2.579018, 41.8384296], [2.5829931, 41.8341949], [2.5906156, 41.8339285], [2.5961173, 41.8299602], [2.6011136, 41.8306535], [2.6081692, 41.8290381], [2.6154502, 41.8187416], [2.6207163, 41.8049446], [2.626095, 41.8007372], [2.6178817, 41.7878726], [2.6174105, 41.7835832], [2.6199649, 41.7829446], [2.6219389, 41.7804823], [2.6180183, 41.7749942], [2.6183838, 41.7690247], [2.6241758, 41.7655447], [2.6265732, 41.7587282], [2.6331233, 41.7529601], [2.6386455, 41.7505388], [2.641521, 41.7500094], [2.6474599, 41.7439988], [2.642204, 41.7439886], [2.639752, 41.7428685], [2.638987, 41.7352801], [2.6372487, 41.7332515], [2.6286734, 41.7308439], [2.6209348, 41.731684], [2.6110755, 41.73054], [2.6040506, 41.7272922], [2.5989075, 41.727965], [2.590298, 41.7286104], [2.5841918, 41.7255505], [2.5776929, 41.7243381], [2.571976, 41.7260457], [2.5693601, 41.7266502], [2.5616898, 41.723119]]]}}, {"type": "Feature", "properties": {"Index": 957}, "geometry": {"type": "Polygon", "coordinates": [[[2.3828549, 41.600056], [2.3830564, 41.5969756], [2.3757993, 41.5974264], [2.3777425, 41.6009952], [2.3757993, 41.6066233], [2.3639899, 41.6153454], [2.3612135, 41.6196313], [2.3683169, 41.6264035], [2.3751061, 41.6384724], [2.3779679, 41.6415631], [2.3864647, 41.6431614], [2.3857782, 41.643858], [2.3895861, 41.6484889], [2.3932266, 41.6511083], [2.4035538, 41.6485948], [2.4092365, 41.6449235], [2.4122042, 41.6442713], [2.4171391, 41.6544073], [2.4245703, 41.6587103], [2.4219851, 41.663225], [2.4254582, 41.6689761], [2.4240273, 41.6753725], [2.4259944, 41.6764688], [2.4321416, 41.6820285], [2.4266091, 41.6860344], [2.4257075, 41.6891661], [2.4207522, 41.6912083], [2.4164151, 41.6966076], [2.4134542, 41.6975399], [2.4083452, 41.702222], [2.4083657, 41.705036], [2.4035538, 41.7110876], [2.4020068, 41.720865], [2.3962865, 41.7247275], [2.4069416, 41.7294027], [2.4070475, 41.7317831], [2.3971642, 41.7410277], [2.4023585, 41.7470485], [2.3992371, 41.7522702], [2.4022732, 41.7540358], [2.3994659, 41.7602923], [2.4058863, 41.764848], [2.4080925, 41.7679045], [2.4035504, 41.7776512], [2.4075973, 41.7825758], [2.4059956, 41.7829753], [2.4064942, 41.7838872], [2.4177743, 41.7905739], [2.4195809, 41.787753], [2.424321, 41.7856118], [2.4266877, 41.7820396], [2.4321552, 41.7804311], [2.4371139, 41.7845531], [2.4410959, 41.7860011], [2.4441217, 41.7891737], [2.4561087, 41.7841706], [2.4725319, 41.7895835], [2.4715723, 41.7852532], [2.4695027, 41.7777707], [2.4822957, 41.7715245], [2.4902084, 41.7654832], [2.4945797, 41.7642845], [2.4978412, 41.7651793], [2.5057471, 41.7625667], [2.5163271, 41.7618871], [2.5190147, 41.7557912], [2.5157089, 41.7534177], [2.5172321, 41.7503134], [2.5159856, 41.7486605], [2.5235158, 41.742305], [2.5315925, 41.7389411], [2.5336348, 41.7350171], [2.5310325, 41.7304717], [2.5293249, 41.7300687], [2.5320297, 41.7276679], [2.5331737, 41.7240752], [2.5377124, 41.7201581], [2.5399971, 41.7197414], [2.5410592, 41.7158995], [2.5382247, 41.7160531], [2.5358956, 41.7117535], [2.5314423, 41.7085843], [2.5248546, 41.7072558], [2.5221805, 41.7053605], [2.5088856, 41.7110227], [2.504627, 41.712218], [2.503278, 41.7115998], [2.4953755, 41.7169923], [2.4916564, 41.717467], [2.4900069, 41.7182764], [2.4890712, 41.7164766], [2.4830504, 41.7175728], [2.4848945, 41.7148374], [2.4735496, 41.7074505], [2.4706912, 41.7083248], [2.4633214, 41.7038783], [2.4634785, 41.7029084], [2.4670336, 41.6989128], [2.4690724, 41.6983185], [2.4714835, 41.6944527], [2.475001, 41.6931857], [2.4796182, 41.6888485], [2.4817902, 41.680239], [2.4853966, 41.6788867], [2.4879408, 41.6799966], [2.4883165, 41.6783334], [2.4832792, 41.6758745], [2.4802842, 41.6715886], [2.481295, 41.6699323], [2.4838803, 41.670226], [2.4901128, 41.6632216], [2.4948632, 41.6607901], [2.4973904, 41.6612716], [2.499354, 41.6592669], [2.5058188, 41.6577677], [2.5156167, 41.6596289], [2.5158831, 41.657293], [2.5184786, 41.655763], [2.5276413, 41.6566544], [2.5414656, 41.6485162], [2.5403488, 41.643356], [2.5370328, 41.6410406], [2.5353526, 41.638387], [2.5364249, 41.6335718], [2.5299499, 41.631509], [2.5294, 41.628456], [2.5269036, 41.6265059], [2.5235978, 41.6254575], [2.515446, 41.6267962], [2.5062833, 41.6240334], [2.4965434, 41.6241939], [2.4902255, 41.6249657], [2.4850004, 41.6291219], [2.4860352, 41.6312597], [2.481237, 41.629016], [2.4781361, 41.6312153], [2.4734676, 41.6307714], [2.4724055, 41.6295898], [2.4638541, 41.6306006], [2.4575089, 41.6282408], [2.4572596, 41.6303855], [2.455716, 41.6310173], [2.4530727, 41.6268509], [2.4508187, 41.6262908], [2.4483872, 41.6274656], [2.4481584, 41.6304572], [2.4450575, 41.629822], [2.441072, 41.6306416], [2.4366393, 41.6283296], [2.4320869, 41.6306723], [2.4318957, 41.6295454], [2.4298774, 41.6309387], [2.4278693, 41.6296307], [2.4219578, 41.630505], [2.4204585, 41.6256761], [2.4186178, 41.6270148], [2.4153735, 41.6262396], [2.4105172, 41.6215643], [2.4049847, 41.6138052], [2.4014365, 41.6109843], [2.4011052, 41.6076034], [2.3945311, 41.6086006], [2.3937457, 41.6062305], [2.3912765, 41.6052299], [2.3864339, 41.5998238], [2.3828549, 41.600056]]]}}, {"type": "Feature", "properties": {"Index": 935}, "geometry": {"type": "Polygon", "coordinates": [[[2.4059171, 41.5793981], [2.3998484, 41.5755152], [2.3923728, 41.579866], [2.3895246, 41.5830898], [2.3868779, 41.5929424], [2.3817348, 41.5932122], [2.3809391, 41.5941752], [2.3787807, 41.5936117], [2.3754237, 41.5953261], [2.380963, 41.5950393], [2.3830564, 41.5969756], [2.3828549, 41.600056], [2.3864339, 41.5998238], [2.3912765, 41.6052299], [2.3937457, 41.6062305], [2.3945311, 41.6086006], [2.4011052, 41.6076034], [2.4014365, 41.6109843], [2.4049847, 41.6138052], [2.4105172, 41.6215643], [2.4153735, 41.6262396], [2.4186178, 41.6270148], [2.4204585, 41.6256761], [2.4219578, 41.630505], [2.4278693, 41.6296307], [2.4298774, 41.6309387], [2.4318957, 41.6295454], [2.4320869, 41.6306723], [2.4366393, 41.6283296], [2.441072, 41.6306416], [2.4450575, 41.629822], [2.4481584, 41.6304572], [2.4483872, 41.6274656], [2.4508187, 41.6262908], [2.4530727, 41.6268509], [2.455716, 41.6310173], [2.4572596, 41.6303855], [2.4575089, 41.6282408], [2.4638541, 41.6306006], [2.4724055, 41.6295898], [2.4734676, 41.6307714], [2.4781361, 41.6312153], [2.481237, 41.629016], [2.4860352, 41.6312597], [2.4850004, 41.6291219], [2.4902255, 41.6249657], [2.4965434, 41.6241939], [2.495898, 41.612405], [2.4941973, 41.6101476], [2.4978412, 41.6085767], [2.4983124, 41.6056739], [2.4963829, 41.60412], [2.4846043, 41.6021358], [2.4777263, 41.5992603], [2.4763295, 41.5943836], [2.4702882, 41.5895956], [2.4655549, 41.5879495], [2.4567303, 41.5799855], [2.4487184, 41.5805046], [2.4366973, 41.5777179], [2.4313527, 41.5790429], [2.4206259, 41.5766524], [2.4166609, 41.5768573], [2.4059171, 41.5793981]]]}}, {"type": "Feature", "properties": {"Index": 867}, "geometry": {"type": "Polygon", "coordinates": [[[2.5439484, 41.5915354], [2.5215556, 41.5809691], [2.5207155, 41.5840461], [2.5234031, 41.5910607], [2.5177853, 41.5957701], [2.5102994, 41.5948583], [2.5085816, 41.5948787], [2.4986437, 41.6025046], [2.5004776, 41.6036316], [2.4983124, 41.6056739], [2.4978412, 41.6085767], [2.4941973, 41.6101476], [2.495898, 41.612405], [2.4965434, 41.6241939], [2.5062833, 41.6240334], [2.515446, 41.6267962], [2.5235978, 41.6254575], [2.5269036, 41.6265059], [2.5294, 41.628456], [2.5299499, 41.631509], [2.5364249, 41.6335718], [2.5353526, 41.638387], [2.5370328, 41.6410406], [2.5467009, 41.6330732], [2.5569872, 41.6248872], [2.5560378, 41.615663], [2.5584386, 41.6133032], [2.5541492, 41.606975], [2.5549381, 41.6040141], [2.5681375, 41.5954422], [2.5611946, 41.5950495], [2.5439484, 41.5915354]]]}}, {"type": "Feature", "properties": {"Index": 900}, "geometry": {"type": "Polygon", "coordinates": [[[2.5786901, 41.5842236], [2.5724132, 41.5833221], [2.5702821, 41.5854906], [2.5689605, 41.5904118], [2.5705075, 41.5919213], [2.5681375, 41.5954422], [2.5549381, 41.6040141], [2.5541492, 41.606975], [2.5584386, 41.6133032], [2.5621508, 41.6146282], [2.566768, 41.6133851], [2.5688615, 41.6131666], [2.5702685, 41.6111073], [2.5729562, 41.6102774], [2.5760263, 41.6111243], [2.5790487, 41.6097378], [2.5822623, 41.6105609], [2.5843182, 41.6079756], [2.58328, 41.6069033], [2.5860189, 41.6012684], [2.5886007, 41.5996565], [2.5934467, 41.5956403], [2.5955812, 41.5905382], [2.5786901, 41.5842236]]]}}, {"type": "Feature", "properties": {"Index": 1051}, "geometry": {"type": "Polygon", "coordinates": [[[2.592009, 41.6013367], [2.5886007, 41.5996565], [2.5860189, 41.6012684], [2.58328, 41.6069033], [2.5843182, 41.6079756], [2.5822623, 41.6105609], [2.5790487, 41.6097378], [2.5760263, 41.6111243], [2.5729562, 41.6102774], [2.5702685, 41.6111073], [2.5688615, 41.6131666], [2.566768, 41.6133851], [2.5621508, 41.6146282], [2.5584386, 41.6133032], [2.5560378, 41.615663], [2.5569872, 41.6248872], [2.5467009, 41.6330732], [2.5370328, 41.6410406], [2.5403488, 41.643356], [2.5414656, 41.6485162], [2.5437469, 41.6498993], [2.5465097, 41.657614], [2.5518543, 41.6599944], [2.5607233, 41.6585907], [2.5712008, 41.6609096], [2.5881909, 41.6588844], [2.5934126, 41.6588708], [2.5940171, 41.6589425], [2.5984191, 41.6579248], [2.6064241, 41.6577848], [2.606489, 41.6507804], [2.6105529, 41.6485435], [2.6177246, 41.6472219], [2.6274952, 41.6479493], [2.6294145, 41.6442269], [2.6285368, 41.6381582], [2.6286359, 41.6293917], [2.6244046, 41.6259903], [2.6229873, 41.6215609], [2.6244899, 41.6201095], [2.6235679, 41.61721], [2.6191692, 41.6145258], [2.6112974, 41.6132554], [2.5952977, 41.6066233], [2.592009, 41.6013367]]]}}, {"type": "Feature", "properties": {"Index": 1060}, "geometry": {"type": "MultiPolygon", "coordinates": [[[[2.6775298, 41.6428847], [2.6715397, 41.6425603], [2.6378122, 41.6426423], [2.6343527, 41.6485367], [2.6274952, 41.6479493], [2.6177246, 41.6472219], [2.6105529, 41.6485435], [2.606489, 41.6507804], [2.6064241, 41.6577848], [2.5984191, 41.6579248], [2.5940171, 41.6589425], [2.5934126, 41.6588708], [2.5881909, 41.6588844], [2.5712008, 41.6609096], [2.5607233, 41.6585907], [2.5518543, 41.6599944], [2.5465097, 41.657614], [2.5437469, 41.6498993], [2.5414656, 41.6485162], [2.5276413, 41.6566544], [2.5184786, 41.655763], [2.5158831, 41.657293], [2.5156167, 41.6596289], [2.5058188, 41.6577677], [2.499354, 41.6592669], [2.4973904, 41.6612716], [2.4948632, 41.6607901], [2.4901128, 41.6632216], [2.4838803, 41.670226], [2.481295, 41.6699323], [2.4802842, 41.6715886], [2.4832792, 41.6758745], [2.4883165, 41.6783334], [2.4879408, 41.6799966], [2.4853966, 41.6788867], [2.4817902, 41.680239], [2.4796182, 41.6888485], [2.475001, 41.6931857], [2.4714835, 41.6944527], [2.4690724, 41.6983185], [2.4670336, 41.6989128], [2.4634785, 41.7029084], [2.4633214, 41.7038783], [2.4706912, 41.7083248], [2.4735496, 41.7074505], [2.4848945, 41.7148374], [2.4830504, 41.7175728], [2.4890712, 41.7164766], [2.4900069, 41.7182764], [2.4916564, 41.717467], [2.4953755, 41.7169923], [2.503278, 41.7115998], [2.504627, 41.712218], [2.5088856, 41.7110227], [2.5221805, 41.7053605], [2.5248546, 41.7072558], [2.5314423, 41.7085843], [2.5358956, 41.7117535], [2.5382247, 41.7160531], [2.5410592, 41.7158995], [2.5399971, 41.7197414], [2.5377124, 41.7201581], [2.5331737, 41.7240752], [2.5320297, 41.7276679], [2.5293249, 41.7300687], [2.5310325, 41.7304717], [2.5339285, 41.7288017], [2.5378968, 41.7217324], [2.5454988, 41.7204005], [2.547664, 41.719055], [2.5616898, 41.723119], [2.5693601, 41.7266502], [2.571976, 41.7260457], [2.5776929, 41.7243381], [2.5841918, 41.7255505], [2.590298, 41.7286104], [2.5989075, 41.727965], [2.6040506, 41.7272922], [2.6110755, 41.73054], [2.6209348, 41.731684], [2.6286734, 41.7308439], [2.6372487, 41.7332515], [2.638987, 41.7352801], [2.639752, 41.7428685], [2.642204, 41.7439886], [2.6474599, 41.7439988], [2.6566499, 41.7427353], [2.6564518, 41.7460582], [2.657951, 41.7476769], [2.664088, 41.747472], [2.6698151, 41.7453615], [2.6814776, 41.7395524], [2.6869349, 41.7412975], [2.6858968, 41.7456176], [2.6810883, 41.7443984], [2.6821026, 41.7482438], [2.6893289, 41.7463723], [2.6901246, 41.741499], [2.6945165, 41.7412804], [2.7009403, 41.7428343], [2.7033376, 41.7447843], [2.7077192, 41.740956], [2.7251601, 41.7442994], [2.7451043, 41.7349659], [2.7772164, 41.7354714], [2.7775852, 41.7310078], [2.7708814, 41.7282314], [2.769891, 41.7265785], [2.7661925, 41.7256769], [2.7746482, 41.7002242], [2.770212, 41.6873424], [2.758225, 41.6791121], [2.7535908, 41.6855666], [2.7426761, 41.6899038], [2.741836, 41.6889578], [2.7274106, 41.6928681], [2.7234901, 41.6923797], [2.7242483, 41.6895588], [2.7187705, 41.6867004], [2.7164687, 41.6828447], [2.6943457, 41.6708748], [2.6903261, 41.6723707], [2.6787285, 41.6696693], [2.6771439, 41.6683169], [2.6732541, 41.6680608], [2.6716353, 41.6661518], [2.6670728, 41.6643964], [2.6619569, 41.6651716], [2.6588629, 41.6639934], [2.6641699, 41.6575901], [2.6726359, 41.6555616], [2.682205, 41.6494622], [2.6775298, 41.6428847]]], [[[2.6942023, 41.6704582], [2.6951892, 41.669017], [2.6943969, 41.6698196], [2.6942023, 41.6704582]]]]}}, {"type": "Feature", "properties": {"Index": 895}, "geometry": {"type": "Polygon", "coordinates": [[[2.6556493, 41.6111107], [2.6397827, 41.6048167], [2.6359647, 41.61164], [2.6348104, 41.6168924], [2.6333863, 41.6201504], [2.6332394, 41.627428], [2.6286359, 41.6293917], [2.6285368, 41.6381582], [2.6325803, 41.6400707], [2.6497616, 41.6406957], [2.6490274, 41.6327351], [2.6582106, 41.6287018], [2.6623189, 41.6227357], [2.6670523, 41.6203349], [2.6710855, 41.614758], [2.6556493, 41.6111107]]]}}, {"type": "Feature", "properties": {"Index": 1023}, "geometry": {"type": "Polygon", "coordinates": [[[2.6983789, 41.622278], [2.6710855, 41.614758], [2.6670523, 41.6203349], [2.6623189, 41.6227357], [2.6582106, 41.6287018], [2.6490274, 41.6327351], [2.6497616, 41.6406957], [2.6325803, 41.6400707], [2.6285368, 41.6381582], [2.6294145, 41.6442269], [2.6274952, 41.6479493], [2.6343527, 41.6485367], [2.6378122, 41.6426423], [2.6715397, 41.6425603], [2.6775298, 41.6428847], [2.682205, 41.6494622], [2.6877477, 41.6434585], [2.6967329, 41.6371781], [2.6979759, 41.6313007], [2.7032352, 41.6246857], [2.6983789, 41.622278]]]}}, {"type": "Feature", "properties": {"Index": 1119}, "geometry": {"type": "Polygon", "coordinates": [[[2.7178006, 41.6284969], [2.7032352, 41.6246857], [2.6979759, 41.6313007], [2.6967329, 41.6371781], [2.6877477, 41.6434585], [2.682205, 41.6494622], [2.6726359, 41.6555616], [2.6641699, 41.6575901], [2.6588629, 41.6639934], [2.6619569, 41.6651716], [2.6670728, 41.6643964], [2.6716353, 41.6661518], [2.6732541, 41.6680608], [2.6771439, 41.6683169], [2.6787285, 41.6696693], [2.6903261, 41.6723707], [2.6943457, 41.6708748], [2.694233, 41.670547], [2.6942023, 41.6704582], [2.6943969, 41.6698196], [2.6951892, 41.669017], [2.704772, 41.6577711], [2.7097239, 41.6555274], [2.7094882, 41.6531437], [2.7153929, 41.6516615], [2.7160452, 41.6484582], [2.7281551, 41.6351086], [2.7178006, 41.6284969]]]}}, {"type": "Feature", "properties": {"Index": 970}, "geometry": {"type": "Polygon", "coordinates": [[[2.7452101, 41.6423998], [2.7281551, 41.6351086], [2.7160452, 41.6484582], [2.7153929, 41.6516615], [2.7179064, 41.6529217], [2.7247571, 41.6526246], [2.7341794, 41.6572315], [2.7388615, 41.6577711], [2.7401353, 41.6601993], [2.7431235, 41.6615175], [2.7512446, 41.6575526], [2.7656221, 41.6661279], [2.7713151, 41.66037], [2.7787259, 41.6488065], [2.7755157, 41.6475258], [2.7573337, 41.6455075], [2.7452101, 41.6423998]]]}}, {"type": "Feature", "properties": {"Index": 2473}, "geometry": {"type": "MultiPolygon", "coordinates": [[[[2.7865498, 41.6658854], [2.7787259, 41.6488065], [2.7713151, 41.66037], [2.7656221, 41.6661279], [2.7617836, 41.6692595], [2.758225, 41.6791121], [2.770212, 41.6873424], [2.7746482, 41.7002242], [2.7661925, 41.7256769], [2.769891, 41.7265785], [2.7708814, 41.7282314], [2.7775852, 41.7310078], [2.7818712, 41.7277669], [2.7854297, 41.7209777], [2.787045, 41.7108963], [2.790163, 41.7040491], [2.8065589, 41.6908668], [2.817091, 41.6864648], [2.8162851, 41.6825886], [2.8078805, 41.6787466], [2.8084816, 41.6767727], [2.8033589, 41.6756116], [2.8026827, 41.6727805], [2.8009342, 41.6737708], [2.7977753, 41.6720326], [2.8008659, 41.6739553], [2.798851, 41.6753179], [2.7960643, 41.674628], [2.797987, 41.6744948], [2.7964775, 41.6736172], [2.7956374, 41.6744265], [2.7933425, 41.6735967], [2.7916554, 41.6699289], [2.79129, 41.6706597], [2.7896029, 41.6699152], [2.7865498, 41.6658854]]], [[[2.8036185, 41.6729068], [2.8032394, 41.6728522], [2.8036526, 41.6733098], [2.8036185, 41.6729068]]]]}}, {"type": "Feature", "properties": {"Index": 2529}, "geometry": {"type": "Polygon", "coordinates": [[[2.7772164, 41.7354714], [2.7451043, 41.7349659], [2.7251601, 41.7442994], [2.7077192, 41.740956], [2.7033376, 41.7447843], [2.7009403, 41.7428343], [2.6945165, 41.7412804], [2.6901246, 41.741499], [2.6893289, 41.7463723], [2.6821026, 41.7482438], [2.6810883, 41.7443984], [2.6858968, 41.7456176], [2.6869349, 41.7412975], [2.6814776, 41.7395524], [2.6698151, 41.7453615], [2.664088, 41.747472], [2.657951, 41.7476769], [2.6564518, 41.7460582], [2.6566499, 41.7427353], [2.6474599, 41.7439988], [2.641521, 41.7500094], [2.6386455, 41.7505388], [2.6331233, 41.7529601], [2.6265732, 41.7587282], [2.6241758, 41.7655447], [2.6183838, 41.7690247], [2.6180183, 41.7749942], [2.6219389, 41.7804823], [2.6199649, 41.7829446], [2.6174105, 41.7835832], [2.6178817, 41.7878726], [2.626095, 41.8007372], [2.6207163, 41.8049446], [2.6154502, 41.8187416], [2.6081692, 41.8290381], [2.611697, 41.8300251], [2.6123527, 41.8320127], [2.6179295, 41.8345091], [2.6188004, 41.8362132], [2.6272323, 41.8342154], [2.6231342, 41.8385218], [2.6281236, 41.8503586], [2.6354729, 41.8508435], [2.6374912, 41.8501024], [2.6400013, 41.8515538], [2.6431398, 41.8503927], [2.6439457, 41.8483641], [2.6495192, 41.8494194], [2.6509638, 41.8480431], [2.649386, 41.8466805], [2.6574627, 41.8453008], [2.6603792, 41.843583], [2.6664785, 41.843542], [2.6699995, 41.8419608], [2.6694975, 41.8405026], [2.6721305, 41.8392561], [2.6785236, 41.8426302], [2.6807946, 41.8420462], [2.6941306, 41.845796], [2.7027434, 41.8500478], [2.7107313, 41.8466088], [2.712736, 41.8445085], [2.7130058, 41.8407792], [2.7193271, 41.8393449], [2.7179577, 41.8388019], [2.718446, 41.8371387], [2.7319186, 41.8327572], [2.7322498, 41.8295879], [2.7345619, 41.829185], [2.7324684, 41.8246361], [2.7324752, 41.8186392], [2.7295075, 41.8126593], [2.7259866, 41.8110986], [2.7192315, 41.8049822], [2.7074665, 41.7994736], [2.7034094, 41.7948428], [2.7134395, 41.7952253], [2.7175171, 41.7939958], [2.7199555, 41.790451], [2.7221173, 41.7914789], [2.720963, 41.7939105], [2.7222914, 41.7945115], [2.7244429, 41.7928552], [2.726895, 41.7955599], [2.7309931, 41.7936099], [2.7327109, 41.7898055], [2.735863, 41.7888732], [2.7384277, 41.7913457], [2.7453194, 41.7876882], [2.7429903, 41.792862], [2.7464874, 41.7958912], [2.7547417, 41.7914994], [2.7556706, 41.7887229], [2.7540381, 41.7809912], [2.7590173, 41.7744034], [2.7612303, 41.7675869], [2.7658339, 41.7638269], [2.7719845, 41.7630858], [2.7764992, 41.7599678], [2.7814579, 41.7474822], [2.7849038, 41.7473081], [2.7892409, 41.7447399], [2.7897122, 41.7389001], [2.7842515, 41.7383298], [2.7818882, 41.7363627], [2.7772164, 41.7354714]]]}}, {"type": "Feature", "properties": {"Index": 2651}, "geometry": {"type": "Polygon", "coordinates": [[[2.8087241, 41.7443199], [2.7897122, 41.7389001], [2.7892409, 41.7447399], [2.7849038, 41.7473081], [2.7814579, 41.7474822], [2.7764992, 41.7599678], [2.7719845, 41.7630858], [2.7658339, 41.7638269], [2.7612303, 41.7675869], [2.7590173, 41.7744034], [2.7540381, 41.7809912], [2.7556706, 41.7887229], [2.7547417, 41.7914994], [2.7464874, 41.7958912], [2.7429903, 41.792862], [2.7453194, 41.7876882], [2.7384277, 41.7913457], [2.735863, 41.7888732], [2.7327109, 41.7898055], [2.7309931, 41.7936099], [2.726895, 41.7955599], [2.7244429, 41.7928552], [2.7222914, 41.7945115], [2.720963, 41.7939105], [2.7221173, 41.7914789], [2.7199555, 41.790451], [2.7175171, 41.7939958], [2.7134395, 41.7952253], [2.7034094, 41.7948428], [2.7074665, 41.7994736], [2.7192315, 41.8049822], [2.7259866, 41.8110986], [2.7295075, 41.8126593], [2.7324752, 41.8186392], [2.7324684, 41.8246361], [2.7345619, 41.829185], [2.7322498, 41.8295879], [2.7319186, 41.8327572], [2.718446, 41.8371387], [2.7179577, 41.8388019], [2.7193271, 41.8393449], [2.7130058, 41.8407792], [2.712736, 41.8445085], [2.7107313, 41.8466088], [2.7027434, 41.8500478], [2.7007524, 41.8519022], [2.7024634, 41.8541937], [2.70246, 41.8595793], [2.7063771, 41.8628407], [2.7119369, 41.8649581], [2.7156149, 41.8644936], [2.7192383, 41.8654123], [2.7213318, 41.8682127], [2.7260105, 41.8697631], [2.7287255, 41.8681956], [2.73532, 41.8693499], [2.7367714, 41.8639131], [2.744551, 41.8600096], [2.7463166, 41.8579503], [2.7474573, 41.8597945], [2.7502371, 41.8576566], [2.7530307, 41.8572434], [2.7524535, 41.8544464], [2.7519276, 41.8512704], [2.7636619, 41.850543], [2.7641195, 41.8494843], [2.7576103, 41.8346525], [2.7594955, 41.8319409], [2.7590208, 41.8226553], [2.7610391, 41.8168736], [2.7637609, 41.8150089], [2.7685045, 41.8166413], [2.7711375, 41.8143498], [2.7742521, 41.8140732], [2.774778, 41.8121573], [2.7802866, 41.8114743], [2.7850882, 41.8070722], [2.7871646, 41.8062014], [2.7968224, 41.8076323], [2.8021022, 41.8070927], [2.8095778, 41.8032746], [2.8223981, 41.8048217], [2.8341665, 41.7997912], [2.8354881, 41.792261], [2.8714115, 41.7727471], [2.8831697, 41.7645885], [2.8865882, 41.7562385], [2.8701787, 41.7458567], [2.8492202, 41.7621603], [2.839535, 41.756382], [2.8087241, 41.7443199]]]}}, {"type": "Feature", "properties": {"Index": 10085}, "geometry": {"type": "Polygon", "coordinates": [[[2.8204686, 41.9400936], [2.8192596, 41.9392057], [2.8183375, 41.9406229], [2.8177877, 41.9410259], [2.8168281, 41.9422109], [2.8162885, 41.9428769], [2.8159197, 41.9432457], [2.8133105, 41.9437136], [2.8156567, 41.9485084], [2.8149464, 41.9483957], [2.8126377, 41.9480268], [2.8064598, 41.9494714], [2.8053465, 41.9495431], [2.8117703, 41.966342], [2.8153801, 41.9759282], [2.8154279, 41.978025], [2.816227, 41.9801595], [2.8166949, 41.9800604], [2.8170296, 41.9815255], [2.8198402, 41.9826798], [2.8199153, 41.9823417], [2.8217219, 41.9824442], [2.823146, 41.9821744], [2.8239724, 41.9800912], [2.8241569, 41.9787525], [2.8235456, 41.9766488], [2.8236651, 41.9760375], [2.824553, 41.9750676], [2.8270358, 41.9740089], [2.8288731, 41.9737118], [2.8297713, 41.9738996], [2.8314003, 41.9736127], [2.8331249, 41.9727999], [2.8350613, 41.9726428], [2.8359424, 41.9719803], [2.8367825, 41.9693302], [2.8390911, 41.9690741], [2.8402454, 41.9693336], [2.8425471, 41.9692926], [2.8469014, 41.9677285], [2.8360482, 41.9665811], [2.8355735, 41.9658195], [2.8347915, 41.965618], [2.8347163, 41.9644466], [2.8331112, 41.9642281], [2.8331659, 41.9613525], [2.8339377, 41.9588903], [2.8328005, 41.9584395], [2.8332718, 41.9559704], [2.8343987, 41.9541228], [2.8343578, 41.9534329], [2.8333913, 41.9529651], [2.8337362, 41.9507623], [2.8335962, 41.949065], [2.8314105, 41.9487952], [2.8299318, 41.9491675], [2.8282481, 41.9488055], [2.8272475, 41.9482796], [2.8265304, 41.9471457], [2.8268548, 41.9452982], [2.8264586, 41.9422963], [2.8214828, 41.9403668], [2.8204686, 41.9400936]]]}}, {"type": "Feature", "properties": {"Index": 2458}, "geometry": {"type": "Polygon", "coordinates": [[[2.6024558, 41.9771269], [2.6006321, 41.9757369], [2.5958783, 41.9793091], [2.5904312, 41.9793877], [2.5878016, 41.9818568], [2.5786525, 41.9855519], [2.5727342, 41.9853299], [2.5704973, 41.9883352], [2.5704358, 41.9892573], [2.5739534, 41.9910126], [2.5715184, 41.9962616], [2.5751043, 41.9979419], [2.5762483, 42.0042598], [2.5715935, 42.0073505], [2.5675432, 42.0079413], [2.5656957, 42.0093107], [2.5655557, 42.0119813], [2.5611809, 42.0123467], [2.5587699, 42.0140577], [2.5517382, 42.0253104], [2.5457549, 42.0296613], [2.5342836, 42.028425], [2.5341983, 42.0275849], [2.5155894, 42.0418873], [2.5116996, 42.0474402], [2.5046645, 42.0514052], [2.5030833, 42.0513095], [2.4966493, 42.0588945], [2.4957614, 42.060503], [2.500826, 42.0600795], [2.5034624, 42.0623745], [2.50406, 42.0657759], [2.5187279, 42.0585427], [2.5202681, 42.0566576], [2.5309881, 42.0637917], [2.5319067, 42.0743614], [2.5258586, 42.0719367], [2.5263982, 42.0707483], [2.5239291, 42.069471], [2.5211219, 42.074136], [2.5187245, 42.0735145], [2.5174745, 42.074843], [2.5203296, 42.0760007], [2.5204457, 42.0777697], [2.5285736, 42.0788352], [2.5319955, 42.0836846], [2.5317052, 42.0910442], [2.5340173, 42.0927586], [2.5346456, 42.0952243], [2.5321253, 42.0958595], [2.5309232, 42.0983115], [2.5302948, 42.1028706], [2.5277745, 42.1062857], [2.5285053, 42.1100594], [2.5334913, 42.1135906], [2.5460213, 42.1164217], [2.5459633, 42.1200076], [2.5481899, 42.1247341], [2.5514786, 42.1227909], [2.5531759, 42.1228729], [2.5557407, 42.1256083], [2.5618503, 42.1245463], [2.5656718, 42.1245428], [2.5688785, 42.1258269], [2.5734992, 42.125161], [2.5747798, 42.1222513], [2.5781061, 42.119929], [2.5942903, 42.1166915], [2.6050512, 42.1113469], [2.6094328, 42.1071634], [2.6131143, 42.107522], [2.6158805, 42.1064121], [2.6122468, 42.100183], [2.6142037, 42.0985301], [2.6174548, 42.0995956], [2.620163, 42.0955077], [2.6212866, 42.0959039], [2.6249032, 42.0934928], [2.6252276, 42.0919663], [2.6317846, 42.0893093], [2.6365691, 42.087933], [2.6435291, 42.0879296], [2.6489898, 42.0851941], [2.6663897, 42.085037], [2.6701395, 42.0860103], [2.6787524, 42.0840979], [2.6769663, 42.0810106], [2.6780489, 42.0709463], [2.6763482, 42.0602981], [2.6781342, 42.0546017], [2.6819352, 42.0522897], [2.6828437, 42.050145], [2.6863817, 42.0504216], [2.6860846, 42.0497693], [2.6913916, 42.0481984], [2.6893289, 42.0459444], [2.69021, 42.0421742], [2.6949502, 42.037516], [2.7088462, 42.0347907], [2.7145562, 42.030498], [2.7150207, 42.0270624], [2.7176845, 42.0247162], [2.7156286, 42.0163765], [2.7165575, 42.0148602], [2.7148943, 42.014225], [2.7143684, 42.0118755], [2.7144265, 42.004977], [2.707405, 42.003669], [2.70065, 41.9990108], [2.6979555, 41.9954796], [2.6939086, 41.9971666], [2.6909682, 41.9954591], [2.6892128, 41.9960704], [2.6857943, 41.9938813], [2.6841995, 41.9892778], [2.6825534, 41.9886767], [2.6754158, 41.9881849], [2.6719222, 41.9921943], [2.6654745, 41.989831], [2.6633571, 41.9922113], [2.6618647, 41.9918459], [2.6599147, 41.9952986], [2.6562298, 41.9947078], [2.6529411, 41.9919176], [2.6491196, 41.9911527], [2.6413605, 41.9841961], [2.6365589, 41.9844693], [2.627584, 41.9821744], [2.626317, 41.9842268], [2.6202791, 41.9878468], [2.6173012, 41.9883147], [2.6060655, 41.9859515], [2.6008677, 41.9836292], [2.5995495, 41.9795004], [2.6024558, 41.9771269]]]}}, {"type": "Feature", "properties": {"Index": 2595}, "geometry": {"type": "Polygon", "coordinates": [[[2.7269428, 41.9236841], [2.7171859, 41.9217579], [2.6996357, 41.9239026], [2.6980818, 41.9252413], [2.7027742, 41.9310846], [2.6985633, 41.9348412], [2.6977062, 41.9376381], [2.6877068, 41.9430135], [2.680559, 41.9489762], [2.6730321, 41.9484162], [2.6658194, 41.9520771], [2.6602118, 41.9589961], [2.6619125, 41.9621175], [2.6667586, 41.9653448], [2.6701463, 41.9647881], [2.6729843, 41.9659254], [2.6717139, 41.9721101], [2.6734385, 41.9740089], [2.6700951, 41.9764029], [2.668712, 41.9852685], [2.6654745, 41.989831], [2.6719222, 41.9921943], [2.6754158, 41.9881849], [2.6825534, 41.9886767], [2.6841995, 41.9892778], [2.6857943, 41.9938813], [2.6892128, 41.9960704], [2.6909682, 41.9954591], [2.6939086, 41.9971666], [2.6979555, 41.9954796], [2.70065, 41.9990108], [2.707405, 42.003669], [2.7144265, 42.004977], [2.7143684, 42.0118755], [2.7148943, 42.014225], [2.7165575, 42.0148602], [2.7156286, 42.0163765], [2.7176845, 42.0247162], [2.7150207, 42.0270624], [2.7145562, 42.030498], [2.7088462, 42.0347907], [2.6949502, 42.037516], [2.69021, 42.0421742], [2.6893289, 42.0459444], [2.6913916, 42.0481984], [2.6860846, 42.0497693], [2.6863817, 42.0504216], [2.6828437, 42.050145], [2.6819352, 42.0522897], [2.6781342, 42.0546017], [2.6763482, 42.0602981], [2.6780489, 42.0709463], [2.6769663, 42.0810106], [2.6787524, 42.0840979], [2.6812352, 42.0830733], [2.685685, 42.0844565], [2.6918151, 42.0927107], [2.7140747, 42.0925297], [2.7206693, 42.0900743], [2.7236814, 42.0863518], [2.732161, 42.0860172], [2.7296236, 42.0797607], [2.7389742, 42.0771755], [2.7421741, 42.0751332], [2.7487482, 42.0751708], [2.7531605, 42.0730705], [2.7580099, 42.0724217], [2.7671282, 42.0592155], [2.7663257, 42.0578221], [2.7793201, 42.0579246], [2.782018, 42.0546802], [2.7788249, 42.0527644], [2.7773871, 42.0497215], [2.7799963, 42.0438646], [2.7859454, 42.040108], [2.7873012, 42.0375092], [2.7905797, 42.0375399], [2.7995579, 42.0320621], [2.8022695, 42.0255256], [2.8015831, 42.0250202], [2.8047113, 42.0221344], [2.7998653, 42.0133508], [2.8055241, 42.002863], [2.8042708, 42.0010428], [2.7834284, 41.984179], [2.7863723, 41.9853572], [2.7983661, 41.984804], [2.7998824, 41.9827174], [2.8004117, 41.9751256], [2.8011596, 41.9700064], [2.8022422, 41.9697161], [2.7990252, 41.9609393], [2.7979836, 41.9582277], [2.7889985, 41.9609496], [2.7868914, 41.9634528], [2.7846237, 41.9635928], [2.7829435, 41.9654165], [2.7777526, 41.9636372], [2.7690441, 41.9614823], [2.7671043, 41.9588527], [2.7583002, 41.9536447], [2.7550797, 41.9493861], [2.7489804, 41.9378908], [2.7491614, 41.9297424], [2.7477475, 41.9259346], [2.7470406, 41.9268157], [2.7452033, 41.9244593], [2.7398279, 41.9236601], [2.7269428, 41.9236841]]]}}, {"type": "Feature", "properties": {"Index": 2624}, "geometry": {"type": "Polygon", "coordinates": [[[2.8199563, 42.0012989], [2.8129724, 41.9980238], [2.8091783, 42.0023986], [2.8042708, 42.0010428], [2.8055241, 42.002863], [2.7998653, 42.0133508], [2.8047113, 42.0221344], [2.8015831, 42.0250202], [2.8022695, 42.0255256], [2.8073444, 42.0255734], [2.8120572, 42.0235073], [2.8145946, 42.0242039], [2.822965, 42.0222573], [2.8233646, 42.0204303], [2.8278691, 42.0204508], [2.8270119, 42.0148432], [2.8199358, 42.0107655], [2.817634, 42.0077876], [2.8199563, 42.0012989]]]}}, {"type": "Feature", "properties": {"Index": 10087}, "geometry": {"type": "MultiPolygon", "coordinates": [[[[2.7996228, 41.9832945], [2.7998824, 41.9827174], [2.7983661, 41.984804], [2.7863723, 41.9853572], [2.7834284, 41.984179], [2.7834387, 41.9841859], [2.7953676, 41.9938369], [2.7996433, 41.9972998], [2.8010059, 41.9981673], [2.8024266, 41.9995504], [2.802594, 41.999687], [2.8042708, 42.0010428], [2.8091783, 42.0023986], [2.8093319, 42.002221], [2.8129724, 41.9980238], [2.8199563, 42.0012989], [2.8199563, 42.0013023], [2.8195704, 42.0023781], [2.8200895, 42.0025522], [2.821237, 42.0010155], [2.8228045, 41.9981741], [2.8233919, 41.9976311], [2.8239588, 41.9945131], [2.8237231, 41.993451], [2.8225962, 41.9919586], [2.8208784, 41.9910024], [2.8160563, 41.9896808], [2.8133105, 41.9887279], [2.812566, 41.9882737], [2.8100696, 41.9859925], [2.8095915, 41.9857602], [2.8003844, 41.9833901], [2.7996228, 41.9832945]]], [[[2.8015967, 41.9721921], [2.8011596, 41.9700064], [2.8004117, 41.9751256], [2.8002956, 41.9767717], [2.8003844, 41.9763892], [2.8013953, 41.9742923], [2.8009206, 41.9729673], [2.8015967, 41.9721921]]], [[[2.7829435, 41.9654165], [2.7846237, 41.9635928], [2.783589, 41.964269], [2.7829435, 41.9654165]]], [[[2.8003776, 41.963265], [2.7997663, 41.9629611], [2.800562, 41.9651296], [2.8003776, 41.963265]]], [[[2.7889985, 41.9609496], [2.79658, 41.9586512], [2.7949612, 41.9589961], [2.7904089, 41.9603417], [2.7884008, 41.9612057], [2.7868914, 41.9634528], [2.7889985, 41.9609496]]]]}}, {"type": "Feature", "properties": {"Index": 10084}, "geometry": {"type": "Polygon", "coordinates": [[[2.8036117, 41.9486621], [2.8034682, 41.9485562], [2.8022183, 41.9493451], [2.8031438, 41.950875], [2.8032838, 41.9520806], [2.8044313, 41.9537881], [2.8050255, 41.9539281], [2.8050118, 41.9551166], [2.8033965, 41.9560045], [2.803598, 41.9562948], [2.8007601, 41.9578862], [2.800381, 41.9575174], [2.7983353, 41.958197], [2.7991311, 41.9603383], [2.7988715, 41.9605363], [2.7988715, 41.9605398], [2.7990252, 41.9609393], [2.7997663, 41.9629611], [2.8003776, 41.963265], [2.800562, 41.9651296], [2.8022422, 41.9697161], [2.8013782, 41.9699483], [2.8011596, 41.9700064], [2.8015967, 41.9721921], [2.8009206, 41.9729673], [2.8013953, 41.9742923], [2.8003844, 41.9763892], [2.8002956, 41.9767717], [2.7998824, 41.9827174], [2.7996228, 41.9832945], [2.8003844, 41.9833901], [2.8095915, 41.9857602], [2.8100696, 41.9859925], [2.812566, 41.9882737], [2.8133105, 41.9887279], [2.8160563, 41.9896808], [2.8208784, 41.9910024], [2.8225962, 41.9919586], [2.8237231, 41.993451], [2.8239588, 41.9945131], [2.8233919, 41.9976311], [2.8228045, 41.9981741], [2.821237, 42.0010155], [2.8200895, 42.0025522], [2.8192528, 42.003266], [2.817634, 42.0077876], [2.8177023, 42.0078764], [2.8199358, 42.0107655], [2.820069, 42.0108441], [2.8239656, 42.0130434], [2.82596, 42.0139689], [2.8270119, 42.0148432], [2.8277188, 42.0158984], [2.8282413, 42.017483], [2.8278691, 42.0204508], [2.8310998, 42.0272365], [2.8314037, 42.0273151], [2.8387154, 42.0292036], [2.839897, 42.0294939], [2.8441215, 42.0293539], [2.8470585, 42.0291456], [2.8473898, 42.0291217], [2.8507639, 42.025389], [2.8516381, 42.0240503], [2.8506717, 42.023719], [2.8498384, 42.0220251], [2.8490085, 42.0213353], [2.8489709, 42.0203107], [2.8494764, 42.0195048], [2.8494798, 42.0194979], [2.8491178, 42.0190164], [2.8497393, 42.0169639], [2.8498725, 42.0156969], [2.8492954, 42.0139621], [2.8484314, 42.0133508], [2.8473863, 42.0117081], [2.8458461, 42.0100689], [2.8470448, 42.0079686], [2.8476664, 42.0076954], [2.85088, 42.0064318], [2.8526012, 42.0065957], [2.8526422, 42.0065855], [2.8582258, 42.0050555], [2.8622557, 42.0074563], [2.8626894, 42.0069509], [2.8622625, 42.004615], [2.8610399, 42.0007593], [2.8617161, 42.0001139], [2.8632563, 41.9995265], [2.8638129, 41.9989083], [2.8648272, 41.9985156], [2.865722, 41.9976755], [2.8659064, 41.9968866], [2.864998, 41.9938438], [2.8678052, 41.9911766], [2.8709915, 41.9913678], [2.8751613, 41.9918425], [2.8832448, 41.9911595], [2.8883641, 41.9899847], [2.892609, 41.9887211], [2.8964203, 41.9875873], [2.8965842, 41.9875395], [2.8969291, 41.9865662], [2.8978819, 41.9849884], [2.8985991, 41.9843839], [2.8669002, 41.9681076], [2.8663572, 41.9675885], [2.8617639, 41.9686711], [2.8582019, 41.9689067], [2.8581336, 41.968917], [2.8469014, 41.9677285], [2.8425471, 41.9692926], [2.8402454, 41.9693336], [2.8390911, 41.9690741], [2.8367825, 41.9693302], [2.8359424, 41.9719803], [2.8350613, 41.9726428], [2.8331249, 41.9727999], [2.8314003, 41.9736127], [2.8297713, 41.9738996], [2.8288731, 41.9737118], [2.8270358, 41.9740089], [2.824553, 41.9750676], [2.8236651, 41.9760375], [2.8235456, 41.9766488], [2.8241569, 41.9787525], [2.8239724, 41.9800912], [2.823146, 41.9821744], [2.8217219, 41.9824442], [2.8199153, 41.9823417], [2.8198402, 41.9826798], [2.8170296, 41.9815255], [2.8166949, 41.9800604], [2.816227, 41.9801595], [2.8154279, 41.978025], [2.8153801, 41.9759282], [2.8117703, 41.966342], [2.8053465, 41.9495431], [2.8053329, 41.9495363], [2.8036117, 41.9486621]]]}}, {"type": "Feature", "properties": {"Index": 2466}, "geometry": {"type": "Polygon", "coordinates": [[[2.7794055, 42.1083485], [2.7717898, 42.1057154], [2.7502337, 42.1099638], [2.7487413, 42.1110805], [2.7470509, 42.1188635], [2.7529214, 42.1233202], [2.7530034, 42.1256835], [2.7557457, 42.1278965], [2.7521906, 42.1313799], [2.7520506, 42.1367791], [2.7656665, 42.1428238], [2.768385, 42.1440123], [2.7697168, 42.1426941], [2.7715849, 42.1377114], [2.7732344, 42.1377524], [2.7765231, 42.1350921], [2.7769637, 42.13236], [2.7844974, 42.1266773], [2.7916827, 42.1236583], [2.7962692, 42.1247409], [2.8019997, 42.1244677], [2.8059134, 42.1176819], [2.8052543, 42.1142122], [2.7987588, 42.1144239], [2.79115, 42.1137033], [2.7905045, 42.1149874], [2.7869665, 42.115165], [2.7794055, 42.1083485]]]}}, {"type": "Feature", "properties": {"Index": 2650}, "geometry": {"type": "Polygon", "coordinates": [[[2.3100383, 42.1097043], [2.2952817, 42.1026657], [2.2943425, 42.1057427], [2.3010498, 42.1094754], [2.3037716, 42.1124158], [2.3012512, 42.1155304], [2.2989256, 42.1156055], [2.2986489, 42.1170843], [2.3019035, 42.1190036], [2.3004111, 42.1219713], [2.3024943, 42.1224152], [2.3015757, 42.1260421], [2.3032286, 42.1272954], [2.3012922, 42.1278726], [2.2999091, 42.1341837], [2.2976825, 42.1322814], [2.2939942, 42.1318477], [2.2919383, 42.1292693], [2.2870103, 42.1336919], [2.2798864, 42.1338251], [2.2767992, 42.1378651], [2.2812081, 42.1406928], [2.2861565, 42.1399893], [2.2925496, 42.148469], [2.2972931, 42.1515084], [2.2946089, 42.1516792], [2.293738, 42.150378], [2.2899097, 42.1498521], [2.288752, 42.1486295], [2.2882807, 42.1500707], [2.2776495, 42.1498248], [2.2888988, 42.1541415], [2.2913406, 42.1567096], [2.2818398, 42.1572663], [2.2822804, 42.1606472], [2.2769426, 42.1577444], [2.2775095, 42.161921], [2.2727318, 42.1628192], [2.2682307, 42.1620986], [2.2664104, 42.1639462], [2.2520056, 42.18095], [2.2541332, 42.1829478], [2.257497, 42.1909596], [2.2571521, 42.1921993], [2.2538839, 42.1936473], [2.259331, 42.1981484], [2.260195, 42.2037286], [2.236081, 42.2108389], [2.2322151, 42.2157942], [2.2349472, 42.2178944], [2.2357019, 42.2201552], [2.2320068, 42.2250969], [2.2288307, 42.2327057], [2.23256, 42.2350109], [2.2322834, 42.2362198], [2.2358658, 42.2367492], [2.2389189, 42.2342425], [2.243017, 42.2351885], [2.2477709, 42.2387402], [2.2557895, 42.2390031], [2.2595598, 42.2442692], [2.2645902, 42.2469159], [2.2671925, 42.2468613], [2.2677628, 42.249508], [2.2717619, 42.2493406], [2.2754092, 42.2506759], [2.272865, 42.2523971], [2.2719907, 42.2561469], [2.273005, 42.257694], [2.2744871, 42.2580389], [2.2798181, 42.2554058], [2.2828439, 42.255078], [2.2936766, 42.2582609], [2.2964155, 42.2569529], [2.3008688, 42.2606105], [2.3093621, 42.2635987], [2.3170631, 42.2707157], [2.3229849, 42.2723823], [2.3277592, 42.2709172], [2.3338039, 42.2745884], [2.3412898, 42.2745099], [2.343134, 42.2777098], [2.3608242, 42.2840107], [2.3659912, 42.2877229], [2.3699459, 42.2860427], [2.3723023, 42.2784031], [2.3696761, 42.2741991], [2.3700791, 42.2679666], [2.3754578, 42.2650842], [2.3823597, 42.2557849], [2.3853172, 42.2556449], [2.3851225, 42.2545111], [2.3777118, 42.251738], [2.3729819, 42.2522196], [2.3704957, 42.2485278], [2.3648027, 42.2491016], [2.3606636, 42.2454508], [2.3512243, 42.2448942], [2.3445137, 42.2410317], [2.3453504, 42.2343381], [2.3434721, 42.2317256], [2.3480551, 42.2277846], [2.3556025, 42.2275148], [2.3589527, 42.2258516], [2.3613774, 42.2278904], [2.368836, 42.2278734], [2.369939, 42.2289935], [2.3741635, 42.2296868], [2.3760828, 42.2248851], [2.370202, 42.2164225], [2.3674358, 42.2153809], [2.3653765, 42.2039643], [2.377442, 42.2042887], [2.3890738, 42.2031003], [2.3924274, 42.2018435], [2.3998962, 42.202086], [2.4088131, 42.1980391], [2.4164526, 42.1990363], [2.431602, 42.1979571], [2.443104, 42.1993539], [2.4467411, 42.1980015], [2.4581783, 42.1983669], [2.4611426, 42.2012937], [2.4628945, 42.2015259], [2.4685704, 42.1992822], [2.4718591, 42.199774], [2.4812711, 42.1948118], [2.4845428, 42.1966526], [2.4852804, 42.1960891], [2.4871997, 42.1979776], [2.4884053, 42.1969463], [2.4902767, 42.1977215], [2.4912534, 42.1988997], [2.4902392, 42.2017206], [2.4928551, 42.2060782], [2.4948393, 42.2056035], [2.498029, 42.202687], [2.4995419, 42.2033086], [2.5018949, 42.1997535], [2.5008396, 42.1980493], [2.503377, 42.1958842], [2.5091178, 42.1948084], [2.5100911, 42.192913], [2.5120616, 42.1922164], [2.515849, 42.1925818], [2.5181166, 42.1894672], [2.5158353, 42.1871723], [2.5166686, 42.1838016], [2.5331157, 42.1783716], [2.5361414, 42.1796386], [2.5494467, 42.1719444], [2.5437605, 42.1675286], [2.5439586, 42.1554221], [2.5365957, 42.1541107], [2.5312305, 42.1569453], [2.5251141, 42.1566106], [2.5177819, 42.1543737], [2.5158011, 42.1552445], [2.5155757, 42.1571263], [2.5165593, 42.1571707], [2.51088, 42.1609819], [2.4989203, 42.1545274], [2.4963146, 42.1498623], [2.4948017, 42.1443094], [2.4986096, 42.1364649], [2.4926639, 42.1348393], [2.4851063, 42.1362669], [2.4816912, 42.136762], [2.4703599, 42.1289586], [2.464585, 42.1315574], [2.4539094, 42.1337055], [2.4529122, 42.135034], [2.4550637, 42.1373973], [2.4543977, 42.1390843], [2.4593872, 42.1397127], [2.4579631, 42.1414339], [2.4586598, 42.1479636], [2.461928, 42.1496916], [2.4609752, 42.153076], [2.4619793, 42.1553402], [2.4588988, 42.156795], [2.458612, 42.16104], [2.4550261, 42.1632461], [2.4532742, 42.167351], [2.4548246, 42.1700421], [2.4514164, 42.1769475], [2.4532264, 42.1819574], [2.4479398, 42.1867556], [2.4479432, 42.1881934], [2.4458566, 42.1885929], [2.4449482, 42.1863117], [2.4430528, 42.1869503], [2.4410003, 42.1846109], [2.4392655, 42.187384], [2.4378175, 42.1859053], [2.4339482, 42.1863765], [2.429471, 42.1818618], [2.4131946, 42.1771148], [2.408895, 42.177931], [2.4070884, 42.1771865], [2.3953303, 42.1671837], [2.3899788, 42.1692635], [2.385908, 42.1667807], [2.3845044, 42.1632564], [2.3829608, 42.163714], [2.3814001, 42.1624367], [2.3799179, 42.1649468], [2.3773054, 42.1640896], [2.3756115, 42.1663743], [2.3751436, 42.1632905], [2.3723194, 42.1616752], [2.3584985, 42.1593529], [2.3578564, 42.1549099], [2.3491309, 42.1478816], [2.3512892, 42.1377422], [2.3683408, 42.1291396], [2.3743138, 42.1287161], [2.3813625, 42.1235661], [2.3743308, 42.1167769], [2.3696966, 42.1161759], [2.3663839, 42.1213361], [2.3576276, 42.120151], [2.356306, 42.1191163], [2.3534407, 42.1204037], [2.3516171, 42.1194543], [2.34784, 42.1212678], [2.3423451, 42.1202023], [2.34102, 42.118119], [2.3371473, 42.11649], [2.3202426, 42.1159026], [2.3190405, 42.1135462], [2.3165338, 42.1142019], [2.3161752, 42.1133891], [2.3186409, 42.113256], [2.3173534, 42.1108415], [2.3100383, 42.1097043]]]}}, {"type": "Feature", "properties": {"Index": 2507}, "geometry": {"type": "Polygon", "coordinates": [[[2.9532577, 42.3026298], [2.9454508, 42.3020287], [2.9412058, 42.3036714], [2.9406321, 42.3054472], [2.9300009, 42.3085755], [2.9282865, 42.3100679], [2.9258208, 42.3093951], [2.9221837, 42.3107987], [2.9176451, 42.3100269], [2.9154389, 42.3120759], [2.9165283, 42.3132336], [2.9145612, 42.313319], [2.91089, 42.3165873], [2.9065563, 42.3173352], [2.9031241, 42.3165497], [2.899388, 42.3196472], [2.9002793, 42.3256612], [2.8925612, 42.3276078], [2.889573, 42.3271502], [2.8767835, 42.3323104], [2.8722482, 42.3363675], [2.8746422, 42.3390005], [2.8730474, 42.3408891], [2.8697415, 42.3395401], [2.8597763, 42.346524], [2.8530861, 42.3476578], [2.8433326, 42.3453389], [2.8372572, 42.3395026], [2.8336577, 42.3391713], [2.8272475, 42.3412101], [2.8243686, 42.342501], [2.8155542, 42.3413911], [2.8013065, 42.3430884], [2.7994896, 42.3445501], [2.7935713, 42.3459127], [2.7897976, 42.3506563], [2.7846306, 42.353081], [2.7818268, 42.3540065], [2.7791391, 42.3531424], [2.7758538, 42.3568717], [2.7780565, 42.3602185], [2.7764412, 42.3623359], [2.777592, 42.3645523], [2.7822776, 42.3637497], [2.7870075, 42.3687119], [2.7881105, 42.373049], [2.7922906, 42.3692924], [2.7961907, 42.3710273], [2.7914676, 42.3838066], [2.7909758, 42.3909714], [2.7922121, 42.3935635], [2.7894014, 42.3978733], [2.7905592, 42.3994887], [2.7925604, 42.4015412], [2.7976933, 42.4024223], [2.7997014, 42.4017973], [2.8048889, 42.3957662], [2.8083313, 42.3941509], [2.8116508, 42.3943148], [2.8134266, 42.3957799], [2.8213121, 42.3943797], [2.8215648, 42.3986793], [2.8180097, 42.4045943], [2.8129793, 42.4093139], [2.8014294, 42.4078693], [2.7998277, 42.4102531], [2.7966312, 42.411182], [2.7932537, 42.4181385], [2.7996775, 42.4182273], [2.8008693, 42.4236334], [2.8038336, 42.4286297], [2.8072624, 42.4310032], [2.8100081, 42.4311261], [2.8129724, 42.4358526], [2.8181087, 42.4398585], [2.8194406, 42.4404459], [2.825236, 42.4387213], [2.8278691, 42.4391994], [2.8338489, 42.4482118], [2.8331215, 42.452812], [2.8386369, 42.4586245], [2.8402351, 42.4592084], [2.8439815, 42.4583513], [2.853414, 42.4547961], [2.8617844, 42.4552606], [2.8648272, 42.4592255], [2.8638949, 42.4640442], [2.8701958, 42.4674388], [2.8763737, 42.4656459], [2.8825686, 42.460554], [2.886175, 42.4599905], [2.8896891, 42.4619166], [2.893473, 42.4615785], [2.9053644, 42.4570638], [2.9112759, 42.4575077], [2.9187755, 42.4561895], [2.9250661, 42.4588533], [2.925271, 42.464092], [2.9321934, 42.4745251], [2.9358475, 42.4749725], [2.9393173, 42.4777183], [2.9449863, 42.4795317], [2.9474247, 42.4823935], [2.9506383, 42.4784628], [2.9560239, 42.4760312], [2.9609656, 42.4735211], [2.9679187, 42.4654786], [2.9765452, 42.4675857], [2.9817123, 42.4670119], [2.9844375, 42.463894], [2.9884058, 42.4547927], [2.9882317, 42.4497896], [2.980756, 42.4454559], [2.9788641, 42.4418188], [2.9747386, 42.440504], [2.9710776, 42.4354735], [2.9635132, 42.4359517], [2.9560717, 42.4330796], [2.952701, 42.4306104], [2.9470456, 42.4291488], [2.9455566, 42.430747], [2.9420698, 42.4312627], [2.9339043, 42.4401112], [2.9265755, 42.442536], [2.9258174, 42.4451963], [2.9192877, 42.4508073], [2.9140456, 42.4455173], [2.9102446, 42.4456676], [2.9076628, 42.4444689], [2.9023181, 42.4397322], [2.9031651, 42.4383832], [2.9018639, 42.4361907], [2.9034656, 42.4342441], [2.9023899, 42.432598], [2.9048965, 42.4196173], [2.9080487, 42.4118103], [2.9131679, 42.4037576], [2.9179217, 42.3990379], [2.9045038, 42.3892536], [2.8964783, 42.3862757], [2.8941663, 42.3839295], [2.8879986, 42.3839124], [2.8845528, 42.3849916], [2.8664835, 42.3820956], [2.856549, 42.3836392], [2.8499477, 42.379145], [2.8505999, 42.3766178], [2.8489163, 42.3762524], [2.8486089, 42.3745517], [2.8527241, 42.3733769], [2.8545205, 42.3691968], [2.8590011, 42.3673731], [2.8587176, 42.3649962], [2.8619483, 42.3640912], [2.8658415, 42.3609562], [2.8719614, 42.3664306], [2.8791092, 42.3629028], [2.886776, 42.3610313], [2.8872268, 42.36209], [2.8965944, 42.3631077], [2.9008223, 42.361062], [2.9023215, 42.3562433], [2.909302, 42.3549456], [2.9139943, 42.3523092], [2.9164395, 42.3478798], [2.9332316, 42.3388332], [2.9427631, 42.3310843], [2.9441326, 42.3311902], [2.942162, 42.3287109], [2.9420937, 42.3165429], [2.9532577, 42.3026298]]]}}, {"type": "Feature", "properties": {"Index": 2592}, "geometry": {"type": "Polygon", "coordinates": [[[3.2218617, 42.2341196], [3.2193345, 42.2323198], [3.2127297, 42.2372273], [3.2081877, 42.2373366], [3.2093044, 42.2399321], [3.1994006, 42.2433164], [3.1983795, 42.2463695], [3.1968427, 42.2471174], [3.1925807, 42.245567], [3.1824515, 42.2454133], [3.181386, 42.248019], [3.1824857, 42.249829], [3.1789032, 42.250997], [3.181847, 42.2513692], [3.1818505, 42.2553375], [3.1785583, 42.255399], [3.1815329, 42.2563177], [3.1815704, 42.2573149], [3.1788622, 42.2605217], [3.1755394, 42.2615462], [3.1739582, 42.2639538], [3.1669811, 42.2647359], [3.1619951, 42.2639538], [3.1532285, 42.260788], [3.1511692, 42.2595415], [3.1514288, 42.2573764], [3.1510292, 42.2583701], [3.1448582, 42.2636601], [3.13853, 42.2663956], [3.1366927, 42.2683115], [3.137222, 42.2705176], [3.1324545, 42.2698278], [3.1317408, 42.2701078], [3.1336361, 42.2727716], [3.1384992, 42.2759032], [3.1431301, 42.2829725], [3.1479044, 42.2864593], [3.149612, 42.2892768], [3.1597787, 42.2956766], [3.1623264, 42.2991566], [3.1655809, 42.2987229], [3.1711066, 42.3051194], [3.174689, 42.3073733], [3.1784285, 42.3055975], [3.1789749, 42.3028859], [3.1799141, 42.3019536], [3.1875776, 42.3029166], [3.1931612, 42.3019912], [3.1963441, 42.3008095], [3.197413, 42.2986102], [3.2021839, 42.2988015], [3.2046838, 42.2967217], [3.2064186, 42.2971042], [3.2110427, 42.2897788], [3.2143451, 42.2887235], [3.2382132, 42.2986136], [3.2384317, 42.2924972], [3.2447189, 42.2841507], [3.2416897, 42.2775493], [3.2494079, 42.2743357], [3.250289, 42.2727306], [3.2509788, 42.2711255], [3.2478608, 42.2686598], [3.2502206, 42.2581174], [3.2547422, 42.2555664], [3.2548208, 42.2531929], [3.2539738, 42.2521069], [3.2567845, 42.2485688], [3.2529869, 42.2464173], [3.2550803, 42.2439721], [3.2575802, 42.2431593], [3.2631468, 42.2441941], [3.2669034, 42.2433574], [3.265469, 42.2409805], [3.2663365, 42.2387265], [3.2649465, 42.2376781], [3.2620608, 42.2370361], [3.2598171, 42.2388495], [3.2550086, 42.2388529], [3.2497289, 42.2404477], [3.2439642, 42.249648], [3.2393197, 42.2509355], [3.2375063, 42.2475409], [3.2325134, 42.2492382], [3.2298428, 42.2515229], [3.2276776, 42.2507067], [3.2272029, 42.2490948], [3.231383, 42.2450581], [3.2297369, 42.2437262], [3.2268068, 42.2436169], [3.2296481, 42.2404819], [3.2255568, 42.2397681], [3.2269399, 42.2375961], [3.2215065, 42.2366501], [3.2218617, 42.2341196]]]}}, {"type": "Feature", "properties": {"Index": 2502}, "geometry": {"type": "Polygon", "coordinates": [[[3.0935566, 42.310867], [3.0916441, 42.3081622], [3.090985, 42.3106109], [3.0877851, 42.3128682], [3.0865454, 42.3125916], [3.0840797, 42.3152076], [3.0800431, 42.3160887], [3.0768329, 42.3201595], [3.0762421, 42.3236019], [3.0784755, 42.3240936], [3.0792405, 42.3300052], [3.0837997, 42.3337379], [3.0829869, 42.3366544], [3.0859239, 42.3441505], [3.0894721, 42.3481018], [3.0943523, 42.3491263], [3.0965551, 42.3531971], [3.0909304, 42.361004], [3.0910055, 42.3644293], [3.0917124, 42.3670829], [3.0868254, 42.3727519], [3.0836255, 42.3750844], [3.0796879, 42.3820615], [3.0770583, 42.3913949], [3.0782638, 42.3956945], [3.0856507, 42.3957082], [3.088673, 42.3944651], [3.0932629, 42.3975592], [3.0855243, 42.416308], [3.0855175, 42.4203788], [3.0874641, 42.4229026], [3.0862141, 42.4257952], [3.0960086, 42.4249414], [3.1029891, 42.4265123], [3.1047001, 42.426123], [3.1103862, 42.4244974], [3.1135998, 42.419204], [3.1333185, 42.4199553], [3.1387178, 42.4185381], [3.1422934, 42.4154679], [3.1577092, 42.417336], [3.1650072, 42.4198768], [3.1692658, 42.4200612], [3.1711919, 42.415707], [3.1666225, 42.4144536], [3.1649935, 42.4130739], [3.1660761, 42.4114654], [3.1622751, 42.4112469], [3.1617799, 42.4091602], [3.1588464, 42.408245], [3.1591401, 42.4075107], [3.1569066, 42.4076508], [3.1560153, 42.406114], [3.1583614, 42.4039249], [3.1606803, 42.4049084], [3.1635524, 42.4042288], [3.1646589, 42.4018758], [3.1668582, 42.4012782], [3.1532251, 42.3940211], [3.1538057, 42.3913881], [3.1597275, 42.389018], [3.1631665, 42.3917467], [3.1673568, 42.3894244], [3.1632928, 42.3866274], [3.1632143, 42.3849404], [3.1598538, 42.384995], [3.155421, 42.3787625], [3.1591572, 42.3763992], [3.1594304, 42.3719938], [3.1633577, 42.3714473], [3.1649355, 42.3735306], [3.1650448, 42.3713107], [3.1665269, 42.3709692], [3.167367, 42.367882], [3.1636753, 42.3650304], [3.163566, 42.3632989], [3.1653931, 42.3628686], [3.1632826, 42.3605225], [3.1679135, 42.3592384], [3.1691531, 42.3579099], [3.1716325, 42.3579304], [3.1725409, 42.3558028], [3.1751808, 42.3547612], [3.1716086, 42.350144], [3.1675993, 42.3473914], [3.1651097, 42.3422859], [3.1611003, 42.3426035], [3.1544136, 42.3406056], [3.1502472, 42.3428015], [3.1463198, 42.3426069], [3.1410401, 42.3447994], [3.1325536, 42.3421492], [3.1349475, 42.3378257], [3.1298488, 42.3315932], [3.1326765, 42.3299915], [3.1305728, 42.3283318], [3.1191527, 42.3246571], [3.1096451, 42.3256817], [3.1069643, 42.3236633], [3.1038599, 42.3168263], [3.0985904, 42.3126258], [3.0996935, 42.3121169], [3.0935566, 42.310867]]]}}, {"type": "Feature", "properties": {"Index": 2511}, "geometry": {"type": "Polygon", "coordinates": [[[3.0500517, 42.262277], [3.0468449, 42.2596747], [3.0416233, 42.2608154], [3.0300666, 42.2742606], [3.0264124, 42.2802985], [3.0202516, 42.2802712], [3.0194354, 42.2817635], [3.0166862, 42.282672], [3.0155661, 42.2809678], [3.0127555, 42.2830237], [3.0081895, 42.2822997], [3.0047061, 42.2859505], [3.0024077, 42.2857387], [3.0014993, 42.2843283], [3.0009187, 42.285626], [2.9990302, 42.2853938], [3.0002221, 42.2839185], [2.9966601, 42.2825183], [2.9965918, 42.2844751], [2.9921351, 42.2828905], [2.9905608, 42.289024], [2.99429, 42.2913839], [2.9949628, 42.2962811], [2.9938666, 42.2989142], [2.9966021, 42.3043237], [2.9961513, 42.3074724], [2.9874496, 42.3112597], [2.9883751, 42.312677], [2.9872037, 42.3138996], [2.9904242, 42.3153715], [2.9843453, 42.3173557], [2.9845639, 42.3186671], [2.9773853, 42.3221026], [2.9741342, 42.3353874], [2.9796461, 42.3328943], [2.9871627, 42.3353635], [2.9880575, 42.3405817], [2.9927123, 42.3453424], [3.0013866, 42.3494063], [3.0049144, 42.3544607], [3.008169, 42.3564858], [3.0143367, 42.3533439], [3.0074552, 42.3702418], [3.0049622, 42.3717137], [2.9987263, 42.3705902], [2.9931596, 42.3772564], [2.9888191, 42.3816516], [2.9806877, 42.4028457], [2.9826343, 42.407603], [2.9716992, 42.4159904], [2.9710776, 42.4354735], [2.9747386, 42.440504], [2.9788641, 42.4418188], [2.980756, 42.4454559], [2.9882317, 42.4497896], [2.9884058, 42.4547927], [2.9844375, 42.463894], [2.9817123, 42.4670119], [2.98092, 42.4684292], [2.9834437, 42.4718067], [2.9889488, 42.4739582], [3.0008709, 42.472862], [3.0135819, 42.4663528], [3.0231681, 42.4719604], [3.0275667, 42.4723019], [3.0307189, 42.4742349], [3.0340486, 42.4747061], [3.0412852, 42.4725854], [3.045875, 42.4614419], [3.0475314, 42.4570808], [3.051469, 42.4544239], [3.0586031, 42.4457359], [3.0670999, 42.4427272], [3.071338, 42.4356716], [3.0769729, 42.4353984], [3.0787624, 42.4306651], [3.0862141, 42.4257952], [3.0874641, 42.4229026], [3.0855175, 42.4203788], [3.0855243, 42.416308], [3.0932629, 42.3975592], [3.088673, 42.3944651], [3.0856507, 42.3957082], [3.0782638, 42.3956945], [3.0770583, 42.3913949], [3.0796879, 42.3820615], [3.0836255, 42.3750844], [3.0868254, 42.3727519], [3.0917124, 42.3670829], [3.0910055, 42.3644293], [3.0909304, 42.361004], [3.0965551, 42.3531971], [3.0943523, 42.3491263], [3.0894721, 42.3481018], [3.0859239, 42.3441505], [3.0829869, 42.3366544], [3.0837997, 42.3337379], [3.0792405, 42.3300052], [3.0784755, 42.3240936], [3.0762421, 42.3236019], [3.0768329, 42.3201595], [3.0800431, 42.3160887], [3.0840797, 42.3152076], [3.0865454, 42.3125916], [3.0877851, 42.3128682], [3.090985, 42.3106109], [3.0916441, 42.3081622], [3.0935566, 42.310867], [3.0996935, 42.3121169], [3.0985904, 42.3126258], [3.1038599, 42.3168263], [3.1069643, 42.3236633], [3.1096451, 42.3256817], [3.1191527, 42.3246571], [3.1305728, 42.3283318], [3.1388476, 42.3291924], [3.1405142, 42.3266345], [3.1407874, 42.325207], [3.1433965, 42.3257158], [3.1481776, 42.3233594], [3.1495163, 42.3249269], [3.1569783, 42.3266584], [3.1611584, 42.3235062], [3.1682959, 42.3199989], [3.1686477, 42.3186295], [3.174689, 42.3073733], [3.1711066, 42.3051194], [3.1655809, 42.2987229], [3.1623264, 42.2991566], [3.1597787, 42.2956766], [3.149612, 42.2892768], [3.1479044, 42.2864593], [3.1431301, 42.2829725], [3.1384992, 42.2759032], [3.1336361, 42.2727716], [3.1317408, 42.2701078], [3.109488, 42.2858378], [3.1053865, 42.2885323], [3.0998984, 42.2859539], [3.0935054, 42.2839014], [3.0922145, 42.2817294], [3.0850052, 42.2770917], [3.0857394, 42.274404], [3.0500517, 42.262277]], [[3.0108328, 42.3292607], [3.0129399, 42.3268086], [3.0198657, 42.3282157], [3.024961, 42.3273175], [3.0284649, 42.332505], [3.0325937, 42.3339257], [3.0277443, 42.3363777], [3.0303364, 42.3399772], [3.0348033, 42.3408959], [3.0347077, 42.3441949], [3.0141181, 42.3447311], [3.0147362, 42.3374979], [3.0103512, 42.3351346], [3.0129672, 42.3342057], [3.0108328, 42.3292607]]]}}, {"type": "Feature", "properties": {"Index": 2491}, "geometry": {"type": "MultiPolygon", "coordinates": [[[[2.973236, 42.238648], [2.9688749, 42.2376064], [2.9709445, 42.2407927], [2.9697082, 42.2460143], [2.9679665, 42.2455567], [2.9670239, 42.2471208], [2.963882, 42.2464276], [2.963421, 42.2472096], [2.9649988, 42.2479917], [2.9589267, 42.2516834], [2.9565464, 42.2571612], [2.9546886, 42.257612], [2.9532269, 42.2606207], [2.9515843, 42.2598967], [2.949484, 42.2632025], [2.9419093, 42.2662966], [2.9378624, 42.268612], [2.9371862, 42.2722218], [2.93456, 42.2726726], [2.9312918, 42.2751758], [2.9294579, 42.2749914], [2.9289456, 42.2730209], [2.9261555, 42.2699132], [2.9236283, 42.2712416], [2.9198581, 42.2709787], [2.911976, 42.2766546], [2.9107773, 42.2764018], [2.9121126, 42.2749982], [2.9104836, 42.2744348], [2.9027006, 42.2763404], [2.897257, 42.2785568], [2.8857276, 42.2779899], [2.8731191, 42.2825183], [2.874106, 42.2846732], [2.8808987, 42.2892563], [2.8838835, 42.294857], [2.8789452, 42.3022405], [2.8808679, 42.307749], [2.8836376, 42.3102523], [2.886496, 42.3097093], [2.8870117, 42.3117276], [2.8954162, 42.3128955], [2.8980219, 42.3158394], [2.896994, 42.3194935], [2.899388, 42.3196472], [2.9031241, 42.3165497], [2.9065563, 42.3173352], [2.91089, 42.3165873], [2.9145612, 42.313319], [2.9165283, 42.3132336], [2.9154389, 42.3120759], [2.9176451, 42.3100269], [2.9221837, 42.3107987], [2.9258208, 42.3093951], [2.9282865, 42.3100679], [2.9300009, 42.3085755], [2.9406321, 42.3054472], [2.9412058, 42.3036714], [2.9454508, 42.3020287], [2.9532577, 42.3026298], [2.9420937, 42.3165429], [2.942162, 42.3287109], [2.9441326, 42.3311902], [2.9427631, 42.3310843], [2.9332316, 42.3388332], [2.9164395, 42.3478798], [2.9139943, 42.3523092], [2.909302, 42.3549456], [2.9023215, 42.3562433], [2.9008223, 42.361062], [2.8965944, 42.3631077], [2.8872268, 42.36209], [2.886776, 42.3610313], [2.8791092, 42.3629028], [2.8719614, 42.3664306], [2.8658415, 42.3609562], [2.8619483, 42.3640912], [2.8587176, 42.3649962], [2.8590011, 42.3673731], [2.8545205, 42.3691968], [2.8527241, 42.3733769], [2.8486089, 42.3745517], [2.8489163, 42.3762524], [2.8505999, 42.3766178], [2.8499477, 42.379145], [2.856549, 42.3836392], [2.8664835, 42.3820956], [2.8845528, 42.3849916], [2.8879986, 42.3839124], [2.8941663, 42.3839295], [2.8964783, 42.3862757], [2.9045038, 42.3892536], [2.9179217, 42.3990379], [2.9131679, 42.4037576], [2.9080487, 42.4118103], [2.9048965, 42.4196173], [2.9023899, 42.432598], [2.9034656, 42.4342441], [2.9018639, 42.4361907], [2.9031651, 42.4383832], [2.9023181, 42.4397322], [2.9076628, 42.4444689], [2.9102446, 42.4456676], [2.9140456, 42.4455173], [2.9192877, 42.4508073], [2.9258174, 42.4451963], [2.9265755, 42.442536], [2.9339043, 42.4401112], [2.9420698, 42.4312627], [2.9455566, 42.430747], [2.9470456, 42.4291488], [2.952701, 42.4306104], [2.9560717, 42.4330796], [2.9635132, 42.4359517], [2.9710776, 42.4354735], [2.9716992, 42.4159904], [2.9826343, 42.407603], [2.9806877, 42.4028457], [2.9888191, 42.3816516], [2.9931596, 42.3772564], [2.9987263, 42.3705902], [3.0049622, 42.3717137], [3.0074552, 42.3702418], [3.0143367, 42.3533439], [3.008169, 42.3564858], [3.0049144, 42.3544607], [3.0013866, 42.3494063], [2.9927123, 42.3453424], [2.9880575, 42.3405817], [2.9871627, 42.3353635], [2.9796461, 42.3328943], [2.9741342, 42.3353874], [2.9773853, 42.3221026], [2.9845639, 42.3186671], [2.9843453, 42.3173557], [2.9904242, 42.3153715], [2.9872037, 42.3138996], [2.9883751, 42.312677], [2.9874496, 42.3112597], [2.9961513, 42.3074724], [2.9966021, 42.3043237], [2.9938666, 42.2989142], [2.9949628, 42.2962811], [2.99429, 42.2913839], [2.9905608, 42.289024], [2.9921351, 42.2828905], [2.9965918, 42.2844751], [2.9966601, 42.2825183], [3.0002221, 42.2839185], [2.9990302, 42.2853938], [3.0009187, 42.285626], [3.0014993, 42.2843283], [3.0024077, 42.2857387], [3.0047061, 42.2859505], [3.0081895, 42.2822997], [3.0127555, 42.2830237], [3.0155661, 42.2809678], [3.0166862, 42.282672], [3.0194354, 42.2817635], [3.0202516, 42.2802712], [3.0264124, 42.2802985], [3.0300666, 42.2742606], [3.0280004, 42.273318], [3.0246912, 42.2748514], [3.0184279, 42.2738678], [3.0170277, 42.2715114], [3.0140737, 42.2710538], [3.0121681, 42.2693531], [3.0067722, 42.2694658], [2.9996859, 42.2644217], [2.9912165, 42.2645583], [2.9880609, 42.2622292], [2.9820367, 42.2611876], [2.9822313, 42.2586365], [2.9790041, 42.2562767], [2.9824909, 42.248463], [2.9825797, 42.2440268], [2.97424, 42.2440063], [2.973236, 42.238648]]], [[[3.0198657, 42.3282157], [3.0129399, 42.3268086], [3.0108328, 42.3292573], [3.0129672, 42.3342057], [3.0103512, 42.3351346], [3.0147362, 42.3374979], [3.0141181, 42.3447311], [3.0347077, 42.3441949], [3.0348033, 42.3408959], [3.0303364, 42.3399772], [3.0277443, 42.3363777], [3.0325937, 42.3339257], [3.0284649, 42.332505], [3.024961, 42.3273175], [3.0198657, 42.3282157]]]]}}, {"type": "Feature", "properties": {"Index": 2534}, "geometry": {"type": "Polygon", "coordinates": [[[2.8932613, 42.1890881], [2.8887602, 42.1792356], [2.8842728, 42.1823672], [2.8799219, 42.183221], [2.8760151, 42.1829819], [2.8794302, 42.1909323], [2.8793892, 42.1951841], [2.8707695, 42.1967448], [2.8655376, 42.2006516], [2.8613882, 42.1963794], [2.8544146, 42.1990944], [2.851826, 42.2014883], [2.8457027, 42.2036091], [2.835092, 42.200778], [2.8350886, 42.2020552], [2.8382578, 42.2055762], [2.842233, 42.2070549], [2.8443879, 42.2181608], [2.8406313, 42.2219448], [2.838251, 42.2221292], [2.8372469, 42.2234611], [2.8342314, 42.2370804], [2.8249048, 42.236295], [2.8226406, 42.2343518], [2.8194679, 42.2385728], [2.8060637, 42.2331155], [2.8004766, 42.2399423], [2.7948007, 42.2429134], [2.7901562, 42.2506213], [2.7931922, 42.2544086], [2.7883189, 42.2603099], [2.7796343, 42.2657912], [2.7784322, 42.2698654], [2.7837768, 42.2681544], [2.7896268, 42.2696946], [2.7915359, 42.2726692], [2.7948383, 42.2738883], [2.7985744, 42.2728775], [2.8033658, 42.275811], [2.8019007, 42.2790007], [2.7977172, 42.280961], [2.7917271, 42.2928045], [2.7869801, 42.2964485], [2.7801909, 42.2988356], [2.7849891, 42.3032821], [2.7848833, 42.306079], [2.7941074, 42.3073665], [2.8019041, 42.3118027], [2.8058315, 42.3124413], [2.8198709, 42.3350698], [2.8272475, 42.3412101], [2.8336577, 42.3391713], [2.8372572, 42.3395026], [2.8433326, 42.3453389], [2.8530861, 42.3476578], [2.8597763, 42.346524], [2.8697415, 42.3395401], [2.8730474, 42.3408891], [2.8746422, 42.3390005], [2.8722482, 42.3363675], [2.8767835, 42.3323104], [2.889573, 42.3271502], [2.8925612, 42.3276078], [2.9002793, 42.3256612], [2.899388, 42.3196472], [2.896994, 42.3194935], [2.8980219, 42.3158394], [2.8954162, 42.3128955], [2.8870117, 42.3117276], [2.886496, 42.3097093], [2.8836376, 42.3102523], [2.8808679, 42.307749], [2.8789452, 42.3022405], [2.8838835, 42.294857], [2.8808987, 42.2892563], [2.874106, 42.2846732], [2.8731191, 42.2825183], [2.8857276, 42.2779899], [2.897257, 42.2785568], [2.9027006, 42.2763404], [2.9104836, 42.2744348], [2.9121126, 42.2749982], [2.9107773, 42.2764018], [2.911976, 42.2766546], [2.9198581, 42.2709787], [2.9236283, 42.2712416], [2.9261555, 42.2699132], [2.9289456, 42.2730209], [2.9294579, 42.2749914], [2.9312918, 42.2751758], [2.93456, 42.2726726], [2.9371862, 42.2722218], [2.9378624, 42.268612], [2.9419093, 42.2662966], [2.949484, 42.2632025], [2.9515843, 42.2598967], [2.9532269, 42.2606207], [2.9546886, 42.257612], [2.9565464, 42.2571612], [2.9589267, 42.2516834], [2.9649988, 42.2479917], [2.963421, 42.2472096], [2.963882, 42.2464276], [2.9670239, 42.2471208], [2.9679665, 42.2455567], [2.9697082, 42.2460143], [2.9709445, 42.2407927], [2.9688749, 42.2376064], [2.973236, 42.238648], [2.97424, 42.2440063], [2.9825797, 42.2440268], [2.9824909, 42.248463], [2.9790041, 42.2562767], [2.9822313, 42.2586365], [2.9820367, 42.2611876], [2.9880609, 42.2622292], [2.9912165, 42.2645583], [2.9996859, 42.2644217], [3.0019911, 42.2599787], [3.0068986, 42.2566694], [3.0067278, 42.2546238], [3.0092243, 42.2534866], [3.0114202, 42.2540091], [3.0126086, 42.2522742], [3.0082031, 42.25029], [3.0162389, 42.2452391], [3.012052, 42.2443888], [3.0125096, 42.2414484], [3.0098902, 42.2410181], [3.0090364, 42.2396862], [3.0103, 42.2370634], [3.0089545, 42.2365409], [3.0121066, 42.2342869], [3.0147157, 42.2311518], [3.0219045, 42.2238777], [3.0419545, 42.2340547], [3.0510865, 42.2339215], [3.0523876, 42.2319271], [3.0617757, 42.238385], [3.0643746, 42.2355471], [3.0603243, 42.2321081], [3.0600477, 42.2275967], [3.0625066, 42.2220199], [3.063637, 42.2206982], [3.0653069, 42.2208075], [3.0672228, 42.2119044], [3.0526779, 42.2133865], [3.0500824, 42.2146023], [3.0370231, 42.2164464], [3.0351209, 42.2138988], [3.0347316, 42.2099612], [3.028721, 42.2089981], [3.0259514, 42.2072633], [3.0229495, 42.1995281], [3.0196061, 42.1993983], [3.0186294, 42.1982884], [3.0154978, 42.1992173], [3.0157847, 42.1985377], [3.0044773, 42.1957373], [3.0026468, 42.1936541], [2.9996142, 42.1974244], [2.9909398, 42.194665], [2.9902534, 42.1968882], [2.9917697, 42.2006175], [2.9891606, 42.202448], [2.9829553, 42.2131236], [2.9810224, 42.2143393], [2.9792875, 42.212263], [2.9776859, 42.2132363], [2.9677274, 42.2079155], [2.9554365, 42.2053337], [2.9557405, 42.2071471], [2.9519531, 42.2119249], [2.9466631, 42.211679], [2.9392421, 42.20128], [2.9339043, 42.1988485], [2.9314352, 42.2015498], [2.9265141, 42.2009761], [2.91618, 42.202448], [2.915818, 42.2068808], [2.9113032, 42.2071301], [2.9083594, 42.2043843], [2.9063548, 42.2057572], [2.9024035, 42.2062148], [2.8992241, 42.2008156], [2.893193, 42.2000198], [2.8932613, 42.1890881]]]}}, {"type": "Feature", "properties": {"Index": 2496}, "geometry": {"type": "Polygon", "coordinates": [[[3.061021, 42.1859941], [3.0517558, 42.1834054], [3.0502122, 42.1887808], [3.0388946, 42.201683], [3.039219, 42.2050878], [3.0458067, 42.2053508], [3.0532448, 42.207434], [3.0508167, 42.2089845], [3.0531355, 42.2101832], [3.0514724, 42.212683], [3.0526779, 42.2133865], [3.0672228, 42.2119044], [3.0653069, 42.2208075], [3.063637, 42.2206982], [3.0625066, 42.2220199], [3.0600477, 42.2275967], [3.0603243, 42.2321081], [3.0643746, 42.2355471], [3.0617757, 42.238385], [3.0523876, 42.2319271], [3.0510865, 42.2339215], [3.0419545, 42.2340547], [3.0219045, 42.2238777], [3.0147157, 42.2311518], [3.0121066, 42.2342869], [3.0089545, 42.2365409], [3.0103, 42.2370634], [3.0090364, 42.2396862], [3.0098902, 42.2410181], [3.0125096, 42.2414484], [3.012052, 42.2443888], [3.0162389, 42.2452391], [3.0082031, 42.25029], [3.0126086, 42.2522742], [3.0114202, 42.2540091], [3.0092243, 42.2534866], [3.0067278, 42.2546238], [3.0068986, 42.2566694], [3.0019911, 42.2599787], [2.9996859, 42.2644217], [3.0067722, 42.2694658], [3.0121681, 42.2693531], [3.0140737, 42.2710538], [3.0170277, 42.2715114], [3.0184279, 42.2738678], [3.0246912, 42.2748514], [3.0280004, 42.273318], [3.0300666, 42.2742606], [3.0416233, 42.2608154], [3.0468449, 42.2596747], [3.0500517, 42.262277], [3.0857394, 42.274404], [3.0850052, 42.2770917], [3.0922145, 42.2817294], [3.0935054, 42.2839014], [3.0998984, 42.2859539], [3.1053865, 42.2885323], [3.109488, 42.2858378], [3.1317408, 42.2701078], [3.1324545, 42.2698278], [3.137222, 42.2705176], [3.1366927, 42.2683115], [3.13853, 42.2663956], [3.1448582, 42.2636601], [3.1510292, 42.2583701], [3.1475766, 42.2573764], [3.1389295, 42.2507203], [3.1359721, 42.2472062], [3.1369215, 42.2456523], [3.1351968, 42.2469603], [3.1364297, 42.2452015], [3.1349954, 42.2459016], [3.126905, 42.2379445], [3.1175613, 42.2225424], [3.1118888, 42.2038618], [3.10094, 42.2048249], [3.0915519, 42.213308], [3.0852067, 42.2151692], [3.0839534, 42.2166309], [3.0813545, 42.2155346], [3.0779428, 42.2168153], [3.0746472, 42.2181881], [3.069248, 42.2169519], [3.0699515, 42.211317], [3.0680014, 42.2083868], [3.0703818, 42.203814], [3.0692036, 42.2033905], [3.0696544, 42.2022772], [3.0714473, 42.20267], [3.0700881, 42.2003921], [3.0712185, 42.2006721], [3.0706584, 42.1963554], [3.0674789, 42.1917348], [3.067619, 42.1899282], [3.0655255, 42.1901741], [3.0662632, 42.1866327], [3.061021, 42.1859941]]]}}, {"type": "Feature", "properties": {"Index": 2636}, "geometry": {"type": "Polygon", "coordinates": [[[2.924103, 41.9678002], [2.9216066, 41.9659561], [2.9182598, 41.9675885], [2.9153501, 41.9675851], [2.9076559, 41.9708294], [2.9052073, 41.9714749], [2.9027245, 41.9760511], [2.9024684, 41.9775845], [2.9047121, 41.979818], [2.9040974, 41.9817782], [2.8985991, 41.9843839], [2.8965842, 41.9875395], [2.8817661, 41.9919484], [2.8676208, 41.9919074], [2.864998, 41.9938438], [2.8661694, 41.9977609], [2.8613985, 42.0013911], [2.8638608, 42.0068723], [2.863065, 42.0079413], [2.8582258, 42.0050555], [2.8523143, 42.0066743], [2.8476664, 42.0076954], [2.8465121, 42.0099767], [2.8499886, 42.01457], [2.849292, 42.0213011], [2.8519387, 42.0240912], [2.8557362, 42.022592], [2.8612994, 42.0265125], [2.8637993, 42.0326768], [2.8646257, 42.038339], [2.8635329, 42.0407535], [2.8649809, 42.0422117], [2.8738909, 42.0482974], [2.8832209, 42.0499435], [2.8863457, 42.0514735], [2.8918167, 42.0527678], [2.8956245, 42.0524263], [2.8997397, 42.0496669], [2.9022089, 42.0501177], [2.9052859, 42.053584], [2.9052449, 42.0559985], [2.901963, 42.0585086], [2.9047497, 42.0615719], [2.9089263, 42.0606532], [2.910487, 42.058068], [2.9150735, 42.0572655], [2.9247724, 42.061145], [2.9303117, 42.0621115], [2.9318758, 42.0604893], [2.9281909, 42.0567396], [2.9247792, 42.0549808], [2.9249158, 42.0532254], [2.9274976, 42.0528054], [2.9309571, 42.0548032], [2.9325349, 42.0436222], [2.9266199, 42.0404359], [2.9271493, 42.0393567], [2.9317597, 42.039063], [2.9329891, 42.0371198], [2.9356495, 42.0362319], [2.9370052, 42.0334281], [2.9452698, 42.0314235], [2.9528923, 42.0309624], [2.9532065, 42.0327553], [2.9566659, 42.0328544], [2.9595756, 42.0354123], [2.9642509, 42.037113], [2.9665766, 42.0349854], [2.9788914, 42.0362661], [2.980353, 42.0367954], [2.9774639, 42.0491888], [2.9781332, 42.0524809], [2.9745269, 42.0593145], [2.9723207, 42.0600146], [2.9774434, 42.0660491], [2.9778669, 42.0727393], [2.9789085, 42.0766188], [2.9766886, 42.0826772], [2.9785294, 42.0850302], [2.9859162, 42.0821205], [2.9908101, 42.0771311], [2.9991497, 42.0720221], [3.0040709, 42.0796036], [3.00459, 42.0850951], [3.0019364, 42.0926971], [3.0028244, 42.0931445], [3.0073289, 42.099838], [3.0057409, 42.1021023], [3.0054779, 42.1099262], [3.012653, 42.1115143], [3.016191, 42.1105785], [3.0212283, 42.1228626], [3.0188685, 42.126667], [3.0151358, 42.1303861], [3.0146133, 42.1333094], [3.0082373, 42.1351774], [3.0054198, 42.1385208], [3.0028005, 42.1539673], [2.9960113, 42.1688981], [2.9887815, 42.1666749], [2.9828358, 42.1737578], [2.9859606, 42.1803352], [2.985503, 42.1881456], [2.9956185, 42.187606], [2.9991566, 42.1863492], [3.0026468, 42.1936541], [3.0044773, 42.1957373], [3.0157847, 42.1985377], [3.0154978, 42.1992173], [3.0186294, 42.1982884], [3.0196061, 42.1993983], [3.0229495, 42.1995281], [3.0259514, 42.2072633], [3.028721, 42.2089981], [3.0347316, 42.2099612], [3.0351209, 42.2138988], [3.0370231, 42.2164464], [3.0500824, 42.2146023], [3.0526779, 42.2133865], [3.0514724, 42.212683], [3.0531355, 42.2101832], [3.0508167, 42.2089845], [3.0532448, 42.207434], [3.0458067, 42.2053508], [3.039219, 42.2050878], [3.0388946, 42.201683], [3.0502122, 42.1887808], [3.0517558, 42.1834054], [3.061021, 42.1859941], [3.0624246, 42.1791844], [3.0666935, 42.1768723], [3.0718639, 42.1666954], [3.0743706, 42.161962], [3.0802821, 42.1582362], [3.0842949, 42.1492647], [3.0944172, 42.1507605], [3.0961282, 42.1468058], [3.0904591, 42.146075], [3.0899912, 42.1404811], [3.0920437, 42.135799], [3.0963297, 42.1377217], [3.0953768, 42.1361268], [3.096579, 42.1346413], [3.094786, 42.1337363], [3.0951754, 42.1266124], [3.0910397, 42.125482], [3.0907323, 42.1212609], [3.0858453, 42.1211073], [3.0857907, 42.1196866], [3.0769661, 42.1186894], [3.0764709, 42.116654], [3.0749546, 42.1165993], [3.0749648, 42.1183547], [3.0717854, 42.1183615], [3.0617723, 42.1164456], [3.0594296, 42.1144444], [3.05026, 42.112508], [3.0507279, 42.1098101], [3.047668, 42.110558], [3.0455267, 42.1097623], [3.04483, 42.1109405], [3.0405953, 42.110903], [3.0417633, 42.1073239], [3.0393898, 42.104486], [3.0393488, 42.1024199], [3.0376993, 42.1022286], [3.0351653, 42.0992028], [3.0337685, 42.0920482], [3.0347828, 42.0890942], [3.0321634, 42.0879911], [3.0264158, 42.0893025], [3.0208697, 42.0874242], [3.0260914, 42.0710283], [3.0278775, 42.0613226], [3.0271296, 42.0587852], [3.034496, 42.0579929], [3.045011, 42.0536489], [3.0489008, 42.0514871], [3.0477192, 42.0451795], [3.0483749, 42.0353235], [3.046599, 42.0312595], [3.0384711, 42.0281689], [3.0261051, 42.0277488], [3.0207365, 42.0274005], [3.0216928, 42.0260481], [3.0203643, 42.0173498], [3.0226763, 42.0172986], [3.0224168, 42.013542], [3.0284683, 42.0105402], [3.0355751, 42.0128112], [3.0355307, 42.0142455], [3.0394854, 42.0145665], [3.0458375, 42.0130605], [3.0523023, 42.0088326], [3.0510455, 42.0079515], [3.0469815, 42.004936], [3.0412305, 41.9977335], [3.0463156, 41.9908043], [3.035862, 41.9829838], [3.0322796, 41.9756106], [3.0285571, 41.9731175], [3.028721, 41.9711641], [3.0228129, 41.9703138], [3.013517, 41.9713519], [3.0107884, 41.9794969], [3.0071547, 41.9815528], [3.002097, 41.9870033], [2.9998703, 41.9869384], [2.9959839, 41.9903843], [2.9894201, 41.9903774], [2.9877399, 41.9889328], [2.9837442, 41.9848211], [2.976535, 41.9824271], [2.9763198, 41.9779636], [2.9691959, 41.97531], [2.9588345, 41.973763], [2.9543642, 41.9744733], [2.9500372, 41.9731039], [2.945642, 41.9662054], [2.9395529, 41.9661064], [2.9321661, 41.970423], [2.924103, 41.9678002]]]}}, {"type": "Feature", "properties": {"Index": 2509}, "geometry": {"type": "MultiPolygon", "coordinates": [[[[3.1647955, 42.0068109], [3.1542394, 42.0025898], [3.1477098, 42.0057215], [3.1448513, 42.0094849], [3.140036, 42.0248562], [3.1291043, 42.0299345], [3.1265157, 42.0342682], [3.1162123, 42.0391211], [3.1205222, 42.0442198], [3.1212223, 42.0469826], [3.1264815, 42.0493117], [3.1276358, 42.0542739], [3.1171344, 42.060462], [3.1095871, 42.0637712], [3.1054514, 42.0635971], [3.104099, 42.0648402], [3.1029481, 42.064181], [3.0955715, 42.0619646], [3.0928155, 42.0581671], [3.0886969, 42.056801], [3.0880207, 42.053905], [3.0840217, 42.0532357], [3.0841207, 42.0521223], [3.082741, 42.0524741], [3.0854116, 42.03991], [3.0770241, 42.0410779], [3.0821399, 42.034982], [3.0852443, 42.034357], [3.0829425, 42.0308975], [3.0833318, 42.0261062], [3.0802002, 42.0262018], [3.0799577, 42.0240264], [3.0784824, 42.0238966], [3.0816618, 42.0220354], [3.081976, 42.0206591], [3.0787522, 42.0135864], [3.0745482, 42.0115032], [3.073428, 42.0088804], [3.0691728, 42.0085492], [3.0678648, 42.0116876], [3.0631144, 42.0142626], [3.0652318, 42.0239444], [3.056216, 42.0242039], [3.0525584, 42.0273971], [3.0496556, 42.0273253], [3.0499322, 42.0283191], [3.0480675, 42.0283977], [3.0483954, 42.0304604], [3.046599, 42.0312595], [3.0483749, 42.0353235], [3.0477192, 42.0451795], [3.0489008, 42.0514871], [3.0590061, 42.0470304], [3.056035, 42.0513095], [3.0653206, 42.0565961], [3.0704432, 42.0668482], [3.0692275, 42.0689178], [3.0608263, 42.068105], [3.0558369, 42.0730569], [3.0523501, 42.0706868], [3.0487574, 42.0706595], [3.0461483, 42.0787737], [3.0427434, 42.0794226], [3.0402094, 42.0817346], [3.0384472, 42.0865875], [3.0347828, 42.0890942], [3.0337685, 42.0920482], [3.0351653, 42.0992028], [3.0376993, 42.1022286], [3.0393488, 42.1024199], [3.0393898, 42.104486], [3.0417633, 42.1073239], [3.0405953, 42.110903], [3.04483, 42.1109405], [3.0455267, 42.1097623], [3.047668, 42.110558], [3.0507279, 42.1098101], [3.05026, 42.112508], [3.0594296, 42.1144444], [3.0617723, 42.1164456], [3.0717854, 42.1183615], [3.0749648, 42.1183547], [3.0749546, 42.1165993], [3.0764709, 42.116654], [3.0769661, 42.1186894], [3.0857907, 42.1196866], [3.0858453, 42.1211073], [3.0907323, 42.1212609], [3.0910397, 42.125482], [3.0951754, 42.1266124], [3.094786, 42.1337363], [3.096579, 42.1346413], [3.0953768, 42.1361268], [3.0963297, 42.1377217], [3.0920437, 42.135799], [3.0899912, 42.1404811], [3.0904591, 42.146075], [3.0961282, 42.1468058], [3.0944172, 42.1507605], [3.0842949, 42.1492647], [3.0802821, 42.1582362], [3.0743706, 42.161962], [3.0718639, 42.1666954], [3.0666935, 42.1768723], [3.0624246, 42.1791844], [3.061021, 42.1859941], [3.0662632, 42.1866327], [3.0655255, 42.1901741], [3.067619, 42.1899282], [3.0674789, 42.1917348], [3.0706584, 42.1963554], [3.0712185, 42.2006721], [3.0700881, 42.2003921], [3.0714473, 42.20267], [3.0696544, 42.2022772], [3.0692036, 42.2033905], [3.0703818, 42.203814], [3.0680014, 42.2083868], [3.0699515, 42.211317], [3.069248, 42.2169519], [3.0746472, 42.2181881], [3.0779428, 42.2168153], [3.0813545, 42.2155346], [3.0839534, 42.2166309], [3.0852067, 42.2151692], [3.0915519, 42.213308], [3.10094, 42.2048249], [3.1118888, 42.2038618], [3.1124284, 42.1725454], [3.117353, 42.1460135], [3.120109, 42.1372538], [3.1226737, 42.1356043], [3.124149, 42.1359834], [3.1221341, 42.1345354], [3.1242002, 42.1331352], [3.1229537, 42.1312501], [3.1252384, 42.130632], [3.124453, 42.1280262], [3.126806, 42.126831], [3.1300435, 42.1275379], [3.1332434, 42.1265031], [3.1342953, 42.1278691], [3.1353266, 42.1265338], [3.1371025, 42.1265407], [3.13686, 42.1245087], [3.138991, 42.1215683], [3.1373005, 42.1169682], [3.1380109, 42.1156704], [3.142973, 42.114622], [3.1434545, 42.1155953], [3.1459271, 42.1156499], [3.1463164, 42.1168179], [3.1488504, 42.1167633], [3.1498749, 42.1198471], [3.1527743, 42.1196763], [3.1554893, 42.1177741], [3.1571935, 42.1181225], [3.1590615, 42.1157251], [3.1635968, 42.1154655], [3.1653077, 42.1131672], [3.1698635, 42.1150352], [3.1719911, 42.1145161], [3.1735449, 42.1118489], [3.1771615, 42.111627], [3.1747334, 42.107563], [3.1697986, 42.1082802], [3.1693102, 42.1063711], [3.1721789, 42.1031814], [3.1750749, 42.102495], [3.1775816, 42.1039259], [3.1800644, 42.1027306], [3.1822125, 42.1053056], [3.1853065, 42.1018325], [3.185047, 42.0992746], [3.1882879, 42.0981715], [3.188445, 42.0955794], [3.1908253, 42.0942339], [3.1920206, 42.0906139], [3.1934208, 42.0908529], [3.1928573, 42.0895176], [3.1958797, 42.0860957], [3.1949542, 42.084757], [3.1964841, 42.0844872], [3.1956509, 42.0834866], [3.1988849, 42.0836915], [3.1997968, 42.0815331], [3.2012823, 42.0827421], [3.2024025, 42.0819703], [3.2027782, 42.0807682], [3.2018595, 42.0814853], [3.1988201, 42.0800476], [3.198622, 42.0780532], [3.2045642, 42.0745424], [3.2032665, 42.073634], [3.2070299, 42.0723568], [3.2068831, 42.0707175], [3.2082389, 42.070861], [3.2085941, 42.069553], [3.2123882, 42.0686992], [3.2123712, 42.0668107], [3.21121, 42.067422], [3.2091302, 42.0655368], [3.2111793, 42.0635185], [3.2101206, 42.0617017], [3.2140446, 42.0613089], [3.2113159, 42.0552916], [3.2128493, 42.0539119], [3.2056298, 42.0529454], [3.2070914, 42.0538196], [3.2033246, 42.0540894], [3.2003364, 42.0520438], [3.1983556, 42.0483452], [3.1952171, 42.028425], [3.1971467, 42.0083545], [3.1911737, 42.0070055], [3.1828511, 42.0101645], [3.1781963, 42.010424], [3.1681696, 42.0042495], [3.1658405, 42.0042598], [3.1647955, 42.0068109]]], [[[3.2051482, 42.074358], [3.2063333, 42.0732584], [3.2053736, 42.0733096], [3.2051482, 42.074358]]], [[[3.22541, 42.0473788], [3.2232551, 42.0448687], [3.2194711, 42.048656], [3.2234053, 42.048738], [3.2247406, 42.0501689], [3.2251197, 42.0494722], [3.2270219, 42.0474607], [3.22541, 42.0473788]]], [[[3.2273088, 42.0439808], [3.2260452, 42.0428982], [3.2244435, 42.0432021], [3.2244367, 42.0439944], [3.2273088, 42.0439808]]]]}}, {"type": "Feature", "properties": {"Index": 2568}, "geometry": {"type": "MultiPolygon", "coordinates": [[[[3.1773357, 41.8701934], [3.1781348, 41.8677448], [3.170386, 41.8696777], [3.1685999, 41.8689093], [3.15663, 41.8730382], [3.147539, 41.8776588], [3.1421056, 41.8790488], [3.1426998, 41.8863332], [3.1360062, 41.888512], [3.1327107, 41.8933409], [3.1278339, 41.8943586], [3.1241524, 41.9013084], [3.1264884, 41.912363], [3.1199826, 41.9204158], [3.118077, 41.9299337], [3.119986, 41.9367741], [3.1149453, 41.9377713], [3.1117283, 41.9592967], [3.1082552, 41.9607959], [3.1035936, 41.9607276], [3.1121415, 41.9689853], [3.1116771, 41.9707133], [3.1057041, 41.9758291], [3.1039965, 41.9814299], [3.1055197, 41.9849748], [3.1017699, 41.9866618], [3.1013123, 41.9888099], [3.0975864, 41.9917264], [3.0930034, 41.9884513], [3.0778608, 41.9902203], [3.0755932, 41.9865764], [3.0709828, 41.9869384], [3.0671852, 41.9843156], [3.064016, 41.9868667], [3.057261, 41.9862725], [3.0567077, 41.9874268], [3.0520188, 41.9879732], [3.0506835, 41.9896808], [3.0489964, 41.9898139], [3.0463156, 41.9908043], [3.0412305, 41.9977335], [3.0469815, 42.004936], [3.0510455, 42.0079515], [3.0523023, 42.0088326], [3.0458375, 42.0130605], [3.0394854, 42.0145665], [3.0355307, 42.0142455], [3.0355751, 42.0128112], [3.0284683, 42.0105402], [3.0224168, 42.013542], [3.0226763, 42.0172986], [3.0203643, 42.0173498], [3.0216928, 42.0260481], [3.0207365, 42.0274005], [3.0261051, 42.0277488], [3.0384711, 42.0281689], [3.046599, 42.0312595], [3.0483954, 42.0304604], [3.0480675, 42.0283977], [3.0499322, 42.0283191], [3.0496556, 42.0273253], [3.0525584, 42.0273971], [3.056216, 42.0242039], [3.0652318, 42.0239444], [3.0631144, 42.0142626], [3.0678648, 42.0116876], [3.0691728, 42.0085492], [3.073428, 42.0088804], [3.0745482, 42.0115032], [3.0787522, 42.0135864], [3.081976, 42.0206591], [3.0816618, 42.0220354], [3.0784824, 42.0238966], [3.0799577, 42.0240264], [3.0802002, 42.0262018], [3.0833318, 42.0261062], [3.0829459, 42.0308975], [3.083185, 42.0312595], [3.0852443, 42.034357], [3.0821399, 42.034982], [3.0770241, 42.0410779], [3.0854116, 42.03991], [3.082741, 42.0524741], [3.0841207, 42.0521223], [3.0840217, 42.0532357], [3.0880207, 42.053905], [3.0886969, 42.056801], [3.0928155, 42.0581671], [3.0955715, 42.0619646], [3.1029481, 42.064181], [3.104099, 42.0648402], [3.1054514, 42.0635971], [3.1095905, 42.0637712], [3.1171344, 42.060462], [3.1276358, 42.0542739], [3.1264815, 42.0493117], [3.1212223, 42.0469826], [3.1205222, 42.0442198], [3.1162123, 42.0391211], [3.1265157, 42.0342682], [3.1291043, 42.0299345], [3.140036, 42.0248562], [3.1448513, 42.0094849], [3.1477098, 42.0057215], [3.1542394, 42.0025898], [3.1647955, 42.0068109], [3.1658405, 42.0042598], [3.1681696, 42.0042495], [3.1781963, 42.010424], [3.1828511, 42.0101645], [3.1911737, 42.0070055], [3.1971467, 42.0083545], [3.1982361, 42.0044169], [3.1970818, 42.0040754], [3.1989259, 42.0020912], [3.2001793, 41.9951483], [3.2074227, 41.9815767], [3.2076959, 41.9812728], [3.2119033, 41.9766692], [3.2107866, 41.9728956], [3.2126546, 41.9724994], [3.2139626, 41.9742821], [3.2227906, 41.9741421], [3.2274215, 41.9700474], [3.2305497, 41.9702113], [3.2318304, 41.9692482], [3.2307683, 41.968012], [3.232288, 41.9656692], [3.2308127, 41.9657683], [3.2291461, 41.9640129], [3.2274078, 41.9642588], [3.2314206, 41.9618819], [3.2303004, 41.9601607], [3.2328549, 41.9595255], [3.2346717, 41.9622985], [3.2342278, 41.9583985], [3.2330052, 41.9585897], [3.2299965, 41.9545872], [3.2339102, 41.950332], [3.2287397, 41.9483718], [3.2263389, 41.9452982], [3.2184193, 41.9424637], [3.2189896, 41.9403975], [3.2147754, 41.9362618], [3.2163258, 41.9358247], [3.2167356, 41.9340933], [3.2187266, 41.9355959], [3.2206323, 41.9348787], [3.2188496, 41.9332941], [3.2197614, 41.931631], [3.2161243, 41.9300566], [3.2159399, 41.9290218], [3.2181051, 41.928735], [3.2182895, 41.9275363], [3.2195941, 41.9265903], [3.2188052, 41.9260234], [3.2190306, 41.9254872], [3.2179207, 41.9252345], [3.2168518, 41.9240392], [3.2185627, 41.9234177], [3.2176782, 41.9224922], [3.2206118, 41.9221882], [3.2192662, 41.9211022], [3.2172684, 41.9220004], [3.215858, 41.9214028], [3.2168825, 41.9181789], [3.211432, 41.9167651], [3.2089561, 41.917834], [3.2076412, 41.9172124], [3.2097006, 41.9148253], [3.2082389, 41.9130597], [3.2122243, 41.909187], [3.2070539, 41.9080737], [3.2105133, 41.9041224], [3.2094752, 41.9033506], [3.2097757, 41.9019743], [3.2084643, 41.9005058], [3.2057425, 41.9003931], [3.2033656, 41.8917017], [3.1992469, 41.8915924], [3.1956884, 41.8938976], [3.1935608, 41.8931941], [3.1940082, 41.8903527], [3.1919626, 41.889878], [3.1908082, 41.8879348], [3.1890187, 41.8887169], [3.1870653, 41.8876958], [3.1838585, 41.8880407], [3.1820246, 41.885295], [3.1834931, 41.8819311], [3.1785002, 41.8788712], [3.1818505, 41.8758966], [3.1791696, 41.8750907], [3.1798185, 41.8736939], [3.1780324, 41.8726557], [3.1773357, 41.8701934]]], [[[3.2183988, 41.9380616], [3.2187881, 41.9376074], [3.21803, 41.9376211], [3.2183988, 41.9380616]]], [[[3.2102572, 41.9031013], [3.2099772, 41.9029374], [3.2097381, 41.903074], [3.2102572, 41.9031013]]], [[[3.1794804, 41.8672155], [3.1789305, 41.8669935], [3.1790876, 41.8673896], [3.1794804, 41.8672155]]]]}}, {"type": "Feature", "properties": {"Index": 2561}, "geometry": {"type": "MultiPolygon", "coordinates": [[[[3.1324067, 41.8418618], [3.1215228, 41.8410763], [3.1285784, 41.842859], [3.1284281, 41.8442899], [3.1256619, 41.8445734], [3.1279705, 41.8457004], [3.1237255, 41.8478792], [3.1219565, 41.8472372], [3.1181658, 41.8482685], [3.116769, 41.8551841], [3.1148702, 41.8553583], [3.1083201, 41.8599925], [3.109529, 41.8648317], [3.1076336, 41.8726045], [3.1054889, 41.8742301], [3.1008342, 41.8745579], [3.0976376, 41.8787824], [3.0969649, 41.8889081], [3.0991164, 41.8894853], [3.1031667, 41.8900249], [3.1128211, 41.8993925], [3.1278339, 41.8943586], [3.1327107, 41.8933409], [3.1360062, 41.888512], [3.1426998, 41.8863332], [3.1421056, 41.8790488], [3.147539, 41.8776588], [3.15663, 41.8730382], [3.1685999, 41.8689093], [3.170386, 41.8696777], [3.1781348, 41.8677448], [3.1765468, 41.8673999], [3.1770147, 41.8663753], [3.1731044, 41.8653986], [3.1726297, 41.8637491], [3.1709973, 41.8631617], [3.1704543, 41.8639028], [3.1698054, 41.8627861], [3.1683711, 41.8639062], [3.16596, 41.8637491], [3.1658063, 41.861905], [3.1609535, 41.860177], [3.1592698, 41.8607883], [3.159164, 41.8594632], [3.1575623, 41.8623285], [3.1540482, 41.8613654], [3.1518864, 41.8620484], [3.1507492, 41.8613381], [3.1510361, 41.8581996], [3.1459646, 41.8585514], [3.1430584, 41.8565194], [3.1436355, 41.8546069], [3.1458827, 41.8535619], [3.1452099, 41.8495628], [3.1382943, 41.8487637], [3.1379358, 41.8477836], [3.1363102, 41.8479168], [3.1351661, 41.8470323], [3.132977, 41.8465644], [3.1329326, 41.8460829], [3.1337249, 41.843665], [3.1324067, 41.8418618]]], [[[3.1539525, 41.8608668], [3.1536179, 41.8607609], [3.1533652, 41.8610171], [3.1539525, 41.8608668]]], [[[3.1415216, 41.8482685], [3.1414943, 41.8481251], [3.1411391, 41.84819], [3.1415216, 41.8482685]]], [[[3.1303372, 41.8407382], [3.1299991, 41.840588], [3.1298932, 41.8409875], [3.1303372, 41.8407382]]]]}}, {"type": "Feature", "properties": {"Index": 2484}, "geometry": {"type": "MultiPolygon", "coordinates": [[[[3.0836699, 41.8264529], [3.0813101, 41.8245165], [3.0809276, 41.8253362], [3.075542, 41.833365], [3.0755351, 41.8356976], [3.0692309, 41.8367596], [3.0651737, 41.8423126], [3.0625441, 41.8436513], [3.0591666, 41.8419403], [3.0569741, 41.8420565], [3.0571278, 41.8445597], [3.0392122, 41.8476026], [3.0336354, 41.8483368], [3.0254323, 41.8541527], [3.0233081, 41.869063], [3.0449666, 41.8721776], [3.0610244, 41.8809715], [3.063275, 41.884892], [3.0609766, 41.8865517], [3.054365, 41.8981562], [3.0683054, 41.8977669], [3.0763104, 41.9002155], [3.0848447, 41.8978694], [3.0912787, 41.8948265], [3.0918422, 41.8922754], [3.0969649, 41.8889081], [3.0976376, 41.8787824], [3.1008342, 41.8745579], [3.1054889, 41.8742301], [3.1076336, 41.8726045], [3.109529, 41.8648317], [3.1083201, 41.8599925], [3.1148702, 41.8553583], [3.116769, 41.8551841], [3.1181658, 41.8482685], [3.1147199, 41.8490028], [3.104461, 41.8456799], [3.0984607, 41.8418584], [3.0972449, 41.8423741], [3.0975591, 41.8409705], [3.0938469, 41.8375315], [3.0934302, 41.8318726], [3.0921188, 41.8327708], [3.0884647, 41.8318043], [3.0847525, 41.8270505], [3.0855072, 41.8260294], [3.0836699, 41.8264529]]], [[[3.0948714, 41.834615], [3.0942874, 41.8343213], [3.0941508, 41.8345091], [3.0948714, 41.834615]]]]}}, {"type": "Feature", "properties": {"Index": 2535}, "geometry": {"type": "Polygon", "coordinates": [[[2.9409429, 41.7609753], [2.9285051, 41.7575226], [2.9239732, 41.7619281], [2.9162278, 41.768188], [2.9069695, 41.7720846], [2.8834975, 41.7736726], [2.8713364, 41.7732252], [2.8542268, 41.7921073], [2.855463, 41.7970831], [2.8537691, 41.8007816], [2.8597797, 41.8028307], [2.8610467, 41.8069527], [2.8642706, 41.8085168], [2.8727776, 41.8089164], [2.872658, 41.8145684], [2.8653531, 41.8142952], [2.8662752, 41.8099238], [2.8521641, 41.810197], [2.850033, 41.8194178], [2.8571262, 41.8290654], [2.8580961, 41.8365206], [2.8624435, 41.8486237], [2.8752228, 41.8489652], [2.8876366, 41.8603648], [2.8982439, 41.859692], [2.9032163, 41.8604536], [2.9121365, 41.8644663], [2.9144588, 41.8607883], [2.9171635, 41.8597125], [2.9279962, 41.8609624], [2.9344337, 41.8625983], [2.9353865, 41.8637765], [2.9374356, 41.8632813], [2.9393992, 41.8647293], [2.9435315, 41.8649991], [2.9487395, 41.8632335], [2.9599308, 41.8531999], [2.9627312, 41.8469776], [2.9670273, 41.843863], [2.9672186, 41.8391912], [2.9694282, 41.8369509], [2.9711186, 41.8283653], [2.9701351, 41.8266885], [2.9669659, 41.825746], [2.9627551, 41.8268115], [2.9493132, 41.8266851], [2.9476535, 41.8258074], [2.9372033, 41.8279624], [2.9334638, 41.8278667], [2.9329174, 41.8263914], [2.9296867, 41.8259304], [2.9306702, 41.8216308], [2.9360661, 41.8134926], [2.9345225, 41.8095482], [2.9439447, 41.789464], [2.9556824, 41.7864655], [2.9592375, 41.7750216], [2.9500304, 41.7686149], [2.9409429, 41.7609753]]]}}, {"type": "Feature", "properties": {"Index": 2619}, "geometry": {"type": "Polygon", "coordinates": [[[2.9756914, 41.753766], [2.971788, 41.7531752], [2.9673825, 41.7534792], [2.96352, 41.7566688], [2.9608699, 41.7568772], [2.9600059, 41.7592472], [2.9569289, 41.7606577], [2.9573831, 41.7625872], [2.9538997, 41.7669005], [2.9500304, 41.7686149], [2.9592375, 41.7750216], [2.9556824, 41.7864655], [2.9439447, 41.789464], [2.9345225, 41.8095482], [2.9360661, 41.8134926], [2.9306702, 41.8216308], [2.9296867, 41.8259304], [2.9329174, 41.8263914], [2.9334638, 41.8278667], [2.9372033, 41.8279624], [2.9476535, 41.8258074], [2.9493132, 41.8266851], [2.9627551, 41.8268115], [2.9669659, 41.825746], [2.9701351, 41.8266885], [2.9711186, 41.8283653], [2.9694282, 41.8369509], [2.9672186, 41.8391912], [2.9670273, 41.843863], [2.9627312, 41.8469776], [2.9599308, 41.8531999], [2.9487395, 41.8632335], [2.9435315, 41.8649991], [2.955737, 41.8844651], [2.9863329, 41.8848305], [3.0073494, 41.8744213], [3.0233081, 41.869063], [3.0254323, 41.8541527], [3.0336354, 41.8483368], [3.0316307, 41.8454647], [3.0280619, 41.8345433], [3.021604, 41.835479], [3.0143947, 41.8321766], [3.016191, 41.8314253], [3.0165087, 41.8276448], [3.0188138, 41.8238608], [3.0188138, 41.8157876], [3.0225875, 41.8113923], [3.0229427, 41.8072601], [3.0268154, 41.8059589], [3.0285673, 41.8001396], [2.9823475, 41.791899], [2.9843316, 41.7896894], [2.983068, 41.7873876], [2.9776415, 41.7841057], [2.9760739, 41.7803525], [2.9762993, 41.7783547], [2.9829895, 41.7732594], [2.9847927, 41.7669346], [2.9833959, 41.7600976], [2.9834266, 41.7591038], [2.98092, 41.7591892], [2.9816474, 41.7575602], [2.9788743, 41.7579905], [2.9765555, 41.7569796], [2.9756914, 41.753766]]]}}, {"type": "Feature", "properties": {"Index": 2599}, "geometry": {"type": "MultiPolygon", "coordinates": [[[[2.9982037, 41.7630038], [2.9833959, 41.7600976], [2.9847927, 41.7669346], [2.9829895, 41.7732594], [2.9762993, 41.7783513], [2.9760739, 41.7803525], [2.9776415, 41.7841057], [2.983068, 41.7873876], [2.9843316, 41.7896894], [2.9823475, 41.791899], [3.0285673, 41.8001396], [3.0300256, 41.7981383], [3.0320883, 41.7980735], [3.0371017, 41.8002216], [3.0397415, 41.797346], [3.0438397, 41.7970387], [3.047528, 41.7926503], [3.0503454, 41.7967518], [3.0528931, 41.7943032], [3.0540679, 41.790451], [3.0503044, 41.7905773], [3.0460151, 41.7886], [3.0452467, 41.7864348], [3.0470396, 41.7859362], [3.0478695, 41.7841638], [3.0467835, 41.7840135], [3.0490067, 41.7828251], [3.0444714, 41.7818108], [3.0446285, 41.7788772], [3.0387136, 41.7785084], [3.0379725, 41.7779346], [3.0335124, 41.7769169], [3.0334202, 41.7766984], [3.0331641, 41.7767735], [3.0333075, 41.7770365], [3.0378427, 41.7780576], [3.0383243, 41.7784469], [3.0378393, 41.7800657], [3.0317707, 41.7803662], [3.0297797, 41.7795363], [3.0294348, 41.7786894], [3.0307974, 41.7785903], [3.0293528, 41.7783445], [3.0305276, 41.7771287], [3.0298412, 41.7759778], [3.0307496, 41.7737409], [3.0319961, 41.7738365], [3.0313199, 41.7729008], [3.0331436, 41.772491], [3.0326381, 41.7715894], [3.0287586, 41.771101], [3.0280483, 41.7730306], [3.0258558, 41.7740005], [3.0250942, 41.7731945], [3.0226695, 41.773997], [3.0115773, 41.7721563], [3.0077284, 41.7708654], [3.0039787, 41.7671395], [3.002196, 41.7668527], [3.0031693, 41.7651724], [3.000608, 41.7658384], [2.9982345, 41.7650188], [2.9982037, 41.7630038]]], [[[3.0460697, 41.7801442], [3.0458033, 41.7798608], [3.044953, 41.7798778], [3.0460697, 41.7801442]]], [[[3.0464932, 41.7795261], [3.0456872, 41.7794988], [3.0461175, 41.7798539], [3.0464932, 41.7795261]]], [[[3.0253128, 41.7726959], [3.0249234, 41.7726447], [3.025002, 41.772993], [3.0253128, 41.7726959]]], [[[3.028482, 41.7708449], [3.0287176, 41.7705546], [3.0282019, 41.7705717], [3.028482, 41.7708449]]]]}}, {"type": "Feature", "properties": {"Index": 2640}, "geometry": {"type": "Polygon", "coordinates": [[[2.9006413, 41.7056371], [2.8970965, 41.704937], [2.8904678, 41.706566], [2.8917757, 41.7146632], [2.8887363, 41.7195297], [2.8794712, 41.720544], [2.8817183, 41.7319709], [2.8677949, 41.7449175], [2.8701787, 41.7458567], [2.8865882, 41.7562385], [2.8831697, 41.7645885], [2.8714115, 41.7727471], [2.8713364, 41.7732252], [2.8834975, 41.7736726], [2.9069695, 41.772088], [2.9162278, 41.768188], [2.9239732, 41.7619281], [2.9285051, 41.7575226], [2.9409429, 41.7609753], [2.9500304, 41.7686149], [2.9538997, 41.7669005], [2.9573831, 41.7625872], [2.9569289, 41.7606577], [2.9600059, 41.7592472], [2.9608699, 41.7568772], [2.96352, 41.7566688], [2.9673825, 41.7534792], [2.971788, 41.7531752], [2.9658184, 41.7451975], [2.9633766, 41.7445316], [2.9618501, 41.7420659], [2.9583564, 41.7402832], [2.957851, 41.7382137], [2.9604772, 41.737517], [2.9580969, 41.7365813], [2.9587218, 41.7357002], [2.956642, 41.7356831], [2.955416, 41.7372506], [2.9539066, 41.736752], [2.9550335, 41.733354], [2.9540568, 41.731001], [2.9511779, 41.7327529], [2.9514169, 41.7311752], [2.9472061, 41.7300721], [2.9487429, 41.7300721], [2.9480599, 41.7276235], [2.9457172, 41.7271249], [2.9444262, 41.7253558], [2.9414756, 41.7251578], [2.9411956, 41.7236859], [2.9399217, 41.7238327], [2.940154, 41.7215275], [2.9381254, 41.7217939], [2.9352396, 41.7203596], [2.9339556, 41.7180202], [2.9354002, 41.7152096], [2.9332828, 41.7146529], [2.932692, 41.7157833], [2.9312167, 41.7145266], [2.9297243, 41.7150013], [2.9243796, 41.7118935], [2.9198581, 41.7128908], [2.9159717, 41.7102201], [2.9163132, 41.7093561], [2.9125293, 41.7077886], [2.9112042, 41.709199], [2.909162, 41.7085468], [2.9083389, 41.7101826], [2.9044492, 41.710589], [2.8997329, 41.7076281], [2.9006413, 41.7056371]]]}}, {"type": "Feature", "properties": {"Index": 2549}, "geometry": {"type": "MultiPolygon", "coordinates": [[[[2.8197924, 41.6888382], [2.817091, 41.6864648], [2.8065589, 41.6908668], [2.790163, 41.7040491], [2.787045, 41.7108963], [2.7854297, 41.7209777], [2.7818712, 41.7277669], [2.7775852, 41.7310078], [2.7772164, 41.7354714], [2.7818882, 41.7363627], [2.7842515, 41.7383298], [2.7897122, 41.7389001], [2.8087241, 41.7443199], [2.839535, 41.756382], [2.8492202, 41.7621603], [2.8701787, 41.7458567], [2.8677949, 41.7449175], [2.8817183, 41.7319709], [2.8794712, 41.720544], [2.8887363, 41.7195297], [2.8917757, 41.7146632], [2.8904678, 41.706566], [2.8970965, 41.704937], [2.8955836, 41.7036495], [2.8899965, 41.7032431], [2.8902628, 41.7023654], [2.8875274, 41.7012077], [2.8855808, 41.7035505], [2.8827735, 41.704254], [2.8808713, 41.7038271], [2.8795941, 41.701276], [2.8736826, 41.7016483], [2.8723302, 41.7001251], [2.8656878, 41.6982707], [2.8648306, 41.6992782], [2.8608828, 41.699326], [2.8601827, 41.6984995], [2.8580585, 41.6998314], [2.8536428, 41.6997495], [2.8460271, 41.6968364], [2.845631, 41.6950025], [2.8437561, 41.6951049], [2.8425745, 41.6933667], [2.8384524, 41.6926597], [2.8366459, 41.6944527], [2.834631, 41.6944731], [2.8309973, 41.6927041], [2.8297918, 41.6906517], [2.8288663, 41.6911742], [2.827046, 41.689774], [2.8246964, 41.6904775], [2.8219473, 41.688647], [2.8197924, 41.6888382]]], [[[2.8871073, 41.7013375], [2.8865028, 41.7012965], [2.8868785, 41.7014775], [2.8871073, 41.7013375]]]]}}, {"type": "Feature", "properties": {"Index": 2497}, "geometry": {"type": "Polygon", "coordinates": [[[3.0556354, 41.7887707], [3.0562877, 41.7875618], [3.0543069, 41.7878111], [3.0540679, 41.790451], [3.0528931, 41.7943032], [3.0503454, 41.7967518], [3.047528, 41.7926503], [3.0438397, 41.7970387], [3.0397415, 41.797346], [3.0371017, 41.8002216], [3.0320883, 41.7980735], [3.0300256, 41.7981383], [3.0285673, 41.8001396], [3.0268154, 41.8059589], [3.0229427, 41.8072601], [3.0225875, 41.8113923], [3.0188138, 41.8157876], [3.0188138, 41.8238608], [3.0165087, 41.8276448], [3.016191, 41.8314253], [3.0143947, 41.8321766], [3.021604, 41.835479], [3.0280619, 41.8345433], [3.0316307, 41.8454647], [3.0336354, 41.8483368], [3.0392122, 41.8476026], [3.0571278, 41.8445597], [3.0569741, 41.8420565], [3.0591666, 41.8419403], [3.0625441, 41.8436513], [3.0651737, 41.8423126], [3.0692309, 41.8367596], [3.0755351, 41.8356976], [3.075542, 41.833365], [3.0809276, 41.8253362], [3.0801967, 41.8241306], [3.0743638, 41.8220167], [3.0700437, 41.8169248], [3.0646922, 41.8028785], [3.0664407, 41.800785], [3.0651908, 41.8018779], [3.0628003, 41.8017208], [3.0626739, 41.8044699], [3.0591973, 41.8039816], [3.0552973, 41.8050437], [3.0585246, 41.8035103], [3.0608537, 41.8036401], [3.0631281, 41.8005392], [3.0652899, 41.8011709], [3.0640877, 41.799156], [3.0609971, 41.7979812], [3.0615298, 41.7951331], [3.057845, 41.7913628], [3.0592793, 41.7904134], [3.0556354, 41.7887707]]]}}, {"type": "Feature", "properties": {"Index": 11068}, "geometry": {"type": "Polygon", "coordinates": [[[-16.3074625, 28.409745], [-16.3074899, 28.4097313], [-16.3075001, 28.4097518], [-16.3075309, 28.409803], [-16.3075548, 28.409844], [-16.307606, 28.4099294], [-16.3076675, 28.4100148], [-16.3076948, 28.4100421], [-16.3077562, 28.4100865], [-16.3078143, 28.4101275], [-16.3078758, 28.4101616], [-16.3079031, 28.4101787], [-16.307927, 28.4101992], [-16.3079543, 28.4102504], [-16.3079782, 28.4103119], [-16.3080363, 28.4104929], [-16.3080704, 28.4105885], [-16.3081285, 28.4107251], [-16.3081626, 28.4107934], [-16.3081934, 28.4108515], [-16.308248, 28.4109061], [-16.3083232, 28.4109607], [-16.3084154, 28.4110598], [-16.3084529, 28.4111076], [-16.3084871, 28.4111588], [-16.308552, 28.4112715], [-16.3085725, 28.4113569], [-16.3085827, 28.411391], [-16.3086134, 28.4114491], [-16.3086442, 28.4114935], [-16.3086715, 28.4115242], [-16.3086954, 28.4115481], [-16.3087398, 28.4115789], [-16.3087432, 28.4115925], [-16.3087398, 28.4116199], [-16.3087876, 28.4117701], [-16.3088013, 28.4118248], [-16.3088286, 28.4118828], [-16.3088491, 28.4119067], [-16.3089208, 28.4119921], [-16.3089959, 28.4120741], [-16.3090472, 28.4121253], [-16.3090745, 28.4121424], [-16.3090984, 28.4121594], [-16.309235, 28.4121799], [-16.3092623, 28.412197], [-16.3093101, 28.4122414], [-16.3093511, 28.4122926], [-16.3093852, 28.4123541], [-16.3094092, 28.412378], [-16.3094706, 28.4123882], [-16.3095731, 28.4123951], [-16.309696, 28.4124292], [-16.3098463, 28.4124839], [-16.3098839, 28.4124941], [-16.3099385, 28.4125009], [-16.3099658, 28.4125009], [-16.3099931, 28.4125112], [-16.3100136, 28.4125283], [-16.3100478, 28.4125556], [-16.3101092, 28.4125761], [-16.310181, 28.4126102], [-16.3102151, 28.4126273], [-16.3102595, 28.4126785], [-16.3103722, 28.4128083], [-16.3104064, 28.4128288], [-16.3104712, 28.4128698], [-16.3105976, 28.4129278], [-16.3106215, 28.4129381], [-16.3106693, 28.4129552], [-16.3107615, 28.413003], [-16.3107957, 28.4130235], [-16.3108674, 28.4131122], [-16.3108947, 28.4131362], [-16.3109596, 28.4131464], [-16.3110791, 28.4131498], [-16.311284, 28.4131703], [-16.3113148, 28.4131737], [-16.3113626, 28.4131908], [-16.3113797, 28.4132045], [-16.3113933, 28.4132249], [-16.311407, 28.4132591], [-16.3114343, 28.4133342], [-16.311448, 28.4133991], [-16.311448, 28.4135186], [-16.311465, 28.4135494], [-16.3114924, 28.4135699], [-16.3115129, 28.4135733], [-16.3115368, 28.4135869], [-16.3115675, 28.4136177], [-16.3117143, 28.4139421], [-16.3117622, 28.4140377], [-16.3117963, 28.4140924], [-16.311827, 28.4141197], [-16.3118817, 28.4141675], [-16.3119056, 28.4141812], [-16.3119227, 28.4142085], [-16.3119329, 28.414229], [-16.3119397, 28.4142529], [-16.3119432, 28.4142666], [-16.3119466, 28.4142905], [-16.3119432, 28.414328], [-16.311909, 28.4143861], [-16.3118885, 28.4144544], [-16.3118885, 28.4144954], [-16.3118953, 28.4145363], [-16.3119124, 28.4145739], [-16.3120046, 28.4146388], [-16.3121071, 28.4146969], [-16.3122573, 28.414772], [-16.3124588, 28.414871], [-16.3125101, 28.414912], [-16.312493, 28.4149325], [-16.3125101, 28.4149837], [-16.3125169, 28.415052], [-16.3124827, 28.4152945], [-16.3124827, 28.4153252], [-16.3124964, 28.4153355], [-16.3125545, 28.4154174], [-16.3125818, 28.4154584], [-16.3126262, 28.4155096], [-16.3124076, 28.4157487], [-16.312131, 28.4160697], [-16.311909, 28.416261], [-16.3115982, 28.4165], [-16.3112704, 28.4167664], [-16.31042, 28.4172855], [-16.3092452, 28.4179207], [-16.3087466, 28.418252], [-16.3083402, 28.4185081], [-16.3079372, 28.4188018], [-16.3078997, 28.4188394], [-16.3077153, 28.4190306], [-16.3075957, 28.4191604], [-16.3074011, 28.419396], [-16.3072542, 28.4195531], [-16.3069537, 28.4199219], [-16.3067488, 28.4201781], [-16.3065815, 28.4204103], [-16.30638, 28.4206835], [-16.3061955, 28.4209806], [-16.3060419, 28.421206], [-16.3058779, 28.4214963], [-16.3057277, 28.4217866], [-16.3055979, 28.4220461], [-16.3054613, 28.4223432], [-16.3054101, 28.4224594], [-16.3053179, 28.4226677], [-16.3051403, 28.4230638], [-16.3050105, 28.4233507], [-16.3048227, 28.4237776], [-16.3046314, 28.4242318], [-16.3044675, 28.4246075], [-16.3044197, 28.4247202], [-16.3043924, 28.4247816], [-16.3043104, 28.4249729], [-16.3042011, 28.4252324], [-16.304126, 28.4254032], [-16.3039757, 28.4257515], [-16.3039518, 28.425813], [-16.3037845, 28.4261886], [-16.3037742, 28.4262091], [-16.3036752, 28.4264448], [-16.3036615, 28.4264721], [-16.3036376, 28.4265267], [-16.3036274, 28.4265541], [-16.3043446, 28.426776], [-16.3039757, 28.4275991], [-16.3040782, 28.4276742], [-16.3041431, 28.4281967], [-16.3041602, 28.4283367], [-16.3041772, 28.4284904], [-16.3042011, 28.4286783], [-16.3042285, 28.4288319], [-16.3042353, 28.4289071], [-16.3042763, 28.4291222], [-16.3043104, 28.42931], [-16.3043343, 28.429433], [-16.3043685, 28.4295798], [-16.3043958, 28.4296925], [-16.3044197, 28.4297813], [-16.3044675, 28.4298735], [-16.3045017, 28.4299316], [-16.3045597, 28.4300101], [-16.3046041, 28.4300648], [-16.3046656, 28.4301365], [-16.3047578, 28.4302253], [-16.3048773, 28.4303107], [-16.3049798, 28.4303824], [-16.3050993, 28.4304643], [-16.3052462, 28.4305566], [-16.305393, 28.4306556], [-16.3058233, 28.4309288], [-16.3061033, 28.4311098], [-16.3063356, 28.4312601], [-16.3063287, 28.4312669], [-16.3061204, 28.4315094], [-16.3061272, 28.4315128], [-16.3061068, 28.4315367], [-16.3061272, 28.4315469], [-16.3061512, 28.4315503], [-16.3061682, 28.4315674], [-16.3062331, 28.4315913], [-16.3063117, 28.4316186], [-16.3063834, 28.4316494], [-16.3064414, 28.4316733], [-16.3065473, 28.4317177], [-16.3066019, 28.431745], [-16.3066805, 28.4318236], [-16.3067249, 28.4318782], [-16.3067454, 28.4319123], [-16.3067795, 28.4319704], [-16.3067864, 28.4319977], [-16.3068205, 28.4320592], [-16.3068547, 28.4321446], [-16.3068649, 28.4321616], [-16.3068854, 28.4321924], [-16.3069025, 28.4322265], [-16.3069127, 28.4322334], [-16.3069161, 28.4322436], [-16.3069264, 28.4322436], [-16.3071245, 28.4322197], [-16.3071723, 28.4325066], [-16.3071791, 28.4325134], [-16.3078006, 28.4328959], [-16.3080295, 28.4330223], [-16.3086886, 28.4329676], [-16.3092623, 28.4332886], [-16.3095902, 28.433514], [-16.3095867, 28.4337258], [-16.3095765, 28.4339853], [-16.3097336, 28.4342141], [-16.3100444, 28.4344429], [-16.3103688, 28.4345351], [-16.3103756, 28.4349449], [-16.3104781, 28.435505], [-16.3103825, 28.4355904], [-16.3102219, 28.4356519], [-16.3102732, 28.4357543], [-16.3104473, 28.4359558], [-16.3106283, 28.4361266], [-16.3107342, 28.4362085], [-16.3108776, 28.4365808], [-16.3109255, 28.4366969], [-16.3109869, 28.4368608], [-16.3110382, 28.436912], [-16.3110655, 28.4369769], [-16.3111987, 28.4370179], [-16.3113865, 28.4370657], [-16.3115197, 28.4370999], [-16.3115948, 28.4371101], [-16.3117417, 28.4371067], [-16.3118817, 28.4371204], [-16.3120354, 28.4371443], [-16.3121822, 28.4371272], [-16.3124247, 28.4371135], [-16.3126296, 28.4370555], [-16.3127833, 28.4370008], [-16.312896, 28.4369633], [-16.3129574, 28.4369291], [-16.313036, 28.4368916], [-16.3131145, 28.4368301], [-16.3132341, 28.4368437], [-16.3135004, 28.4369496], [-16.3136644, 28.4369701], [-16.3137429, 28.4369906], [-16.3138283, 28.4370111], [-16.3138761, 28.4370452], [-16.3139546, 28.4370726], [-16.3139888, 28.4370999], [-16.3140708, 28.4370726], [-16.3140878, 28.4370418], [-16.3141356, 28.4369803], [-16.3141698, 28.4369223], [-16.3142039, 28.4368608], [-16.3142859, 28.4368233], [-16.3143474, 28.4368096], [-16.3144396, 28.4367993], [-16.3145899, 28.4367959], [-16.3146752, 28.4368062], [-16.314764, 28.4368164], [-16.314887, 28.4368779], [-16.3150202, 28.4369223], [-16.315126, 28.4369872], [-16.3152626, 28.4370555], [-16.31543, 28.4371238], [-16.3156451, 28.4371511], [-16.3156827, 28.4371853], [-16.3157851, 28.4371648], [-16.3158978, 28.4372092], [-16.3159422, 28.4372296], [-16.3159456, 28.4372296], [-16.3159627, 28.4372331], [-16.3159695, 28.4372365], [-16.3159935, 28.4372399], [-16.3160413, 28.437274], [-16.3160925, 28.4373048], [-16.3161813, 28.4373799], [-16.3162803, 28.4374585], [-16.3162769, 28.4374619], [-16.3168541, 28.4379297], [-16.3169019, 28.4379707], [-16.3170282, 28.4380117], [-16.3172126, 28.4380424], [-16.3173014, 28.4380493], [-16.3174039, 28.4380629], [-16.3174654, 28.4380561], [-16.3175678, 28.4380493], [-16.3176259, 28.4380561], [-16.317841, 28.4380834], [-16.3178888, 28.4381073], [-16.3180528, 28.4382439], [-16.3181825, 28.4383327], [-16.3182474, 28.4383874], [-16.3182952, 28.4384283], [-16.3183567, 28.4384591], [-16.3183499, 28.4384659], [-16.3183601, 28.4384693], [-16.3184626, 28.4385001], [-16.3187836, 28.4384318], [-16.3189782, 28.4384079], [-16.3190978, 28.4383908], [-16.3192856, 28.4383839], [-16.3192856, 28.4383805], [-16.3193778, 28.4383805], [-16.319412, 28.4383771], [-16.319429, 28.4383737], [-16.3194427, 28.4383669], [-16.3194871, 28.4383532], [-16.3195315, 28.438343], [-16.3195452, 28.4383327], [-16.3195486, 28.4383156], [-16.3195452, 28.4382781], [-16.3195486, 28.4382405], [-16.3195452, 28.4382029], [-16.3195383, 28.4381551], [-16.3195315, 28.4381039], [-16.3195212, 28.4380527], [-16.3195144, 28.4379946], [-16.3195144, 28.4379502], [-16.3195281, 28.4379058], [-16.3195452, 28.4378785], [-16.319593, 28.4378273], [-16.3196408, 28.4377829], [-16.3196954, 28.4377283], [-16.3197535, 28.437677], [-16.3198423, 28.4376087], [-16.3199379, 28.4375541], [-16.3200199, 28.4375165], [-16.3201018, 28.4374824], [-16.3201633, 28.4374619], [-16.3202248, 28.437455], [-16.3202623, 28.4374619], [-16.3202828, 28.4374687], [-16.320334, 28.4374892], [-16.3203716, 28.4375063], [-16.3204126, 28.4375199], [-16.3204502, 28.4375404], [-16.3205253, 28.4375746], [-16.3205936, 28.4376224], [-16.3206243, 28.4376463], [-16.3206551, 28.4376668], [-16.3206858, 28.4376941], [-16.3207234, 28.437718], [-16.3207609, 28.4377487], [-16.3208087, 28.4377897], [-16.32086, 28.4378307], [-16.3208873, 28.4378546], [-16.3209112, 28.4378785], [-16.3209624, 28.4379058], [-16.3210171, 28.4379297], [-16.3210512, 28.4379434], [-16.3210854, 28.4379605], [-16.3211332, 28.4379776], [-16.321181, 28.4380015], [-16.3212766, 28.4380424], [-16.3213142, 28.4380595], [-16.3213449, 28.4380868], [-16.3213688, 28.4381176], [-16.3213927, 28.4381551], [-16.32142, 28.4381859], [-16.3214542, 28.4382098], [-16.3214918, 28.4382166], [-16.3215259, 28.43822], [-16.3216215, 28.43822], [-16.3216557, 28.4382234], [-16.3216967, 28.4382303], [-16.3217376, 28.4382405], [-16.3217752, 28.4382473], [-16.3218128, 28.4382576], [-16.3218435, 28.4382678], [-16.3218742, 28.4382815], [-16.3218947, 28.4382952], [-16.3219084, 28.4383156], [-16.3219186, 28.4383361], [-16.3219255, 28.4383566], [-16.3219255, 28.4383805], [-16.3219289, 28.4384044], [-16.3219357, 28.4384386], [-16.3219391, 28.4384727], [-16.321946, 28.4385103], [-16.3219562, 28.4385479], [-16.3219733, 28.438582], [-16.3219972, 28.4386128], [-16.3220313, 28.4386333], [-16.3220621, 28.4386469], [-16.3220962, 28.4386606], [-16.3221304, 28.4386708], [-16.3221679, 28.4386811], [-16.3222055, 28.4386811], [-16.3222362, 28.4386674], [-16.3222602, 28.4386435], [-16.3222772, 28.4386128], [-16.3222977, 28.4385786], [-16.3223148, 28.4385445], [-16.3223319, 28.4385137], [-16.3223489, 28.4384762], [-16.322366, 28.4384352], [-16.3223831, 28.438401], [-16.3224002, 28.4383635], [-16.3224036, 28.438343], [-16.3224104, 28.4383191], [-16.3224172, 28.4382917], [-16.3224241, 28.4382678], [-16.3224377, 28.4382439], [-16.3224616, 28.4382269], [-16.322489, 28.4382234], [-16.3225436, 28.4382371], [-16.3225709, 28.4382473], [-16.3226051, 28.438261], [-16.3226426, 28.4382781], [-16.3226836, 28.4382952], [-16.3227212, 28.4383088], [-16.3227656, 28.4383259], [-16.3228066, 28.4383396], [-16.3228441, 28.4383532], [-16.3229329, 28.4383669], [-16.3230217, 28.4383737], [-16.3230627, 28.4383771], [-16.3231139, 28.4383771], [-16.3231617, 28.4383805], [-16.3232027, 28.4383839], [-16.3232881, 28.4383839], [-16.3233291, 28.4383805], [-16.3233974, 28.4383737], [-16.3234793, 28.4383737], [-16.3227724, 28.4393504], [-16.3227383, 28.439931], [-16.3232813, 28.4398866], [-16.3232847, 28.4398934], [-16.3243195, 28.4398149], [-16.324316, 28.4398217], [-16.3243195, 28.4398285], [-16.324316, 28.4398388], [-16.3242921, 28.440351], [-16.3243263, 28.4403749], [-16.3243639, 28.4404091], [-16.3244014, 28.4404467], [-16.3245039, 28.4405559], [-16.3245141, 28.4405628], [-16.3245312, 28.440573], [-16.3246063, 28.440655], [-16.3246473, 28.4406926], [-16.3246917, 28.4407233], [-16.3247634, 28.4407609], [-16.3248386, 28.440795], [-16.3248932, 28.4408189], [-16.3249478, 28.440836], [-16.3249888, 28.4408462], [-16.3250332, 28.4408531], [-16.3250844, 28.4408667], [-16.3251322, 28.440877], [-16.3252074, 28.4409043], [-16.3252757, 28.4409419], [-16.3253235, 28.440976], [-16.3253679, 28.4410102], [-16.325443, 28.4410511], [-16.3255182, 28.4410853], [-16.3256309, 28.4411331], [-16.3257436, 28.4411707], [-16.3257914, 28.4411775], [-16.3258392, 28.4411809], [-16.3258597, 28.4411877], [-16.3258836, 28.4411946], [-16.3259143, 28.4412048], [-16.3259416, 28.4412116], [-16.3259519, 28.4412151], [-16.3259621, 28.4412219], [-16.325986, 28.4412458], [-16.3260748, 28.4413278], [-16.3261021, 28.4413551], [-16.3261192, 28.441379], [-16.3261431, 28.4414268], [-16.3261534, 28.4414507], [-16.3261739, 28.441478], [-16.3262012, 28.4415053], [-16.3262592, 28.44156], [-16.3263207, 28.4416078], [-16.326348, 28.4416283], [-16.3263753, 28.4416454], [-16.3263924, 28.441659], [-16.3264915, 28.4417444], [-16.3265734, 28.4418298], [-16.3263651, 28.4420176], [-16.3260816, 28.4423899], [-16.3259724, 28.4425094], [-16.3253372, 28.4437422], [-16.3253372, 28.4437832], [-16.3253645, 28.4438139], [-16.3254464, 28.443831], [-16.3258153, 28.4439574], [-16.3257196, 28.4441316], [-16.3256172, 28.4443126], [-16.325583, 28.4444355], [-16.3255113, 28.4448419], [-16.3254533, 28.4448658], [-16.3252928, 28.4448077], [-16.3251766, 28.4448726], [-16.3247976, 28.4448556], [-16.324357, 28.4448692], [-16.3243707, 28.4450878], [-16.3243365, 28.4451561], [-16.3242751, 28.4452654], [-16.324217, 28.4454395], [-16.3241419, 28.4455522], [-16.3240428, 28.445682], [-16.3243058, 28.4459416], [-16.3245175, 28.4460884], [-16.3246234, 28.446266], [-16.3246132, 28.4463445], [-16.3247566, 28.4464777], [-16.3250264, 28.4465836], [-16.3251596, 28.4467783], [-16.3252381, 28.4469012], [-16.3254191, 28.4469968], [-16.3254396, 28.4471471], [-16.3254772, 28.4472734], [-16.3255045, 28.4474783], [-16.3255796, 28.4475842], [-16.3256035, 28.4477686], [-16.3256479, 28.4479052], [-16.3235203, 28.4489229], [-16.3231925, 28.4490322], [-16.323312, 28.4501114], [-16.3233188, 28.4501114], [-16.323353, 28.4501011], [-16.3233837, 28.4500943], [-16.323411, 28.4500977], [-16.3234452, 28.4501046], [-16.3234657, 28.4501046], [-16.3234828, 28.450108], [-16.3235306, 28.450108], [-16.3235784, 28.4501114], [-16.3236228, 28.4501182], [-16.3236706, 28.4501216], [-16.3237116, 28.4501285], [-16.323756, 28.4501387], [-16.3238004, 28.4501387], [-16.3238072, 28.4501421], [-16.3238482, 28.4501319], [-16.3238926, 28.4501216], [-16.323937, 28.4501148], [-16.3239848, 28.4501011], [-16.3240292, 28.4500909], [-16.3240804, 28.4500772], [-16.3241282, 28.450067], [-16.3241692, 28.4500533], [-16.3242102, 28.4500328], [-16.3242546, 28.4500123], [-16.3242956, 28.4499919], [-16.3243434, 28.4499782], [-16.3243912, 28.4499748], [-16.3244492, 28.4499679], [-16.3244697, 28.4499645], [-16.3245039, 28.4499645], [-16.3245414, 28.4499748], [-16.3245858, 28.4499884], [-16.3246336, 28.4500089], [-16.3246815, 28.450026], [-16.3247566, 28.4500602], [-16.3247907, 28.4500738], [-16.3248283, 28.4500943], [-16.3248693, 28.4501114], [-16.3249171, 28.4501148], [-16.3249649, 28.4501114], [-16.3249991, 28.4501114], [-16.3250435, 28.4501046], [-16.3250708, 28.4500943], [-16.3251015, 28.4500875], [-16.3251425, 28.4500738], [-16.3251869, 28.4500602], [-16.3252245, 28.4500499], [-16.3253576, 28.4500192], [-16.3254055, 28.4500123], [-16.3254533, 28.4500089], [-16.3255523, 28.4500089], [-16.3256001, 28.4500123], [-16.3256479, 28.4500192], [-16.3256992, 28.4500226], [-16.325747, 28.4500294], [-16.3258802, 28.4500499], [-16.3259211, 28.4500567], [-16.3259655, 28.450067], [-16.3260065, 28.4500772], [-16.3261397, 28.4501285], [-16.3262217, 28.4501626], [-16.3262592, 28.4501797], [-16.326307, 28.4502002], [-16.326348, 28.4502138], [-16.326389, 28.4502309], [-16.3264368, 28.450248], [-16.3264846, 28.4502685], [-16.326529, 28.4502856], [-16.32657, 28.4503026], [-16.3266178, 28.4503129], [-16.3266588, 28.4503231], [-16.3267373, 28.4503504], [-16.3267681, 28.4503675], [-16.3268022, 28.4503812], [-16.3268364, 28.4504085], [-16.3268979, 28.4504666], [-16.3269252, 28.4504973], [-16.3269457, 28.4505246], [-16.3269593, 28.4505485], [-16.3269696, 28.450569], [-16.3269901, 28.4505963], [-16.3270174, 28.4506441], [-16.3270549, 28.4507193], [-16.3270754, 28.4507637], [-16.3271164, 28.4508422], [-16.3271369, 28.4508764], [-16.3271984, 28.4509617], [-16.3272325, 28.4510266], [-16.3272838, 28.4511291], [-16.3273008, 28.4511666], [-16.3273282, 28.4512418], [-16.3273452, 28.4512862], [-16.3273657, 28.4513613], [-16.3273794, 28.4513989], [-16.3273896, 28.4514399], [-16.3273999, 28.4514774], [-16.3274204, 28.4515491], [-16.3274204, 28.4515662], [-16.3274477, 28.4517165], [-16.3274613, 28.4517609], [-16.327475, 28.4517848], [-16.3259348, 28.4502377], [-16.3204672, 28.4511632], [-16.3144737, 28.4501455], [-16.3084802, 28.4470036], [-16.3052188, 28.4474647], [-16.3000689, 28.4457093], [-16.299017, 28.4434895], [-16.3010149, 28.4391421], [-16.2989112, 28.4372945], [-16.2993312, 28.4354436], [-16.2960015, 28.4315401], [-16.296425, 28.4314889], [-16.296425, 28.4314855], [-16.2964181, 28.431465], [-16.2963703, 28.4312874], [-16.2963737, 28.4312532], [-16.296384, 28.4312225], [-16.2963874, 28.4311986], [-16.2963942, 28.4311713], [-16.2964147, 28.4311235], [-16.2964181, 28.4310996], [-16.2964181, 28.4310859], [-16.2964113, 28.431062], [-16.2964045, 28.4310449], [-16.2963874, 28.431021], [-16.2963669, 28.4310073], [-16.296343, 28.4309971], [-16.2963191, 28.4309903], [-16.2963089, 28.43098], [-16.2962986, 28.4309766], [-16.2962337, 28.4309117], [-16.2961791, 28.4308707], [-16.2961483, 28.4308468], [-16.2961142, 28.4308229], [-16.2961005, 28.4308127], [-16.29608, 28.430799], [-16.2960459, 28.4307751], [-16.296022, 28.430758], [-16.2960015, 28.4307376], [-16.2959708, 28.4307171], [-16.29594, 28.4307034], [-16.2959229, 28.4306932], [-16.295899, 28.4306727], [-16.2958649, 28.4306488], [-16.2958444, 28.4306317], [-16.2958307, 28.4306214], [-16.2957624, 28.4305873], [-16.2957385, 28.4305805], [-16.2957146, 28.4305668], [-16.2956873, 28.4305463], [-16.29566, 28.4305292], [-16.2956361, 28.4305156], [-16.2956156, 28.4304985], [-16.2955985, 28.4304848], [-16.2955849, 28.4304712], [-16.2955575, 28.4304507], [-16.2955302, 28.4304268], [-16.2954926, 28.4303926], [-16.2954585, 28.4303653], [-16.2954278, 28.430338], [-16.295356, 28.4302765], [-16.2952809, 28.4302116], [-16.2951682, 28.4301297], [-16.2950555, 28.4300511], [-16.2949223, 28.4299555], [-16.2947925, 28.429853], [-16.2946628, 28.4297438], [-16.294533, 28.4296311], [-16.2944305, 28.4295525], [-16.2943349, 28.4294706], [-16.2942666, 28.4293886], [-16.2942461, 28.4293613], [-16.2941608, 28.4292759], [-16.2941369, 28.4292486], [-16.2941129, 28.4292178], [-16.2940959, 28.4291871], [-16.2940822, 28.4291564], [-16.2940822, 28.4291427], [-16.2940856, 28.429129], [-16.2940959, 28.4291017], [-16.2941027, 28.4290744], [-16.2941164, 28.4290437], [-16.2941198, 28.4290129], [-16.2941095, 28.428989], [-16.2940993, 28.4289617], [-16.2940925, 28.4289344], [-16.2940822, 28.4289071], [-16.2940856, 28.4288968], [-16.2940959, 28.4288763], [-16.2941129, 28.4288593], [-16.2941266, 28.4288422], [-16.2941437, 28.4288285], [-16.2941642, 28.428808], [-16.2941847, 28.4287909], [-16.2942017, 28.4287841], [-16.2942086, 28.428767], [-16.294212, 28.4287534], [-16.2942052, 28.4287329], [-16.2941744, 28.4287022], [-16.2941539, 28.4286885], [-16.29413, 28.4286783], [-16.2941027, 28.4286714], [-16.2940412, 28.4286578], [-16.2939763, 28.4286407], [-16.2939217, 28.4285997], [-16.2938671, 28.4285621], [-16.2937817, 28.4285075], [-16.2936929, 28.4284597], [-16.2936417, 28.4284221], [-16.2935938, 28.4283777], [-16.2935768, 28.4283504], [-16.2935631, 28.4283197], [-16.2935529, 28.4282889], [-16.293546, 28.4282582], [-16.2935324, 28.4281762], [-16.2935221, 28.428125], [-16.2935119, 28.4280772], [-16.2934982, 28.4280533], [-16.2934709, 28.4280191], [-16.2934368, 28.4279884], [-16.2933821, 28.4279406], [-16.2933548, 28.4279201], [-16.293307, 28.4278723], [-16.2932455, 28.427804], [-16.2932045, 28.4277562], [-16.2931875, 28.4277425], [-16.2931601, 28.4277289], [-16.2931362, 28.4277186], [-16.2931294, 28.4277118], [-16.293126, 28.4277049], [-16.2930987, 28.4277015], [-16.2930679, 28.4277015], [-16.2930474, 28.4276981], [-16.2930099, 28.4276845], [-16.2929142, 28.4276469], [-16.2928698, 28.427623], [-16.2928289, 28.4275957], [-16.292822, 28.427582], [-16.2927845, 28.4275444], [-16.2927674, 28.4275205], [-16.2927435, 28.4274966], [-16.2927264, 28.427483], [-16.2926615, 28.4274386], [-16.292583, 28.4273771], [-16.2925625, 28.4273634], [-16.292542, 28.4273464], [-16.2925283, 28.4273327], [-16.2925215, 28.427319], [-16.2925215, 28.4272986], [-16.2925283, 28.4272781], [-16.292542, 28.4272576], [-16.2925522, 28.4272405], [-16.2925557, 28.4272303], [-16.2925625, 28.4272166], [-16.2925659, 28.4272029], [-16.2925659, 28.4271688], [-16.2925557, 28.4271449], [-16.292542, 28.4271176], [-16.2925181, 28.4270971], [-16.2924976, 28.42708], [-16.2924532, 28.4270458], [-16.2924395, 28.427039], [-16.2924156, 28.4270219], [-16.2923166, 28.4270322], [-16.2920741, 28.4269297], [-16.2917702, 28.426858], [-16.2915516, 28.4267897], [-16.2915687, 28.4267658], [-16.2915858, 28.4267453], [-16.291596, 28.4267248], [-16.2916097, 28.4267043], [-16.2916472, 28.4266668], [-16.2916677, 28.4266531], [-16.2916951, 28.4266429], [-16.2917155, 28.4266394], [-16.2917326, 28.4266121], [-16.2917463, 28.4265814], [-16.2917599, 28.4265609], [-16.291777, 28.4265438], [-16.2917873, 28.4265404], [-16.2918078, 28.4265472], [-16.2918248, 28.4265506], [-16.2918522, 28.426537], [-16.2918726, 28.4265233], [-16.2918726, 28.4265131], [-16.2918453, 28.4264858], [-16.2918419, 28.4264653], [-16.2918385, 28.4264516], [-16.2918419, 28.4264243], [-16.2918487, 28.4264038], [-16.2918556, 28.4263696], [-16.2918658, 28.4263355], [-16.2918761, 28.4263048], [-16.2918863, 28.4262706], [-16.2919102, 28.4262126], [-16.2919375, 28.4261511], [-16.2919478, 28.4261238], [-16.2919751, 28.4260623], [-16.2919853, 28.4260281], [-16.2919956, 28.4260008], [-16.2920024, 28.4259803], [-16.2920058, 28.4259564], [-16.2920195, 28.4259086], [-16.2920229, 28.4258813], [-16.2920161, 28.4258642], [-16.2920058, 28.4258506], [-16.2919785, 28.4258164], [-16.2919751, 28.4257959], [-16.2919683, 28.4257788], [-16.2919648, 28.4257515], [-16.2919648, 28.4257413], [-16.2919683, 28.4257276], [-16.2919819, 28.4257139], [-16.291999, 28.4257037], [-16.2920297, 28.4256832], [-16.2920912, 28.4256525], [-16.2921527, 28.4256252], [-16.29218, 28.4256115], [-16.2922107, 28.4255944], [-16.2922381, 28.4255705], [-16.292262, 28.4255569], [-16.2922859, 28.4255398], [-16.2923132, 28.4255261], [-16.2923405, 28.4255193], [-16.2923917, 28.4254783], [-16.292443, 28.4254407], [-16.2924669, 28.4254237], [-16.2925147, 28.4253827], [-16.2925318, 28.4253554], [-16.2925591, 28.4253007], [-16.2925864, 28.4252529], [-16.2926001, 28.4252256], [-16.2926137, 28.4252017], [-16.2926274, 28.425188], [-16.2926547, 28.4251709], [-16.2926752, 28.4251539], [-16.2926718, 28.4251368], [-16.2926581, 28.4251129], [-16.2926513, 28.425089], [-16.2926547, 28.4250514], [-16.2926615, 28.4250173], [-16.2926718, 28.4249763], [-16.2926888, 28.4249387], [-16.2927059, 28.424908], [-16.2927264, 28.4248807], [-16.2927503, 28.4248431], [-16.2927742, 28.4248021], [-16.2928186, 28.4247611], [-16.2928596, 28.4247338], [-16.2929279, 28.4247031], [-16.2929996, 28.4246792], [-16.2930372, 28.4246689], [-16.2930748, 28.4246621], [-16.2931089, 28.4246553], [-16.2931465, 28.4246484], [-16.293184, 28.424645], [-16.2932216, 28.4246382], [-16.2932694, 28.4246245], [-16.2933104, 28.4246075], [-16.2933343, 28.4245938], [-16.293365, 28.4245631], [-16.2933958, 28.4245426], [-16.2934265, 28.4245357], [-16.2934572, 28.4245255], [-16.2934812, 28.4245221], [-16.2935051, 28.4245118], [-16.2935255, 28.4244948], [-16.2935426, 28.4244743], [-16.2935768, 28.4244094], [-16.2936109, 28.4243479], [-16.2936246, 28.4242728], [-16.2936246, 28.424242], [-16.2936212, 28.4242147], [-16.2936246, 28.4241874], [-16.2936246, 28.424102], [-16.2936212, 28.4240747], [-16.2936178, 28.4240508], [-16.2936075, 28.4240303], [-16.293587, 28.4240132], [-16.2935665, 28.4239996], [-16.2935426, 28.4239893], [-16.2935187, 28.4239722], [-16.2934982, 28.4239552], [-16.2934846, 28.4239381], [-16.2934675, 28.423921], [-16.2934504, 28.4239074], [-16.2934368, 28.4238903], [-16.2934231, 28.423863], [-16.2934094, 28.4238083], [-16.293406, 28.423781], [-16.2934026, 28.4237469], [-16.2934026, 28.4237161], [-16.2933992, 28.4236888], [-16.2934026, 28.4236615], [-16.293406, 28.4236273], [-16.2934128, 28.4235932], [-16.2934163, 28.423559], [-16.2934197, 28.4235215], [-16.2934197, 28.4234873], [-16.2934128, 28.4234566], [-16.293406, 28.4234224], [-16.2933992, 28.4233917], [-16.2933855, 28.4233097], [-16.2933753, 28.4232687], [-16.293365, 28.4232312], [-16.2933548, 28.423197], [-16.2933445, 28.4231595], [-16.2933377, 28.423139], [-16.2933411, 28.4231151], [-16.293365, 28.423057], [-16.2933924, 28.4230024], [-16.2934026, 28.422975], [-16.2934094, 28.4229477], [-16.2934197, 28.4229238], [-16.2934333, 28.4228965], [-16.2934538, 28.4228726], [-16.2934709, 28.4228487], [-16.2934914, 28.4228214], [-16.2935051, 28.422794], [-16.2935153, 28.4227599], [-16.293529, 28.4227223], [-16.2935358, 28.4226984], [-16.2935426, 28.4226711], [-16.2935495, 28.4226404], [-16.2935529, 28.4226096], [-16.2935529, 28.4225823], [-16.2935597, 28.4225447], [-16.2935631, 28.4225277], [-16.2935085, 28.4225003], [-16.2934538, 28.4224662], [-16.293447, 28.4224355], [-16.2934368, 28.4224184], [-16.293447, 28.4224047], [-16.2934368, 28.4223911], [-16.293406, 28.4223603], [-16.2933889, 28.4223296], [-16.2933685, 28.422292], [-16.2933548, 28.4222545], [-16.2933411, 28.4222066], [-16.2933411, 28.4221622], [-16.293348, 28.4221349], [-16.2933582, 28.4221008], [-16.2933958, 28.4220393], [-16.2935563, 28.4217729], [-16.2937953, 28.4213802], [-16.2938841, 28.4212129], [-16.2939183, 28.4211411], [-16.2939661, 28.421025], [-16.2939798, 28.4209738], [-16.2939798, 28.4209226], [-16.2939695, 28.4208713], [-16.2939559, 28.4207826], [-16.2939593, 28.4207416], [-16.2939729, 28.4207006], [-16.29399, 28.4206733], [-16.2940105, 28.4206459], [-16.2940378, 28.420622], [-16.2942598, 28.4204957], [-16.2946286, 28.4202771], [-16.294895, 28.4201337], [-16.2953151, 28.4199049], [-16.2954175, 28.4198536], [-16.2954653, 28.41984], [-16.2955063, 28.4198434], [-16.2955609, 28.4198639], [-16.2955917, 28.4198878], [-16.2956122, 28.4199288], [-16.2956019, 28.4199698], [-16.2956122, 28.4200005], [-16.2956156, 28.420021], [-16.2956292, 28.420062], [-16.2953253, 28.4202191], [-16.2953458, 28.4202464], [-16.295578, 28.4201234], [-16.2956088, 28.4201269], [-16.2956122, 28.4201405], [-16.2955883, 28.4201644], [-16.2955814, 28.4201952], [-16.2955951, 28.4202225], [-16.2956156, 28.42026], [-16.2956429, 28.4202908], [-16.2957044, 28.4203591], [-16.2957351, 28.4203659], [-16.2957659, 28.4203557], [-16.2957761, 28.4203488], [-16.2958273, 28.4203283], [-16.295981, 28.4202532], [-16.2961313, 28.4201781], [-16.296203, 28.4201405], [-16.2962645, 28.4201098], [-16.2963191, 28.4200722], [-16.296425, 28.4199868], [-16.2965206, 28.4199015], [-16.2965923, 28.4198263], [-16.2966435, 28.419758], [-16.2968928, 28.4194097], [-16.2969441, 28.4193141], [-16.2969611, 28.4192731], [-16.2969714, 28.4192184], [-16.296985, 28.4191775], [-16.2970226, 28.4191399], [-16.2970602, 28.4191296], [-16.2970772, 28.4191331], [-16.2970909, 28.4190955], [-16.2970841, 28.4190682], [-16.297108, 28.4190169], [-16.2970636, 28.4189965], [-16.2970363, 28.4189794], [-16.2970124, 28.4189384], [-16.2969748, 28.4188599], [-16.2969782, 28.4188359], [-16.2970294, 28.4188189], [-16.2970909, 28.4188155], [-16.297108, 28.418812], [-16.2970807, 28.4187642], [-16.2970738, 28.4187369], [-16.2971216, 28.4187232], [-16.2971934, 28.4187369], [-16.2972207, 28.4187506], [-16.2972548, 28.4187472], [-16.2972651, 28.4187232], [-16.2972309, 28.4186789], [-16.2970841, 28.4185969], [-16.2970568, 28.4185662], [-16.2970499, 28.4185115], [-16.2970738, 28.4184569], [-16.2970807, 28.4184364], [-16.2971182, 28.4184022], [-16.2971797, 28.4183681], [-16.297207, 28.4183442], [-16.2972514, 28.4183476], [-16.2972822, 28.4183715], [-16.2973949, 28.4183442], [-16.2974666, 28.4183408], [-16.2975144, 28.4183544], [-16.297528, 28.4183749], [-16.2975417, 28.4183237], [-16.2975383, 28.4182178], [-16.2975007, 28.4181666], [-16.2974563, 28.4181324], [-16.2974256, 28.4180915], [-16.2973675, 28.4180676], [-16.2972992, 28.4180436], [-16.2972617, 28.4180266], [-16.2972275, 28.4180027], [-16.2972036, 28.4179719], [-16.2971558, 28.4179309], [-16.2971319, 28.4179173], [-16.297166, 28.4178695], [-16.2972719, 28.417808], [-16.2973026, 28.4177875], [-16.2974119, 28.4177568], [-16.2975246, 28.4177397], [-16.2975656, 28.417767], [-16.2975827, 28.4177773], [-16.2976339, 28.4177875], [-16.297692, 28.4178285], [-16.2977193, 28.4178592], [-16.2977944, 28.417907], [-16.2978183, 28.4179036], [-16.297873, 28.4177978], [-16.2978593, 28.4177465], [-16.2978559, 28.4177192], [-16.297873, 28.4176987], [-16.2978627, 28.4176577], [-16.2978422, 28.417627], [-16.297832, 28.4175655], [-16.2978491, 28.4175314], [-16.2978764, 28.4175041], [-16.2979447, 28.4174699], [-16.2979857, 28.4174562], [-16.2980574, 28.4174358], [-16.2980881, 28.4174119], [-16.2980984, 28.4173845], [-16.2981598, 28.4173675], [-16.2981872, 28.4173709], [-16.298194, 28.4173299], [-16.2981735, 28.4172718], [-16.2981769, 28.4172445], [-16.298194, 28.4172172], [-16.298252, 28.4172035], [-16.2983169, 28.4172343], [-16.2983545, 28.4172445], [-16.2984057, 28.4172411], [-16.2984945, 28.4171523], [-16.2985321, 28.4171011], [-16.2985526, 28.4170533], [-16.2985696, 28.4170362], [-16.298614, 28.4170328], [-16.2986653, 28.4170089], [-16.2986858, 28.4169781], [-16.298696, 28.4169098], [-16.2986687, 28.4168518], [-16.2986619, 28.4168313], [-16.2987028, 28.416804], [-16.2987677, 28.4167971], [-16.2987916, 28.416804], [-16.2988121, 28.4167869], [-16.2988053, 28.4167186], [-16.2987609, 28.4166674], [-16.2987097, 28.4166093], [-16.298696, 28.4165888], [-16.2987097, 28.4165717], [-16.2987814, 28.4165547], [-16.2988155, 28.416541], [-16.2988189, 28.4164932], [-16.2988292, 28.4164727], [-16.2988224, 28.4164283], [-16.2988189, 28.4163839], [-16.2988326, 28.4163293], [-16.2988087, 28.4162746], [-16.2987848, 28.4162336], [-16.298737, 28.4161722], [-16.2987541, 28.4161483], [-16.2988155, 28.4161619], [-16.2988565, 28.4161619], [-16.298877, 28.4161141], [-16.2989009, 28.4160936], [-16.2989316, 28.4160902], [-16.2990136, 28.4161141], [-16.2990717, 28.4161278], [-16.2991024, 28.4161175], [-16.2991024, 28.4160868], [-16.299058, 28.4160424], [-16.2990443, 28.4160219], [-16.2990751, 28.415998], [-16.2991297, 28.4159775], [-16.2991844, 28.4159741], [-16.2993415, 28.4160185], [-16.2993654, 28.4160082], [-16.2993824, 28.4159024], [-16.2994781, 28.4158238], [-16.2994951, 28.4157931], [-16.2994985, 28.4157555], [-16.2994951, 28.4157146], [-16.2995293, 28.4156702], [-16.2995361, 28.4156497], [-16.299502, 28.4156223], [-16.2994746, 28.4156155], [-16.299461, 28.4156019], [-16.2994712, 28.4155506], [-16.2994678, 28.4154926], [-16.2994781, 28.4154652], [-16.2995361, 28.4154379], [-16.2995634, 28.4154379], [-16.2995942, 28.4154687], [-16.2996147, 28.4154755], [-16.2997069, 28.4153867], [-16.299741, 28.4153696], [-16.2997752, 28.415315], [-16.2997752, 28.4152842], [-16.2998264, 28.4152535], [-16.2998605, 28.4152467], [-16.2999152, 28.4152159], [-16.2999869, 28.4151442], [-16.3000791, 28.4150793], [-16.3001201, 28.4150554], [-16.3001611, 28.4150384], [-16.3001986, 28.4150281], [-16.3002635, 28.415011], [-16.3003011, 28.4149974], [-16.3003318, 28.4149803], [-16.3003489, 28.4149564], [-16.3003557, 28.4149188], [-16.3003557, 28.4148744], [-16.300366, 28.4148335], [-16.3003933, 28.4148061], [-16.300424, 28.4147617], [-16.3004309, 28.4147276], [-16.3004514, 28.4146832], [-16.3005265, 28.4146081], [-16.3005777, 28.4145466], [-16.3006119, 28.4145159], [-16.3006426, 28.4144612], [-16.3006426, 28.4144305], [-16.3006563, 28.4143963], [-16.300687, 28.4143656], [-16.3007212, 28.4143383], [-16.3007758, 28.4143314], [-16.3009226, 28.4144134], [-16.3010729, 28.4143861], [-16.3011002, 28.414369], [-16.3012027, 28.4144066], [-16.3012812, 28.4143656], [-16.3012846, 28.4143212], [-16.3013154, 28.4142666], [-16.3013495, 28.4142256], [-16.3013632, 28.4141812], [-16.3014042, 28.4141265], [-16.3014349, 28.414106], [-16.3014691, 28.4141026], [-16.3014964, 28.4141402], [-16.301493, 28.4141914], [-16.3014998, 28.4142119], [-16.3015408, 28.4142017], [-16.3016091, 28.4141231], [-16.3016398, 28.4140924], [-16.3016774, 28.4140719], [-16.3017081, 28.4140582], [-16.3017559, 28.4140787], [-16.3017662, 28.414106], [-16.3018037, 28.4141231], [-16.301814, 28.414106], [-16.3018447, 28.4141197], [-16.3018652, 28.4141675], [-16.3018857, 28.4141846], [-16.301913, 28.4141846], [-16.3019711, 28.4141436], [-16.3020121, 28.414089], [-16.3020565, 28.4140207], [-16.3020838, 28.4140207], [-16.3021077, 28.4140719], [-16.3021282, 28.4140992], [-16.3021452, 28.414106], [-16.3021862, 28.4140787], [-16.3023058, 28.4139763], [-16.3023365, 28.413966], [-16.3023638, 28.4139797], [-16.3023809, 28.4139592], [-16.3023741, 28.4139216], [-16.3023843, 28.4137338], [-16.3023945, 28.4136962], [-16.3024116, 28.4136587], [-16.3024389, 28.4136313], [-16.3024697, 28.4136382], [-16.302456, 28.4136792], [-16.302456, 28.4136996], [-16.3024663, 28.4137167], [-16.3025551, 28.4137031], [-16.3026063, 28.4136826], [-16.3026165, 28.4136792], [-16.3026643, 28.4136962], [-16.3027053, 28.4137201], [-16.3027224, 28.4137236], [-16.3027326, 28.4137031], [-16.3027156, 28.4136655], [-16.3027224, 28.4136177], [-16.3027463, 28.4135699], [-16.3027702, 28.413546], [-16.3028044, 28.4135357], [-16.3028385, 28.4135357], [-16.3028932, 28.4135596], [-16.3029375, 28.4135835], [-16.3029512, 28.4135904], [-16.3029717, 28.4135562], [-16.3029888, 28.4135152], [-16.3030024, 28.4134572], [-16.3030161, 28.4134299], [-16.30304, 28.4134162], [-16.3030776, 28.4134333], [-16.3030981, 28.4134742], [-16.3031356, 28.4135118], [-16.3031561, 28.4135221], [-16.3031732, 28.4135186], [-16.3032073, 28.4134401], [-16.3032415, 28.4134367], [-16.3032654, 28.4135016], [-16.303303, 28.4135152], [-16.3033576, 28.4134947], [-16.3034601, 28.4134367], [-16.3034908, 28.4134264], [-16.3035181, 28.4134367], [-16.3035352, 28.4134606], [-16.3035523, 28.4133445], [-16.3035659, 28.4133137], [-16.303583, 28.4133001], [-16.3036035, 28.4133001], [-16.3036206, 28.4132796], [-16.3036206, 28.4132181], [-16.3036103, 28.4131669], [-16.3036172, 28.413143], [-16.303665, 28.4131464], [-16.3037059, 28.4131566], [-16.3037538, 28.4131771], [-16.3038118, 28.4131942], [-16.3038494, 28.4132249], [-16.3038904, 28.4132454], [-16.3039484, 28.4132693], [-16.3039928, 28.4132489], [-16.3040782, 28.4131942], [-16.3040816, 28.4131669], [-16.3041123, 28.413143], [-16.3041465, 28.4131259], [-16.3041806, 28.4131225], [-16.3041977, 28.4131498], [-16.3042148, 28.4131532], [-16.3042831, 28.4130918], [-16.3043036, 28.4130815], [-16.3043343, 28.4130918], [-16.304348, 28.4131293], [-16.3043616, 28.4131464], [-16.3044129, 28.4131362], [-16.3044641, 28.4131157], [-16.3045222, 28.4130747], [-16.304628, 28.4129791], [-16.3046553, 28.4129449], [-16.3047066, 28.4128971], [-16.3047612, 28.4128698], [-16.3048056, 28.4128425], [-16.3048363, 28.4128322], [-16.3049285, 28.4128698], [-16.3049593, 28.4128698], [-16.3049798, 28.4128459], [-16.3049661, 28.4127912], [-16.3048978, 28.41274], [-16.3049354, 28.412699], [-16.3050037, 28.412658], [-16.3050208, 28.4126205], [-16.3050276, 28.4125829], [-16.3050344, 28.412518], [-16.3050412, 28.4124873], [-16.3050071, 28.4124361], [-16.3049798, 28.4124292], [-16.3050003, 28.4123951], [-16.3050344, 28.4123746], [-16.3050344, 28.4123507], [-16.3050071, 28.4123439], [-16.3050003, 28.4123234], [-16.3050276, 28.4122926], [-16.3050925, 28.4122858], [-16.3051232, 28.4123063], [-16.3051335, 28.4122756], [-16.3051881, 28.4122858], [-16.305212, 28.4123097], [-16.3052701, 28.4123234], [-16.3053145, 28.4123199], [-16.3053452, 28.4122926], [-16.3053691, 28.4122585], [-16.3053862, 28.4122175], [-16.3054135, 28.4121765], [-16.3054715, 28.412098], [-16.3054886, 28.4120604], [-16.3054955, 28.4120228], [-16.3054886, 28.4119648], [-16.3054818, 28.411917], [-16.3054681, 28.4118794], [-16.305475, 28.4118282], [-16.3054681, 28.411794], [-16.3054511, 28.4117838], [-16.3054579, 28.4117462], [-16.3055057, 28.4116984], [-16.3055535, 28.4116608], [-16.3055774, 28.4116608], [-16.3055877, 28.411613], [-16.3055535, 28.4115516], [-16.3055638, 28.4115345], [-16.3056218, 28.4115686], [-16.3056491, 28.4115925], [-16.3056696, 28.4116062], [-16.305673, 28.4115447], [-16.3056935, 28.4115208], [-16.3057243, 28.4115174], [-16.3057618, 28.4114901], [-16.3057618, 28.4114491], [-16.3057823, 28.4113945], [-16.3057926, 28.4113774], [-16.3058233, 28.4113774], [-16.3058165, 28.411333], [-16.3057687, 28.4112749], [-16.305796, 28.4112544], [-16.3058301, 28.4112544], [-16.3058438, 28.4112442], [-16.305796, 28.4112237], [-16.305755, 28.4111896], [-16.3057174, 28.411152], [-16.3057106, 28.4111247], [-16.3057243, 28.4110871], [-16.3057448, 28.4110598], [-16.3057584, 28.4110495], [-16.3057823, 28.4110632], [-16.305796, 28.4111008], [-16.3058096, 28.4111144], [-16.3058404, 28.4111042], [-16.3058677, 28.4110598], [-16.3059155, 28.4110325], [-16.3059531, 28.4110154], [-16.3059736, 28.4109983], [-16.3059906, 28.4109505], [-16.3060009, 28.4109061], [-16.3060282, 28.4108788], [-16.3060555, 28.4108446], [-16.3060726, 28.4108105], [-16.3060726, 28.4107661], [-16.3060555, 28.4107524], [-16.3060863, 28.410708], [-16.3061887, 28.410667], [-16.3062263, 28.4105543], [-16.3062502, 28.4105168], [-16.3063424, 28.4104109], [-16.3063834, 28.4103529], [-16.3064141, 28.4103221], [-16.306479, 28.4102846], [-16.3065029, 28.4102709], [-16.3065507, 28.410288], [-16.3065985, 28.410288], [-16.3066498, 28.4102436], [-16.3067146, 28.4102128], [-16.3067522, 28.4101923], [-16.3068, 28.4101377], [-16.3068239, 28.4100831], [-16.3068649, 28.4100557], [-16.3069674, 28.4099943], [-16.3069947, 28.4099669], [-16.3070118, 28.4099396], [-16.3070698, 28.4099021], [-16.307104, 28.4098952], [-16.3071381, 28.4098713], [-16.3071723, 28.4098406], [-16.3072064, 28.4098133], [-16.307244, 28.4097962], [-16.3072952, 28.4097894], [-16.3073123, 28.409803], [-16.3073703, 28.4097962], [-16.3074625, 28.409745]]]}}]}