{"type": "FeatureCollection", "features": [{"type": "Feature", "properties": {"Zone": "Z1 - Sant Cugat & proche"}, "geometry": {"type": "MultiPolygon", "coordinates": [[[[2.1257734, 41.5065371], [2.1206337, 41.5026575], [2.1107538, 41.5048125], [2.1075949, 41.5075479], [2.109118, 41.508067], [2.1095142, 41.5090164], [2.1095381, 41.5105054], [2.1107334, 41.5115436], [2.1125878, 41.5135039], [2.1132605, 41.5139854], [2.1124136, 41.5161301], [2.1128746, 41.5175542], [2.1135098, 41.517059], [2.1160199, 41.5150987], [2.1136806, 41.5139239], [2.1136806, 41.5137839], [2.1131991, 41.5135141], [2.113462, 41.5123871], [2.1158833, 41.5107308], [2.1223822, 41.5059155], [2.122693, 41.5056867], [2.1235365, 41.5059189], [2.1257734, 41.5065371]]], [[[2.0887675, 41.5110962], [2.0806327, 41.50847], [2.0808991, 41.5091155], [2.0859637, 41.510601], [2.0875039, 41.5106898], [2.0887675, 41.5110962]]], [[[2.0749432, 41.4993585], [2.0748134, 41.4974734], [2.0747144, 41.4989965], [2.0749432, 41.4993585]]], [[[2.0910897, 41.4828192], [2.0924285, 41.4818528], [2.0914073, 41.4824743], [2.0910897, 41.4828192]]], [[[2.0975204, 41.4781747], [2.1049618, 41.4727959], [2.1026464, 41.4736292], [2.0975204, 41.4781747]]], [[[2.1177889, 41.4660136], [2.1162487, 41.4600064], [2.1165322, 41.463162], [2.1177889, 41.4660136]]], [[[2.1201727, 41.455741], [2.1201146, 41.4502802], [2.1195648, 41.4534836], [2.1201727, 41.455741]]], [[[2.1201146, 41.4502802], [2.1302096, 41.4431017], [2.1249197, 41.4464382], [2.1235809, 41.4475242], [2.1221534, 41.448238], [2.1201146, 41.4502802]]], [[[2.1364627, 41.4474901], [2.136169, 41.4473842], [2.1347107, 41.4475925], [2.1364627, 41.4474901]]], [[[2.1322587, 41.4441706], [2.1309746, 41.4438667], [2.1347039, 41.4475925], [2.1347073, 41.4475925], [2.1336623, 41.4458474], [2.1328768, 41.4454342], [2.1328495, 41.4447239], [2.1322587, 41.4441706]]], [[[2.1520662, 41.4473296], [2.1519296, 41.4472681], [2.1516701, 41.4472681], [2.1520662, 41.4473296]]], [[[2.0099949, 41.461714], [2.0031306, 41.4616627], [2.0037282, 41.462899], [2.005808, 41.4630151], [2.0061358, 41.4686261], [2.0031101, 41.4731887], [1.9983802, 41.4728369], [1.9970346, 41.4752616], [1.9963516, 41.4842707], [1.9952827, 41.4857733], [1.991328, 41.4866646], [1.988333, 41.4942701], [1.9862634, 41.5125545], [1.9854438, 41.5146445], [1.981554, 41.5156246], [1.978839, 41.5231686], [1.9821414, 41.525122], [1.9865366, 41.5235716], [1.9848837, 41.5279122], [1.9861029, 41.5352409], [1.9914544, 41.5407256], [1.9971917, 41.5421394], [2.0018362, 41.5357088], [2.0066242, 41.5325738], [2.0175354, 41.5315902], [2.020469, 41.5284791], [2.0260219, 41.527557], [2.0309158, 41.5194735], [2.0347475, 41.5168029], [2.0334942, 41.5126808], [2.0348602, 41.5134595], [2.0348192, 41.5122574], [2.0386271, 41.5130941], [2.043176, 41.5123086], [2.0439956, 41.5092862], [2.0497944, 41.5096072], [2.0515566, 41.5122369], [2.0549068, 41.5097507], [2.0562319, 41.50276], [2.054275, 41.5028693], [2.0527041, 41.5003728], [2.0481278, 41.4860533], [2.0439273, 41.4851313], [2.041786, 41.4807053], [2.0402629, 41.4808112], [2.0384904, 41.477601], [2.0394945, 41.4767916], [2.0339962, 41.4702517], [2.0280778, 41.4666488], [2.0206807, 41.4689642], [2.0180887, 41.4687456], [2.0148068, 41.4655525], [2.0144653, 41.4631927], [2.0099949, 41.461714]]], [[[2.0355535, 41.3969638], [2.0221458, 41.3894574], [2.012826, 41.4072295], [2.0097388, 41.4109383], [2.0027788, 41.408739], [1.998387, 41.4057884], [1.992875, 41.4088927], [1.9910582, 41.4093606], [1.9889716, 41.4083429], [1.9877285, 41.4115018], [1.9834938, 41.4111467], [1.9819228, 41.4126732], [1.9840607, 41.4135782], [1.9832103, 41.4146335], [1.9776471, 41.4133528], [1.9785658, 41.4144217], [1.9759771, 41.4143705], [1.9762196, 41.4158014], [1.9734978, 41.4151184], [1.9735797, 41.4177514], [1.9701749, 41.4169796], [1.9703661, 41.4177754], [1.9685459, 41.4163478], [1.9666847, 41.4164025], [1.9673813, 41.4173997], [1.9658446, 41.4177822], [1.9632559, 41.4170821], [1.9642121, 41.4186257], [1.9557564, 41.4164435], [1.9556129, 41.4175295], [1.9528604, 41.41783], [1.9475806, 41.4166894], [1.9453164, 41.4175602], [1.9456409, 41.4202376], [1.9558725, 41.4196878], [1.9641814, 41.4223072], [1.968966, 41.4277748], [1.9717527, 41.4279216], [1.9745155, 41.4321358], [1.9830088, 41.4346288], [1.986318, 41.4344137], [1.9905152, 41.439813], [1.9952314, 41.4358071], [1.9963106, 41.4518956], [2.0013001, 41.456062], [2.000016, 41.4600337], [2.0106813, 41.4565162], [2.0121601, 41.4580018], [2.0158962, 41.4588111], [2.0231259, 41.4577046], [2.0246696, 41.4530601], [2.0236963, 41.4508608], [2.027429, 41.4468105], [2.03123, 41.4458679], [2.0313631, 41.4430812], [2.0331117, 41.4417049], [2.0376264, 41.4422274], [2.0408537, 41.4442014], [2.0551561, 41.4454649], [2.0615184, 41.4449902], [2.0644964, 41.4422104], [2.0621468, 41.4375317], [2.060067, 41.4378732], [2.0597289, 41.436193], [2.0576081, 41.4361315], [2.0577994, 41.4263609], [2.0524514, 41.4240796], [2.0563138, 41.4215695], [2.0572086, 41.4184994], [2.0549239, 41.4141793], [2.0533529, 41.4149306], [2.0488553, 41.4135372], [2.0481791, 41.4114335], [2.0493983, 41.4117306], [2.0497671, 41.4106173], [2.0415743, 41.4081414], [2.0393511, 41.4042926], [2.0335727, 41.399648], [2.0355535, 41.3969638]]], [[[2.0652375, 41.4607953], [2.0639295, 41.460587], [2.0625532, 41.461591], [2.0606851, 41.4624824], [2.0608764, 41.4628648], [2.0593054, 41.463343], [2.0586122, 41.4628683], [2.0574476, 41.4630732], [2.0568568, 41.4644324], [2.0562694, 41.4646885], [2.054176, 41.4641523], [2.0529841, 41.464627], [2.0483328, 41.4644324], [2.0473834, 41.4652418], [2.0465637, 41.4650027], [2.0460754, 41.4655457], [2.0447367, 41.4657506], [2.0442449, 41.4662492], [2.0432818, 41.4662834], [2.0406624, 41.467465], [2.0401297, 41.4665873], [2.0387705, 41.4657335], [2.0374591, 41.4658838], [2.0365404, 41.4649583], [2.0356388, 41.4649344], [2.034587, 41.4642548], [2.0336888, 41.4651495], [2.0311753, 41.4658394], [2.0288394, 41.4661433], [2.0279139, 41.4667], [2.0280778, 41.4666488], [2.0286242, 41.46698], [2.0291467, 41.4671884], [2.0319642, 41.4686022], [2.0339962, 41.4702517], [2.0359018, 41.4725193], [2.036035, 41.472632], [2.036035, 41.4726764], [2.0373464, 41.4742337], [2.038207, 41.474401], [2.0405839, 41.4756305], [2.0443473, 41.4784377], [2.0452387, 41.4794656], [2.0476839, 41.482768], [2.0485786, 41.482406], [2.0560031, 41.4802784], [2.0568671, 41.480094], [2.0629801, 41.4793734], [2.0691034, 41.4781713], [2.0690897, 41.4761359], [2.067891, 41.4739912], [2.0678944, 41.4734346], [2.0697317, 41.4701151], [2.069981, 41.4694013], [2.0703396, 41.4643743], [2.0696737, 41.4636059], [2.0678773, 41.4631415], [2.0665011, 41.4620281], [2.0663405, 41.4613212], [2.0652375, 41.4607953]]], [[[2.079919, 41.4152004], [2.0787647, 41.4150501], [2.0770161, 41.415921], [2.0755681, 41.415979], [2.0740791, 41.4169352], [2.0740348, 41.4169967], [2.0740279, 41.4169694], [2.0739323, 41.4174543], [2.0711934, 41.4185403], [2.0704967, 41.4194146], [2.0698888, 41.424206], [2.0699435, 41.4250666], [2.0671772, 41.4262858], [2.0668187, 41.4273991], [2.0677988, 41.4291408], [2.0677885, 41.429554], [2.0647286, 41.4299775], [2.0636187, 41.4323134], [2.0634719, 41.4334916], [2.0616209, 41.433717], [2.0599577, 41.4346186], [2.0597289, 41.436193], [2.060067, 41.4378732], [2.0621468, 41.4375317], [2.0644964, 41.4422104], [2.0635607, 41.4437369], [2.0615184, 41.4449902], [2.0586395, 41.4452054], [2.0551561, 41.4454649], [2.0472911, 41.4447717], [2.0469121, 41.444898], [2.0408537, 41.4442014], [2.0383846, 41.4426919], [2.0376264, 41.4422274], [2.0331117, 41.4417083], [2.0313631, 41.4430812], [2.0312948, 41.4445463], [2.03123, 41.4458679], [2.030021, 41.4461684], [2.027429, 41.4468105], [2.0236963, 41.4508608], [2.0246696, 41.4530601], [2.0235016, 41.4565708], [2.0239558, 41.4571446], [2.0231259, 41.4577046], [2.0210257, 41.4580257], [2.0201377, 41.4585618], [2.019284, 41.458292], [2.0158962, 41.4588111], [2.0121601, 41.4580018], [2.0106813, 41.4565162], [2.0098207, 41.4567996], [2.000016, 41.4600337], [2.0031306, 41.4616627], [2.0066208, 41.4615842], [2.0099949, 41.461714], [2.0135534, 41.4628922], [2.0144653, 41.4631927], [2.0150766, 41.4639372], [2.0148068, 41.4655525], [2.0180887, 41.4687456], [2.0206807, 41.4689642], [2.0216131, 41.4686705], [2.0279139, 41.4667], [2.0288394, 41.4661433], [2.0311753, 41.4658394], [2.0336888, 41.4651495], [2.034587, 41.4642548], [2.0356388, 41.4649344], [2.0365404, 41.4649583], [2.0374591, 41.4658838], [2.0387705, 41.4657335], [2.0401297, 41.4665873], [2.0406624, 41.467465], [2.0432818, 41.4662834], [2.0442449, 41.4662492], [2.0447367, 41.4657506], [2.0460754, 41.4655457], [2.0465637, 41.4650027], [2.0473834, 41.4652418], [2.0483328, 41.4644324], [2.0529841, 41.464627], [2.054176, 41.4641523], [2.0562694, 41.4646885], [2.0568568, 41.4644324], [2.0574476, 41.4630732], [2.0586122, 41.4628683], [2.0593054, 41.463343], [2.0608764, 41.4628648], [2.0606851, 41.4624824], [2.0625532, 41.461591], [2.0639295, 41.460587], [2.0652375, 41.4607953], [2.0663405, 41.4613212], [2.0664225, 41.4616866], [2.0665011, 41.4620281], [2.0678773, 41.4631415], [2.0696737, 41.4636059], [2.0703396, 41.4643743], [2.069981, 41.4694013], [2.0697317, 41.4701151], [2.0678944, 41.4734346], [2.067891, 41.4739912], [2.0690897, 41.4761359], [2.0691034, 41.4781713], [2.0629801, 41.4793734], [2.0568671, 41.480094], [2.0560031, 41.4802784], [2.0485786, 41.482406], [2.0476839, 41.482768], [2.0452387, 41.4794656], [2.0443473, 41.4784377], [2.0405839, 41.4756305], [2.038207, 41.474401], [2.0373464, 41.4742337], [2.0394945, 41.4767916], [2.039194, 41.4770341], [2.0384904, 41.477601], [2.0402458, 41.4807838], [2.0402629, 41.4808112], [2.0416836, 41.4807121], [2.041786, 41.4807053], [2.0418372, 41.4808078], [2.043859, 41.4849912], [2.0443473, 41.4852235], [2.0481278, 41.4860533], [2.0498456, 41.4888674], [2.0497056, 41.4909916], [2.0515156, 41.4966572], [2.0526836, 41.4982794], [2.0527041, 41.5003728], [2.0535818, 41.5017662], [2.054275, 41.5028693], [2.0562319, 41.50276], [2.0555352, 41.5072099], [2.0553269, 41.5075275], [2.0549068, 41.5097507], [2.0515566, 41.5122369], [2.0532129, 41.5138215], [2.0570856, 41.516154], [2.0584073, 41.5185343], [2.0644896, 41.5198389], [2.0649096, 41.5192651], [2.0648379, 41.5129643], [2.0680276, 41.5096585], [2.0727473, 41.5069059], [2.073946, 41.5070425], [2.0754588, 41.5067966], [2.0749432, 41.4993585], [2.0747144, 41.4989965], [2.0748134, 41.4974734], [2.0790071, 41.495397], [2.0828013, 41.4888093], [2.0910897, 41.4828192], [2.0914073, 41.4824743], [2.0924285, 41.4818528], [2.0975204, 41.4781747], [2.1026464, 41.4736292], [2.1049618, 41.4727959], [2.1049277, 41.471727], [2.1070519, 41.4678509], [2.1123043, 41.466017], [2.1177889, 41.4660136], [2.1165322, 41.463162], [2.1162487, 41.4600064], [2.1183285, 41.4564752], [2.1188101, 41.456284], [2.1201727, 41.455741], [2.1195648, 41.4534836], [2.1201146, 41.4502802], [2.1221534, 41.448238], [2.1235809, 41.4475242], [2.1249197, 41.4464382], [2.1302096, 41.4431017], [2.1295437, 41.4417288], [2.1299091, 41.4408751], [2.1294173, 41.440233], [2.129431, 41.4382147], [2.1288641, 41.4365686], [2.1292807, 41.4357968], [2.1283518, 41.4341644], [2.1282835, 41.4335531], [2.1274229, 41.4328291], [2.1266272, 41.4315928], [2.1231131, 41.4286798], [2.1219246, 41.4264941], [2.1211562, 41.4258042], [2.1196365, 41.4256506], [2.1159687, 41.4267502], [2.1148383, 41.4279592], [2.1124477, 41.4285978], [2.111109, 41.4282904], [2.1084043, 41.4287207], [2.1066489, 41.4286217], [2.1054058, 41.4288027], [2.1032202, 41.4280753], [2.102059, 41.4286388], [2.1010994, 41.4297453], [2.0994738, 41.4301858], [2.0987191, 41.4308927], [2.0986986, 41.4318011], [2.0958299, 41.4329862], [2.0946756, 41.432713], [2.0922714, 41.429595], [2.0910897, 41.4291681], [2.0905365, 41.4286012], [2.0892729, 41.4291715], [2.0883133, 41.4281709], [2.0874868, 41.4287685], [2.0858305, 41.4289051], [2.083901, 41.4299877], [2.0836619, 41.4309201], [2.082651, 41.4307664], [2.082593, 41.4318251], [2.0815138, 41.4317465], [2.0808479, 41.4306366], [2.0801785, 41.4309064], [2.0799668, 41.4318797], [2.077887, 41.4321188], [2.0769342, 41.4327574], [2.075172, 41.4330579], [2.07523, 41.4343864], [2.0748134, 41.4353836], [2.0728361, 41.4350831], [2.0726072, 41.4353255], [2.0732322, 41.4371628], [2.0717296, 41.4363022], [2.0709919, 41.4349977], [2.0709475, 41.4343693], [2.0714939, 41.4328871], [2.0731298, 41.4306708], [2.0754179, 41.4295882], [2.0765927, 41.4286695], [2.0749363, 41.4282016], [2.0731741, 41.4274093], [2.072638, 41.4250939], [2.0745778, 41.4248139], [2.0770981, 41.4250495], [2.0801409, 41.4242231], [2.0798507, 41.4229936], [2.0780714, 41.422536], [2.0754725, 41.4221774], [2.0772347, 41.4210197], [2.0769581, 41.4199303], [2.0776172, 41.4187213], [2.0791301, 41.4189262], [2.0786281, 41.418011], [2.0791506, 41.4169216], [2.0801375, 41.4157229], [2.079919, 41.4152004]]], [[[2.1347039, 41.4475925], [2.1302096, 41.4431017], [2.1201146, 41.4502802], [2.1201727, 41.455741], [2.1183285, 41.4564752], [2.1162487, 41.4600064], [2.1177889, 41.4660136], [2.1123043, 41.466017], [2.1070519, 41.4678509], [2.1049618, 41.4727959], [2.0828013, 41.4888093], [2.0790071, 41.495397], [2.0748134, 41.4974734], [2.0754588, 41.5067966], [2.0887675, 41.5110962], [2.0905843, 41.5095287], [2.0999622, 41.51014], [2.1051189, 41.5067078], [2.1075949, 41.5075479], [2.1107538, 41.5048125], [2.1206337, 41.5026575], [2.1257734, 41.5065371], [2.1349703, 41.5066054], [2.1415239, 41.4988224], [2.1495869, 41.4941232], [2.1481286, 41.4932763], [2.153043, 41.4894548], [2.1603991, 41.4845507], [2.1546412, 41.4752207], [2.1575543, 41.4718021], [2.1562839, 41.4669527], [2.1590262, 41.4682983], [2.1599756, 41.4641421], [2.1575167, 41.4586609], [2.1587018, 41.4535587], [2.154368, 41.4493718], [2.1523429, 41.447374], [2.1486614, 41.44679], [2.1347039, 41.4475925]]], [[[2.1629467, 41.4275801], [2.1583398, 41.4255925], [2.1577524, 41.4284748], [2.1569806, 41.4289974], [2.1566015, 41.4294721], [2.1539309, 41.4314699], [2.1534664, 41.4322895], [2.1524282, 41.4331467], [2.1525819, 41.4339356], [2.1535108, 41.4356021], [2.1523121, 41.4357217], [2.1519775, 41.4362476], [2.1527663, 41.4367496], [2.1517555, 41.4373302], [2.1504304, 41.437115], [2.148576, 41.4361247], [2.1480945, 41.4374736], [2.1461308, 41.4387031], [2.145359, 41.4393997], [2.1429445, 41.4404584], [2.1411448, 41.4396661], [2.1384298, 41.4407897], [2.1378014, 41.4404106], [2.1369442, 41.4409604], [2.1370501, 41.4418176], [2.136309, 41.4427363], [2.1349976, 41.4436379], [2.1328495, 41.4447239], [2.1328768, 41.4454342], [2.1336623, 41.4458474], [2.1347073, 41.4475925], [2.1347107, 41.4475925], [2.136169, 41.4473842], [2.1364627, 41.4474901], [2.1413668, 41.4472101], [2.1415341, 41.4470871], [2.1418927, 41.4471793], [2.1486614, 41.44679], [2.1516701, 41.4472681], [2.1519296, 41.4472681], [2.1520662, 41.4473296], [2.1523429, 41.447374], [2.1524966, 41.4475277], [2.1528005, 41.4476643], [2.1530737, 41.448098], [2.154368, 41.4493718], [2.1543714, 41.4493718], [2.1565673, 41.4498977], [2.1577285, 41.4497065], [2.1591252, 41.4504612], [2.1594907, 41.449768], [2.1583534, 41.4481082], [2.1576124, 41.4475242], [2.1572299, 41.4460284], [2.1562361, 41.4455025], [2.1575885, 41.4449493], [2.1590638, 41.4425041], [2.1627931, 41.4412166], [2.1619256, 41.4407521], [2.1615295, 41.4399291], [2.1619939, 41.4389968], [2.163681, 41.4378868], [2.1633566, 41.4368555], [2.1642684, 41.4362818], [2.1631482, 41.4330818], [2.1631585, 41.4321529], [2.1638278, 41.4310806], [2.1661774, 41.4296018], [2.163739, 41.4280241], [2.1629467, 41.4275801]]], [[[2.1278805, 41.418332], [2.1288914, 41.4174475], [2.1215626, 41.4205621], [2.1214055, 41.4213783], [2.1204698, 41.4226692], [2.1205279, 41.4241274], [2.1213338, 41.4254627], [2.1211562, 41.4258042], [2.1219246, 41.4264941], [2.1231131, 41.4286798], [2.1266272, 41.4315928], [2.1274229, 41.4328291], [2.1282835, 41.4335531], [2.1283518, 41.4341644], [2.1292807, 41.4357968], [2.1288641, 41.4365686], [2.129431, 41.4382147], [2.1294173, 41.440233], [2.1299091, 41.4408751], [2.1295437, 41.4417288], [2.1302096, 41.4431017], [2.1309746, 41.4438667], [2.1322587, 41.4441706], [2.1328495, 41.4447239], [2.1349976, 41.4436379], [2.136309, 41.4427363], [2.1370501, 41.4418176], [2.1369442, 41.4409604], [2.1378014, 41.4404106], [2.1384298, 41.4407897], [2.1411448, 41.4396661], [2.1429445, 41.4404584], [2.145359, 41.4393997], [2.1461308, 41.4387031], [2.1480945, 41.4374736], [2.148576, 41.4361247], [2.1504304, 41.437115], [2.1517555, 41.4373302], [2.1527663, 41.4367496], [2.1519775, 41.4362476], [2.1523121, 41.4357217], [2.1535108, 41.4356021], [2.1525819, 41.4339356], [2.1524282, 41.4331467], [2.1534664, 41.4322895], [2.1539309, 41.4314699], [2.1566015, 41.4294721], [2.1569806, 41.4289974], [2.1549691, 41.4282494], [2.151793, 41.4264599], [2.1517623, 41.4252715], [2.1509188, 41.4223789], [2.1495254, 41.4206816], [2.1493137, 41.4216276], [2.1479067, 41.4216037], [2.1448228, 41.4207909], [2.1440408, 41.4201693], [2.1421215, 41.4214978], [2.140373, 41.4210607], [2.140011, 41.4202411], [2.1380644, 41.4207943], [2.1376989, 41.4212929], [2.1384366, 41.4218803], [2.1376785, 41.4232429], [2.1364149, 41.4235537], [2.1358719, 41.4245919], [2.1346527, 41.4236117], [2.1343078, 41.4225565], [2.1350386, 41.4218735], [2.1331193, 41.4218017], [2.1313913, 41.4213851], [2.1321972, 41.4200464], [2.1311385, 41.4193907], [2.1301106, 41.4200908], [2.1292705, 41.4195307], [2.1288539, 41.4199132], [2.1275834, 41.4195], [2.1281674, 41.418735], [2.1278805, 41.418332]]], [[[2.1506729, 41.4079604], [2.1490678, 41.4068334], [2.1475856, 41.4080628], [2.1459498, 41.4101051], [2.1453317, 41.4111227], [2.1445155, 41.4113994], [2.1419098, 41.4116179], [2.1406872, 41.4118638], [2.1378697, 41.4140256], [2.1360563, 41.4153711], [2.1362783, 41.4159756], [2.1342019, 41.4177958], [2.1321392, 41.4185677], [2.1305238, 41.4183149], [2.1300628, 41.4191141], [2.1292705, 41.4195307], [2.1301106, 41.4200908], [2.1311385, 41.4193907], [2.1321972, 41.4200464], [2.1313913, 41.4213851], [2.1331193, 41.4218017], [2.1350386, 41.4218735], [2.1343078, 41.4225565], [2.1346527, 41.4236117], [2.1358719, 41.4245919], [2.1364149, 41.4235537], [2.1376785, 41.4232429], [2.1384366, 41.4218803], [2.1376989, 41.4212929], [2.1380644, 41.4207943], [2.140011, 41.4202411], [2.140373, 41.4210607], [2.1421215, 41.4214978], [2.1440408, 41.4201693], [2.1448228, 41.4207909], [2.1479067, 41.4216037], [2.1493137, 41.4216276], [2.1495254, 41.4206816], [2.1493922, 41.4203606], [2.1517452, 41.4201454], [2.1516086, 41.4191585], [2.1509359, 41.4180042], [2.1519296, 41.4169079], [2.1529439, 41.4166245], [2.1550306, 41.4149818], [2.1555838, 41.4150979], [2.156663, 41.4156546], [2.1575919, 41.4164913], [2.1581929, 41.4154053], [2.1596204, 41.4141212], [2.1613929, 41.4137011], [2.1620178, 41.4126425], [2.1581929, 41.4105968], [2.1542212, 41.408558], [2.1537533, 41.409043], [2.1506729, 41.4079604]]], [[[2.0466389, 41.3752267], [2.0361545, 41.3705822], [2.0272821, 41.3799839], [2.0271182, 41.3832761], [2.0221458, 41.389454], [2.0355535, 41.3969638], [2.0335727, 41.399648], [2.0393511, 41.4042926], [2.0415743, 41.4081414], [2.0497671, 41.4106173], [2.0493983, 41.4117306], [2.0481791, 41.4114335], [2.0488553, 41.4135372], [2.0533529, 41.4149306], [2.0549239, 41.4141793], [2.0569149, 41.4105797], [2.0591279, 41.4108974], [2.0588786, 41.4125195], [2.0642027, 41.4140768], [2.0642232, 41.4178437], [2.0711934, 41.4185403], [2.0739323, 41.4174543], [2.0704045, 41.4141895], [2.0705001, 41.412178], [2.0755681, 41.415979], [2.0787647, 41.4150501], [2.0774942, 41.4134792], [2.0785017, 41.4124102], [2.0766268, 41.4108291], [2.0724706, 41.4109827], [2.0717569, 41.4074788], [2.0694244, 41.4068675], [2.0721565, 41.4038725], [2.0781909, 41.4029641], [2.0767634, 41.4001227], [2.0701791, 41.396933], [2.0657327, 41.3966496], [2.0639534, 41.394539], [2.0598314, 41.3928759], [2.0610711, 41.3903829], [2.0576355, 41.3882211], [2.0577857, 41.384888], [2.059425, 41.3830165], [2.0559621, 41.3811519], [2.0566212, 41.3801786], [2.0525333, 41.3792975], [2.0466389, 41.3752267]]], [[[2.076719, 41.3757014], [2.0753018, 41.3733108], [2.0728326, 41.3753223], [2.0674573, 41.3770264], [2.0650872, 41.3792702], [2.0595411, 41.3793043], [2.0587932, 41.3778529], [2.0525333, 41.3792975], [2.0566212, 41.3801786], [2.0559621, 41.3811519], [2.059425, 41.3830165], [2.0577857, 41.384888], [2.0576355, 41.3882211], [2.0610711, 41.3903829], [2.0598314, 41.3928759], [2.0639534, 41.394539], [2.0657327, 41.3966496], [2.0701791, 41.396933], [2.0767634, 41.4001227], [2.0781909, 41.4029641], [2.0853865, 41.4096133], [2.0914278, 41.4081482], [2.0954884, 41.4077896], [2.097797, 41.4091078], [2.1005803, 41.4083565], [2.1019566, 41.404979], [2.1036505, 41.4041764], [2.1021615, 41.3995831], [2.0979336, 41.3940302], [2.0927153, 41.3932481], [2.0900515, 41.3902429], [2.0851099, 41.3886412], [2.0827774, 41.3829209], [2.0801922, 41.380964], [2.0801034, 41.3775455], [2.076719, 41.3757014]]], [[[2.1225564, 41.3907176], [2.1209138, 41.3900824], [2.1205005, 41.3908439], [2.119558, 41.3914825], [2.1175362, 41.392186], [2.1183319, 41.3931013], [2.1184446, 41.3940814], [2.1178846, 41.3950581], [2.1158116, 41.3957719], [2.1131512, 41.3972472], [2.1111432, 41.3959153], [2.1098386, 41.3961612], [2.1086536, 41.3984527], [2.106526, 41.4001296], [2.1033294, 41.4011165], [2.1029162, 41.401096], [2.1038178, 41.4037359], [2.10363, 41.4041081], [2.1036505, 41.4041764], [2.1035753, 41.4042106], [2.103408, 41.4045419], [2.1019566, 41.404979], [2.101335, 41.4072637], [2.1005803, 41.4083565], [2.097797, 41.4091078], [2.0977048, 41.4090532], [2.0975272, 41.4090976], [2.0970491, 41.408681], [2.0954884, 41.4077896], [2.0924899, 41.4082233], [2.0915132, 41.4081414], [2.0914278, 41.4081482], [2.0875927, 41.4090771], [2.0863803, 41.4096269], [2.0856939, 41.4095381], [2.0853865, 41.4096133], [2.0852431, 41.4094801], [2.0850314, 41.4094528], [2.083136, 41.4079501], [2.082593, 41.4071612], [2.0804141, 41.4058737], [2.0802468, 41.4048629], [2.0781909, 41.4029641], [2.073765, 41.40363], [2.0736625, 41.4037052], [2.0721565, 41.4038725], [2.072153, 41.4038759], [2.0707358, 41.4054537], [2.0706675, 41.4055049], [2.0696498, 41.4066182], [2.069701, 41.4069393], [2.0703943, 41.4071203], [2.0713744, 41.4072125], [2.0715964, 41.4074379], [2.0717569, 41.4074788], [2.0717876, 41.4076291], [2.0718969, 41.4077384], [2.0718423, 41.4078955], [2.0724706, 41.4109827], [2.0737547, 41.4105832], [2.0746529, 41.4109008], [2.0766268, 41.4108291], [2.0776991, 41.4117341], [2.0785017, 41.4124102], [2.0774942, 41.4134792], [2.0782626, 41.4144286], [2.0787647, 41.4150501], [2.079919, 41.4152004], [2.0801375, 41.4157229], [2.0791506, 41.4169216], [2.0786281, 41.418011], [2.0791301, 41.4189262], [2.0776172, 41.4187213], [2.0769581, 41.4199303], [2.0772347, 41.4210197], [2.0754725, 41.4221774], [2.0780714, 41.422536], [2.0798507, 41.4229936], [2.0801409, 41.4242231], [2.0770981, 41.4250495], [2.0745778, 41.4248139], [2.072638, 41.4250939], [2.0731741, 41.4274093], [2.0749363, 41.4282016], [2.0765927, 41.4286695], [2.0754179, 41.4295882], [2.0731298, 41.4306708], [2.0714939, 41.4328871], [2.0709475, 41.4343693], [2.0709919, 41.4349977], [2.0717296, 41.4363022], [2.0732322, 41.4371628], [2.0726072, 41.4353255], [2.0728361, 41.4350831], [2.0748134, 41.4353836], [2.07523, 41.4343864], [2.075172, 41.4330579], [2.0769342, 41.4327574], [2.077887, 41.4321188], [2.0799668, 41.4318797], [2.0801785, 41.4309064], [2.0808479, 41.4306366], [2.0815138, 41.4317465], [2.082593, 41.4318251], [2.082651, 41.4307664], [2.0836619, 41.4309201], [2.083901, 41.4299877], [2.0858305, 41.4289051], [2.0874868, 41.4287685], [2.0883133, 41.4281709], [2.0892729, 41.4291715], [2.0905365, 41.4286012], [2.0910897, 41.4291681], [2.0922714, 41.429595], [2.0946756, 41.432713], [2.0958299, 41.4329862], [2.0986986, 41.4318011], [2.0987191, 41.4308927], [2.0994738, 41.4301858], [2.1010994, 41.4297453], [2.102059, 41.4286388], [2.1032202, 41.4280753], [2.1054058, 41.4288027], [2.1066489, 41.4286217], [2.1084043, 41.4287207], [2.111109, 41.4282904], [2.1124477, 41.4285978], [2.1148383, 41.4279592], [2.1159687, 41.4267502], [2.1196365, 41.4256506], [2.1211562, 41.4258042], [2.1213338, 41.4254627], [2.1205279, 41.4241274], [2.1204698, 41.4226692], [2.1214055, 41.4213783], [2.1215626, 41.4205621], [2.1288914, 41.4174475], [2.1282938, 41.4166006], [2.1267604, 41.416744], [2.1262959, 41.4160029], [2.1251212, 41.4149511], [2.1254251, 41.4139744], [2.1241888, 41.4136226], [2.1231882, 41.4140631], [2.1232155, 41.4153199], [2.1224027, 41.4151731], [2.1221739, 41.4160951], [2.1215285, 41.4169113], [2.1209479, 41.4160234], [2.1200156, 41.4159483], [2.1202888, 41.4150228], [2.1188237, 41.4147803], [2.1196229, 41.4131172], [2.1194726, 41.4124478], [2.1202683, 41.4114608], [2.1219519, 41.4099684], [2.1218871, 41.4089371], [2.1226179, 41.4077247], [2.1218256, 41.4070349], [2.1227579, 41.4058977], [2.123639, 41.4040467], [2.1245747, 41.4031792], [2.1252099, 41.4020284], [2.1228774, 41.4007238], [2.1240112, 41.3996924], [2.1261149, 41.3981454], [2.1281674, 41.3977766], [2.1262515, 41.396513], [2.1259852, 41.3956148], [2.1299467, 41.3925412], [2.1295744, 41.3925071], [2.1225564, 41.3907176]]], [[[2.0581307, 41.4107539], [2.0569149, 41.4105797], [2.0549239, 41.4141793], [2.056891, 41.4164127], [2.0572086, 41.4184994], [2.0571813, 41.4185916], [2.0563138, 41.4215729], [2.0524548, 41.4240796], [2.0543092, 41.4248719], [2.0544287, 41.4249231], [2.0568807, 41.4257633], [2.0577994, 41.4263609], [2.0582946, 41.4286354], [2.0582843, 41.4296394], [2.0576491, 41.4339868], [2.0576116, 41.4360154], [2.0576081, 41.4361315], [2.0597289, 41.436193], [2.0599577, 41.4346186], [2.0616209, 41.433717], [2.0634719, 41.4334916], [2.0636187, 41.4323134], [2.0647286, 41.4299775], [2.0677885, 41.429554], [2.0677988, 41.4291408], [2.0668187, 41.4273991], [2.0671772, 41.4262858], [2.0699435, 41.4250666], [2.0698888, 41.424206], [2.0704967, 41.4194146], [2.0711934, 41.4185403], [2.0686935, 41.418291], [2.064995, 41.4181339], [2.0642232, 41.4178437], [2.0642027, 41.4140768], [2.0588786, 41.4125195], [2.0591279, 41.4108974], [2.0581307, 41.4107539]]], [[[2.0711388, 41.4126561], [2.0706948, 41.4126356], [2.0704045, 41.4141895], [2.0715315, 41.4152345], [2.0728805, 41.415839], [2.0739323, 41.4174543], [2.0740279, 41.4169694], [2.0740928, 41.4169182], [2.0740791, 41.4169352], [2.0755681, 41.415979], [2.0740211, 41.4150125], [2.073601, 41.4145037], [2.0711388, 41.4126561]]], [[[2.1066352, 41.3829755], [2.1023459, 41.3819442], [2.1016799, 41.3835732], [2.1026157, 41.38372], [2.1035924, 41.3847104], [2.102643, 41.3856837], [2.1009969, 41.3869712], [2.1020419, 41.3873434], [2.1020317, 41.3873503], [2.1021239, 41.3873844], [2.1000919, 41.3898945], [2.0999178, 41.3905946], [2.0999007, 41.3919128], [2.0991733, 41.3927666], [2.0983878, 41.3931594], [2.0979336, 41.3940302], [2.1021615, 41.3995831], [2.1024142, 41.4003618], [2.1029162, 41.401096], [2.1033294, 41.4011165], [2.106526, 41.4001296], [2.1086536, 41.3984527], [2.1098386, 41.3961612], [2.1111432, 41.3959153], [2.1131512, 41.3972472], [2.1158116, 41.3957719], [2.1178846, 41.3950581], [2.1184446, 41.3940814], [2.1183319, 41.3931013], [2.1175362, 41.392186], [2.119558, 41.3914825], [2.1205005, 41.3908439], [2.1209138, 41.3900824], [2.1225564, 41.3907176], [2.1295744, 41.3925071], [2.1289392, 41.3917182], [2.1276312, 41.3889827], [2.1269243, 41.3882075], [2.1208011, 41.3866604], [2.1131854, 41.3847992], [2.1066352, 41.3829755]]]]}}, {"type": "Feature", "properties": {"Zone": "Z2 - Nord-Ouest (Terrassa, Rub\u00ed, Sabadell)"}, "geometry": {"type": "MultiPolygon", "coordinates": [[[[2.0806327, 41.50847], [2.0754588, 41.5067966], [2.073946, 41.5070425], [2.0727473, 41.5069059], [2.0680276, 41.5096585], [2.0648379, 41.5129643], [2.0649096, 41.5192651], [2.0644896, 41.5198389], [2.0584073, 41.5185343], [2.0570856, 41.516154], [2.0532129, 41.5138215], [2.0515566, 41.5122369], [2.0508599, 41.5117451], [2.0497944, 41.5096072], [2.0470418, 41.5097882], [2.0455529, 41.5094058], [2.0443234, 41.5094092], [2.0437838, 41.5100683], [2.043176, 41.5123086], [2.041284, 41.5126364], [2.041185, 41.5126945], [2.0410484, 41.5126774], [2.0386271, 41.5130941], [2.0360282, 41.5125237], [2.0354715, 41.5125681], [2.0348192, 41.5122676], [2.0348602, 41.5134458], [2.0348602, 41.5134595], [2.0343787, 41.5131863], [2.0334942, 41.5126808], [2.0347475, 41.5168029], [2.0346621, 41.5168609], [2.0348978, 41.5171717], [2.0355501, 41.5182816], [2.0359599, 41.5200745], [2.0369946, 41.5211742], [2.0357959, 41.5216215], [2.0328248, 41.5222363], [2.0318925, 41.5222636], [2.0323808, 41.5250332], [2.0331322, 41.5280966], [2.0363594, 41.526751], [2.0367692, 41.5256104], [2.0390369, 41.5276048], [2.0408264, 41.5253577], [2.0407922, 41.5245449], [2.0417484, 41.5240531], [2.0429471, 41.5240565], [2.044081, 41.5245995], [2.0451704, 41.5246029], [2.0469872, 41.5255489], [2.0493607, 41.5257162], [2.0510682, 41.5251698], [2.0518913, 41.5255216], [2.0542511, 41.5254157], [2.05518, 41.5257538], [2.0569285, 41.5255216], [2.0546302, 41.5304257], [2.0500369, 41.5323313], [2.0498593, 41.5335197], [2.0515771, 41.5342403], [2.0518127, 41.5348106], [2.0512936, 41.5361733], [2.0520928, 41.5378467], [2.0528168, 41.5382087], [2.0537423, 41.5405548], [2.0555591, 41.5409476], [2.0579531, 41.5409749], [2.0596743, 41.5400221], [2.0607808, 41.5389224], [2.0626147, 41.5389976], [2.0629357, 41.5398342], [2.0640763, 41.5404695], [2.0644076, 41.5414701], [2.0652785, 41.541593], [2.0655175, 41.5425117], [2.0663815, 41.5425014], [2.0661527, 41.5439016], [2.0657531, 41.5445949], [2.0633148, 41.5477641], [2.0637656, 41.5481363], [2.0624644, 41.549779], [2.0609242, 41.552815], [2.0625635, 41.5533546], [2.0625737, 41.553358], [2.0631884, 41.5536244], [2.0662381, 41.5535902], [2.0653058, 41.5543313], [2.065357, 41.5553115], [2.0672968, 41.5561789], [2.0641583, 41.5578762], [2.0656029, 41.5590544], [2.0651999, 41.5594062], [2.0667777, 41.5604341], [2.06771, 41.5599321], [2.0691751, 41.5607073], [2.0681745, 41.5617216], [2.0678329, 41.5625754], [2.0633831, 41.5635896], [2.0642608, 41.5650069], [2.0718218, 41.5643854], [2.0898057, 41.5626095], [2.0958026, 41.5619367], [2.0967178, 41.561182], [2.0981043, 41.5506157], [2.0976467, 41.5501786], [2.0951605, 41.5506567], [2.0943614, 41.5459131], [2.1026396, 41.5436967], [2.1029162, 41.5435601], [2.1148793, 41.5312555], [2.10781, 41.5293226], [2.1071953, 41.5301012], [2.1052419, 41.5295616], [2.1044735, 41.5311633], [2.1040261, 41.5307091], [2.1043915, 41.5280556], [2.1036983, 41.5271233], [2.1025235, 41.5268091], [2.1012223, 41.5258631], [2.1000065, 41.525484], [2.0993338, 41.5260851], [2.0991084, 41.5275502], [2.097937, 41.5254362], [2.0976023, 41.5240326], [2.097715, 41.5206551], [2.0971857, 41.5198594], [2.0958504, 41.5192344], [2.0941531, 41.5171546], [2.0938696, 41.5156007], [2.0941497, 41.5146411], [2.0933164, 41.513859], [2.0937603, 41.5131794], [2.0889041, 41.5114138], [2.0887675, 41.5110962], [2.0875039, 41.5106898], [2.0859637, 41.510601], [2.0808991, 41.5091155], [2.0806327, 41.50847]]], [[[2.1075949, 41.5075479], [2.1051189, 41.5067078], [2.0999622, 41.51014], [2.099286, 41.5100956], [2.0977799, 41.5100888], [2.0959699, 41.5098805], [2.0905843, 41.5095287], [2.0887675, 41.5110962], [2.0889041, 41.5114138], [2.0937603, 41.5131794], [2.0933164, 41.513859], [2.0941497, 41.5146411], [2.0938696, 41.5156007], [2.0941531, 41.5171546], [2.0958504, 41.5192344], [2.0971857, 41.5198594], [2.097715, 41.5206551], [2.0976023, 41.5240326], [2.097937, 41.5254362], [2.0991084, 41.5275502], [2.0993338, 41.5260851], [2.1000065, 41.525484], [2.1012223, 41.5258631], [2.1025235, 41.5268091], [2.1036983, 41.5271233], [2.1043915, 41.5280556], [2.1040261, 41.5307091], [2.1044735, 41.5311633], [2.1052419, 41.5295616], [2.1071953, 41.5301012], [2.10781, 41.5293226], [2.1148793, 41.5312555], [2.1029162, 41.5435601], [2.1026396, 41.5436967], [2.0943614, 41.5459131], [2.0951605, 41.5506567], [2.0976467, 41.5501786], [2.0981043, 41.5506157], [2.0988932, 41.5502605], [2.1023835, 41.551046], [2.1062869, 41.5520398], [2.1136498, 41.5541128], [2.1151218, 41.5542016], [2.1169454, 41.5564931], [2.1186495, 41.5554481], [2.1199405, 41.5541503], [2.1205927, 41.5528799], [2.1205552, 41.5513295], [2.1200156, 41.5492121], [2.1202615, 41.5479519], [2.1215797, 41.5467669], [2.12396, 41.5458995], [2.1248206, 41.5448237], [2.126313, 41.5417638], [2.1279796, 41.5392332], [2.1279523, 41.5386185], [2.1271122, 41.5365899], [2.1266238, 41.5333934], [2.1243596, 41.5336598], [2.1234409, 41.5331953], [2.1231711, 41.5324952], [2.1231575, 41.531778], [2.123902, 41.5313204], [2.1239327, 41.5297119], [2.1245747, 41.5285883], [2.1265009, 41.5279668], [2.126716, 41.5278985], [2.116901, 41.5230764], [2.1141997, 41.5224207], [2.1095176, 41.52128], [2.111553, 41.5188348], [2.1128746, 41.5175542], [2.1124136, 41.5161301], [2.1132605, 41.5139854], [2.1125878, 41.5135039], [2.1107334, 41.5115436], [2.1095381, 41.5105054], [2.1095142, 41.5090164], [2.109118, 41.508067], [2.1075949, 41.5075479]]], [[[2.1257734, 41.5065371], [2.122693, 41.5056867], [2.1136669, 41.5123735], [2.1136806, 41.5139239], [2.1160199, 41.5150987], [2.1128746, 41.5175542], [2.1095176, 41.52128], [2.116901, 41.5230764], [2.126716, 41.5278985], [2.1245747, 41.5285883], [2.1234409, 41.5331953], [2.1298067, 41.5331714], [2.1323919, 41.5344145], [2.1339048, 41.5332397], [2.1343453, 41.5315185], [2.1388703, 41.531638], [2.1409296, 41.5293328], [2.1444438, 41.528923], [2.1500992, 41.5248693], [2.1501401, 41.5228612], [2.1534323, 41.5193266], [2.158893, 41.5197467], [2.1614065, 41.5160071], [2.1626599, 41.5161472], [2.161188, 41.5088525], [2.159033, 41.5073977], [2.1550715, 41.5113387], [2.1499489, 41.5086647], [2.149201, 41.5100171], [2.1459532, 41.510461], [2.1387337, 41.5075172], [2.1349395, 41.5081627], [2.1360939, 41.5067112], [2.1349703, 41.5066054], [2.1257734, 41.5065371]]], [[[2.1356362, 41.5318019], [2.1343453, 41.5315185], [2.134137, 41.5323381], [2.1339048, 41.5332397], [2.1323919, 41.5344145], [2.1298067, 41.5331714], [2.1288641, 41.533209], [2.1286729, 41.5331748], [2.1277474, 41.5331782], [2.1266238, 41.5333934], [2.1271122, 41.5365899], [2.1279523, 41.5386185], [2.1279796, 41.5392332], [2.126313, 41.5417638], [2.1248206, 41.5448237], [2.12396, 41.5458995], [2.1215797, 41.5467669], [2.1202615, 41.5479519], [2.1200156, 41.5492121], [2.1205552, 41.5513295], [2.1205927, 41.5528799], [2.1199405, 41.5541503], [2.1186495, 41.5554481], [2.1169488, 41.5564931], [2.1176797, 41.5573947], [2.1177719, 41.5575415], [2.1177787, 41.5575518], [2.1178333, 41.5577567], [2.117847, 41.5578762], [2.1178368, 41.5579513], [2.1178333, 41.5579889], [2.1178129, 41.5580709], [2.1177924, 41.5581494], [2.117765, 41.5582245], [2.1177275, 41.5583475], [2.117707, 41.5584841], [2.117707, 41.5585934], [2.1177343, 41.55873], [2.1177924, 41.5588563], [2.1178812, 41.5589793], [2.1180553, 41.5591876], [2.1181236, 41.5592661], [2.1181885, 41.5593413], [2.1182568, 41.5594335], [2.1183012, 41.559512], [2.1183388, 41.5596042], [2.118349, 41.5596486], [2.1183729, 41.559734], [2.11839, 41.5598672], [2.1183627, 41.560195], [2.1183627, 41.5603043], [2.1183661, 41.5604102], [2.1183798, 41.5605161], [2.1184071, 41.5606219], [2.1184446, 41.5607176], [2.1184925, 41.5608029], [2.1185744, 41.5609088], [2.1186495, 41.5609839], [2.1187179, 41.561042], [2.1188066, 41.5611035], [2.1189091, 41.5611615], [2.1189808, 41.5611923], [2.1190901, 41.5612298], [2.119196, 41.5612606], [2.1193257, 41.5612845], [2.1194282, 41.5613015], [2.1195306, 41.5613084], [2.119616, 41.5613118], [2.1197014, 41.5613049], [2.1198141, 41.5612947], [2.1199165, 41.5612742], [2.1200156, 41.5612469], [2.1201215, 41.5612162], [2.1203059, 41.5611479], [2.1204356, 41.5610864], [2.1205791, 41.5610352], [2.1207123, 41.5609839], [2.1208694, 41.560919], [2.1209445, 41.5608849], [2.1210196, 41.5608542], [2.1210948, 41.5608337], [2.1211494, 41.5608268], [2.1212177, 41.5608268], [2.121286, 41.5608303], [2.1213577, 41.5608542], [2.1214329, 41.5608849], [2.1214807, 41.560919], [2.1215216, 41.5609566], [2.1215524, 41.5610078], [2.121566, 41.5610488], [2.1215729, 41.5610932], [2.1215695, 41.5611342], [2.1215592, 41.5611854], [2.1215421, 41.5612332], [2.121508, 41.5613015], [2.1213748, 41.5614825], [2.1213133, 41.5615713], [2.1212758, 41.5616635], [2.1212553, 41.5617421], [2.1212075, 41.5618548], [2.121187, 41.5619163], [2.1211665, 41.5619948], [2.1211528, 41.5620973], [2.1211528, 41.5621929], [2.1211665, 41.5623192], [2.1215216, 41.5642283], [2.121566, 41.564481], [2.1218017, 41.5658675], [2.1217641, 41.5661236], [2.1215865, 41.5664139], [2.1214055, 41.5666188], [2.1212723, 41.5668067], [2.121245, 41.5669843], [2.1212928, 41.5671174], [2.1213816, 41.5672233], [2.1214192, 41.5672643], [2.1215729, 41.5674658], [2.1216241, 41.5676946], [2.1215934, 41.5679097], [2.1215421, 41.5680361], [2.1214909, 41.5681761], [2.1214602, 41.5683503], [2.1214875, 41.5685074], [2.121508, 41.5687055], [2.1214943, 41.5688967], [2.1214636, 41.5690572], [2.1214363, 41.5692246], [2.1214397, 41.5694978], [2.1214636, 41.5696753], [2.1215182, 41.5701432], [2.1215319, 41.5702662], [2.1215387, 41.5703652], [2.1215421, 41.5704711], [2.1215285, 41.570553], [2.121508, 41.5706316], [2.1214568, 41.570734], [2.1214192, 41.5707989], [2.121368, 41.5708775], [2.1213099, 41.5709628], [2.1212689, 41.5710414], [2.1212587, 41.5711165], [2.1212621, 41.5711712], [2.1212792, 41.5712429], [2.1213441, 41.5713897], [2.1214089, 41.5715673], [2.1214158, 41.5716049], [2.1214158, 41.571779], [2.1213885, 41.571861], [2.1213509, 41.5719259], [2.1213065, 41.5719839], [2.1212348, 41.5720762], [2.1211392, 41.5722059], [2.1211016, 41.5722845], [2.1210879, 41.5723425], [2.1210913, 41.5724143], [2.1211118, 41.5724689], [2.1211528, 41.5725372], [2.1212279, 41.5726192], [2.1213099, 41.5726909], [2.1214397, 41.5727865], [2.1215421, 41.5728411], [2.1216787, 41.5728924], [2.1217641, 41.5729129], [2.1218529, 41.5729333], [2.1219485, 41.5729436], [2.1220715, 41.5729538], [2.1222012, 41.5729607], [2.1223174, 41.5729675], [2.1230994, 41.5730016], [2.1232155, 41.5730119], [2.1233351, 41.5730256], [2.1234443, 41.5730563], [2.1235468, 41.5731041], [2.1236219, 41.5731553], [2.1236936, 41.5732612], [2.1237175, 41.5733534], [2.1237175, 41.5734012], [2.1237141, 41.5734695], [2.1237039, 41.5735344], [2.1236595, 41.5738418], [2.1236561, 41.5739203], [2.1236697, 41.5740125], [2.1237073, 41.5740911], [2.1237756, 41.5741901], [2.1238337, 41.5742618], [2.1238985, 41.5743404], [2.1239703, 41.5744394], [2.1240215, 41.5745077], [2.124083, 41.5746102], [2.1241444, 41.5747058], [2.1241957, 41.5748185], [2.124223, 41.5748663], [2.124281, 41.5749858], [2.1243459, 41.575119], [2.1243972, 41.5751941], [2.1244484, 41.5752522], [2.124503, 41.5753034], [2.1245645, 41.5753581], [2.124626, 41.5754161], [2.1247113, 41.5755186], [2.1247557, 41.5755835], [2.1247762, 41.5756483], [2.1248001, 41.5757303], [2.1248275, 41.5758396], [2.1248479, 41.5759147], [2.1248923, 41.5760479], [2.1248992, 41.5761401], [2.1248992, 41.5761777], [2.1248958, 41.5762016], [2.1248855, 41.5762187], [2.124865, 41.5762972], [2.1248343, 41.5763655], [2.124807, 41.5764202], [2.1247728, 41.5764714], [2.1247523, 41.5765294], [2.1247318, 41.5765807], [2.1247216, 41.5766353], [2.1247216, 41.5766899], [2.124725, 41.5767583], [2.1247284, 41.5767958], [2.1263233, 41.5763621], [2.1266887, 41.5751122], [2.1289768, 41.5662842], [2.1316269, 41.5625207], [2.1360699, 41.5632379], [2.1389318, 41.5612298], [2.1391504, 41.5591603], [2.1397514, 41.559454], [2.1404344, 41.5597852], [2.1412882, 41.5588256], [2.1413053, 41.5588085], [2.1410389, 41.5559364], [2.1402637, 41.555653], [2.1408921, 41.5543791], [2.1429787, 41.5530233], [2.1438495, 41.5516368], [2.1452907, 41.5515173], [2.1461616, 41.5497653], [2.1462674, 41.549195], [2.1471656, 41.5477368], [2.1482379, 41.5455784], [2.1485931, 41.5433108], [2.1505158, 41.5409851], [2.1492829, 41.5409817], [2.1487365, 41.541371], [2.147753, 41.5415042], [2.1475788, 41.541091], [2.1462742, 41.5409783], [2.1461069, 41.5400562], [2.1452668, 41.5399128], [2.1453488, 41.5391444], [2.1459259, 41.5390556], [2.1457825, 41.5382633], [2.1445769, 41.5384511], [2.1407179, 41.5374232], [2.1406462, 41.5374027], [2.1382044, 41.5330553], [2.1384981, 41.5324337], [2.1388703, 41.531638], [2.1371047, 41.5315902], [2.1356362, 41.5318019]]], [[[2.1142748, 41.5541503], [2.1138274, 41.554123], [2.1140084, 41.5541879], [2.114087, 41.5541947], [2.1141041, 41.5541947], [2.1141621, 41.5541879], [2.1142065, 41.5541776], [2.1142543, 41.5541606], [2.1142748, 41.5541503]]], [[[2.1136498, 41.5541128], [2.1062869, 41.5520398], [2.1090497, 41.5528458], [2.1099855, 41.5531053], [2.1123589, 41.5537644], [2.1136498, 41.5541128]]], [[[2.1237893, 41.5333695], [2.1234409, 41.5331953], [2.1238337, 41.5333934], [2.1237893, 41.5333695]]], [[[2.100915, 41.5628861], [2.1012326, 41.5611513], [2.1009559, 41.5612298], [2.100751, 41.5612845], [2.1005017, 41.5613425], [2.1002422, 41.5614006], [2.0999929, 41.5614518], [2.0996787, 41.5615099], [2.0991903, 41.5615782], [2.0985346, 41.561643], [2.0979985, 41.5617079], [2.0977082, 41.5616738], [2.0976809, 41.5616738], [2.0976433, 41.5616669], [2.0976023, 41.5616601], [2.0975682, 41.5616533], [2.0975511, 41.5616465], [2.0974486, 41.5616157], [2.0974282, 41.5615713], [2.0974008, 41.5615269], [2.0973735, 41.5614894], [2.097312, 41.5614211], [2.0972711, 41.5613903], [2.0972267, 41.5613528], [2.0971925, 41.5613323], [2.0971447, 41.5613015], [2.0970901, 41.5612776], [2.0970286, 41.5612503], [2.0969671, 41.5612298], [2.0968988, 41.5612093], [2.0968442, 41.5611991], [2.0967793, 41.5611888], [2.0967178, 41.561182], [2.0958026, 41.5619367], [2.0935588, 41.5621895], [2.0933813, 41.5622202], [2.0933232, 41.562227], [2.0931422, 41.5622441], [2.0929373, 41.5622646], [2.0927426, 41.5622851], [2.0925412, 41.5623056], [2.0923328, 41.5623261], [2.0917693, 41.5623875], [2.0917625, 41.5623909], [2.0916498, 41.5624149], [2.0912878, 41.5625344], [2.0899901, 41.5626676], [2.0898057, 41.5626095], [2.0889416, 41.5626949], [2.0869711, 41.562893], [2.0868994, 41.5628998], [2.0819817, 41.5633847], [2.0815377, 41.5634291], [2.0797687, 41.5636033], [2.0767566, 41.5639004], [2.0718218, 41.5643854], [2.0642608, 41.5650069], [2.0643735, 41.5651913], [2.0648481, 41.5659563], [2.0648174, 41.5667759], [2.0661698, 41.5681317], [2.0631304, 41.5694021], [2.061474, 41.5704642], [2.0625498, 41.5722776], [2.0636255, 41.5732851], [2.0649165, 41.5729504], [2.0661698, 41.5754878], [2.0608491, 41.5776189], [2.0629938, 41.5791386], [2.0546199, 41.5815633], [2.0525777, 41.5812184], [2.0505662, 41.5833767], [2.0495656, 41.5847086], [2.0485889, 41.5846198], [2.0478615, 41.5856033], [2.0485957, 41.5861122], [2.0472502, 41.5871231], [2.0510102, 41.5895444], [2.0525401, 41.5885642], [2.0596401, 41.5873348], [2.0624268, 41.587707], [2.0648345, 41.5878027], [2.0655687, 41.58783], [2.0650496, 41.5871777], [2.0665455, 41.5862044], [2.0695746, 41.5852687], [2.0778972, 41.5848008], [2.0802673, 41.5827756], [2.0834877, 41.5829771], [2.0855061, 41.5807437], [2.0857929, 41.5804261], [2.0869506, 41.5809861], [2.0874288, 41.5826459], [2.0879649, 41.5833733], [2.0885148, 41.5832469], [2.0885284, 41.5832128], [2.0897783, 41.5829498], [2.0901642, 41.5833699], [2.0901472, 41.5831274], [2.0900481, 41.5821234], [2.0900379, 41.5820346], [2.0900174, 41.5818638], [2.0900242, 41.581717], [2.090055, 41.5815838], [2.090113, 41.5814267], [2.0901984, 41.5812867], [2.0903043, 41.581133], [2.0904272, 41.5809759], [2.0918752, 41.579323], [2.0930124, 41.5780901], [2.0931525, 41.5779194], [2.0932652, 41.5777623], [2.0933539, 41.5776052], [2.0934598, 41.5774413], [2.093552, 41.5772432], [2.0936374, 41.5769973], [2.0939243, 41.5751976], [2.0939584, 41.5749551], [2.0941702, 41.5735378], [2.0941906, 41.5734319], [2.0942419, 41.5732851], [2.094317, 41.5731143], [2.0944331, 41.5728889], [2.0945048, 41.5727865], [2.0945697, 41.5726943], [2.0947097, 41.572503], [2.0949249, 41.5722674], [2.0992689, 41.5683025], [2.0994294, 41.5681351], [2.0994977, 41.5680668], [2.0995387, 41.5680088], [2.0995762, 41.5679473], [2.0996036, 41.5678653], [2.0996309, 41.5677526], [2.0996411, 41.567657], [2.0996275, 41.5675512], [2.0995592, 41.5672779], [2.0995318, 41.5671823], [2.0995114, 41.5670867], [2.0995045, 41.567056], [2.099484, 41.5669603], [2.0994738, 41.5668408], [2.0994772, 41.5667145], [2.099484, 41.5666496], [2.0995182, 41.5665574], [2.0995728, 41.5664652], [2.0996787, 41.5663286], [2.0998255, 41.5661783], [2.0999792, 41.5660383], [2.1001807, 41.5659085], [2.1003583, 41.5658265], [2.1005154, 41.5657514], [2.1006042, 41.5656933], [2.1007476, 41.5655977], [2.1008672, 41.5654919], [2.1009525, 41.5653792], [2.1010106, 41.5652528], [2.1010413, 41.5650957], [2.1010516, 41.5649933], [2.1010482, 41.5647542], [2.1010208, 41.5645425], [2.100915, 41.5628861]]], [[[2.1023835, 41.551046], [2.0988932, 41.5502605], [2.0981043, 41.5506157], [2.0970218, 41.5588666], [2.0970559, 41.55887], [2.0967759, 41.5608337], [2.0967178, 41.561182], [2.0967793, 41.5611888], [2.0968442, 41.5611991], [2.0968988, 41.5612093], [2.0969671, 41.5612298], [2.0970286, 41.5612503], [2.0970901, 41.5612776], [2.0971447, 41.5613015], [2.0971925, 41.5613323], [2.0972267, 41.5613528], [2.0972711, 41.5613903], [2.097312, 41.5614211], [2.0973735, 41.5614894], [2.0974008, 41.5615269], [2.0974282, 41.5615713], [2.0974486, 41.5616157], [2.0975511, 41.5616465], [2.0975682, 41.5616533], [2.0976023, 41.5616601], [2.0976433, 41.5616669], [2.0976809, 41.5616738], [2.0977082, 41.5616738], [2.0979985, 41.5617079], [2.0985346, 41.561643], [2.0991903, 41.5615782], [2.0996787, 41.5615099], [2.0999929, 41.5614518], [2.1002422, 41.5614006], [2.1005017, 41.5613425], [2.100751, 41.5612845], [2.1009559, 41.5612298], [2.1012326, 41.5611513], [2.100915, 41.5628861], [2.1010208, 41.5645425], [2.1010482, 41.5647542], [2.1010516, 41.5649933], [2.1010413, 41.5650957], [2.1010106, 41.5652528], [2.1009525, 41.5653792], [2.1008672, 41.5654919], [2.1007476, 41.5655977], [2.1006042, 41.5656933], [2.1005154, 41.5657514], [2.1003583, 41.5658265], [2.1001807, 41.5659085], [2.0999792, 41.5660383], [2.0998255, 41.5661783], [2.0996787, 41.5663286], [2.0995728, 41.5664652], [2.0995182, 41.5665574], [2.099484, 41.5666496], [2.0994772, 41.5667145], [2.0994738, 41.5668408], [2.099484, 41.5669603], [2.0995045, 41.567056], [2.0995114, 41.5670867], [2.0995318, 41.5671823], [2.0995592, 41.5672779], [2.0996275, 41.5675512], [2.0996411, 41.567657], [2.0996309, 41.5677526], [2.0996036, 41.5678653], [2.0995762, 41.5679473], [2.0995387, 41.5680088], [2.0994977, 41.5680668], [2.0994294, 41.5681351], [2.0992689, 41.5683025], [2.0949249, 41.5722674], [2.0947097, 41.572503], [2.0945697, 41.5726943], [2.0945048, 41.5727865], [2.0944331, 41.5728889], [2.094317, 41.5731143], [2.0942419, 41.5732851], [2.0941906, 41.5734319], [2.0941702, 41.5735378], [2.0939584, 41.5749551], [2.0939243, 41.5751976], [2.0936374, 41.5769973], [2.093552, 41.5772432], [2.0934598, 41.5774413], [2.0933539, 41.5776052], [2.0932652, 41.5777623], [2.0931525, 41.5779194], [2.0930124, 41.5780901], [2.0918752, 41.579323], [2.0904272, 41.5809759], [2.0903043, 41.581133], [2.0901984, 41.5812867], [2.090113, 41.5814267], [2.090055, 41.5815838], [2.0900242, 41.581717], [2.0900174, 41.5818638], [2.0900379, 41.5820346], [2.0900481, 41.5821234], [2.0901472, 41.5831274], [2.0901642, 41.5833699], [2.0915883, 41.5830762], [2.0936989, 41.5833699], [2.0954372, 41.5839675], [2.0969978, 41.5840222], [2.0969364, 41.5844832], [2.0977184, 41.584753], [2.0983366, 41.5847052], [2.0992211, 41.5852653], [2.1012292, 41.5853404], [2.1012462, 41.5852311], [2.1014545, 41.5839504], [2.1055902, 41.585173], [2.1053409, 41.5861668], [2.1052624, 41.5864844], [2.1071304, 41.5865732], [2.1059044, 41.587789], [2.1067411, 41.5878676], [2.1062084, 41.5905382], [2.1111398, 41.5893907], [2.1178129, 41.590183], [2.1188545, 41.587731], [2.1176831, 41.5852379], [2.1178948, 41.578657], [2.1247284, 41.5767958], [2.124725, 41.5767583], [2.1247216, 41.5766899], [2.1247216, 41.5766353], [2.1247318, 41.5765807], [2.1247523, 41.5765294], [2.1247728, 41.5764714], [2.124807, 41.5764202], [2.1248343, 41.5763655], [2.124865, 41.5762972], [2.1248855, 41.5762187], [2.1248958, 41.5762016], [2.1248992, 41.5761777], [2.1248992, 41.5761401], [2.1248923, 41.5760479], [2.1248479, 41.5759147], [2.1248275, 41.5758396], [2.1248001, 41.5757303], [2.1247762, 41.5756483], [2.1247557, 41.5755835], [2.1247113, 41.5755186], [2.124626, 41.5754161], [2.1245645, 41.5753581], [2.124503, 41.5753034], [2.1244484, 41.5752522], [2.1243972, 41.5751941], [2.1243459, 41.575119], [2.124281, 41.5749858], [2.124223, 41.5748663], [2.1241957, 41.5748185], [2.1241444, 41.5747058], [2.124083, 41.5746102], [2.1240215, 41.5745077], [2.1239703, 41.5744394], [2.1238985, 41.5743404], [2.1238337, 41.5742618], [2.1237756, 41.5741901], [2.1237073, 41.5740911], [2.1236697, 41.5740125], [2.1236561, 41.5739203], [2.1236595, 41.5738418], [2.1237039, 41.5735344], [2.1237141, 41.5734695], [2.1237175, 41.5734012], [2.1237175, 41.5733534], [2.1236936, 41.5732612], [2.1236219, 41.5731553], [2.1235468, 41.5731041], [2.1234443, 41.5730563], [2.1233351, 41.5730256], [2.1232155, 41.5730119], [2.1230994, 41.5730016], [2.1223174, 41.5729675], [2.1222012, 41.5729607], [2.1220715, 41.5729538], [2.1219485, 41.5729436], [2.1218529, 41.5729333], [2.1217641, 41.5729129], [2.1216787, 41.5728924], [2.1215421, 41.5728411], [2.1214397, 41.5727865], [2.1213099, 41.5726909], [2.1212279, 41.5726192], [2.1211528, 41.5725372], [2.1211118, 41.5724689], [2.1210913, 41.5724143], [2.1210879, 41.5723425], [2.1211016, 41.5722845], [2.1211392, 41.5722059], [2.1212348, 41.5720762], [2.1213065, 41.5719839], [2.1213509, 41.5719259], [2.1213885, 41.571861], [2.1214158, 41.571779], [2.1214158, 41.5716049], [2.1214089, 41.5715673], [2.1213441, 41.5713897], [2.1212792, 41.5712429], [2.1212621, 41.5711712], [2.1212587, 41.5711165], [2.1212689, 41.5710414], [2.1213099, 41.5709628], [2.121368, 41.5708775], [2.1214192, 41.5707989], [2.1214568, 41.570734], [2.121508, 41.5706316], [2.1215285, 41.570553], [2.1215421, 41.5704711], [2.1215387, 41.5703652], [2.1215319, 41.5702662], [2.1215182, 41.5701432], [2.1214636, 41.5696753], [2.1214397, 41.5694978], [2.1214363, 41.5692246], [2.1214636, 41.5690572], [2.1214943, 41.5688967], [2.121508, 41.5687055], [2.1214875, 41.5685074], [2.1214602, 41.5683503], [2.1214909, 41.5681761], [2.1215421, 41.5680361], [2.1215934, 41.5679097], [2.1216241, 41.5676946], [2.1215729, 41.5674658], [2.1214192, 41.5672643], [2.1213816, 41.5672233], [2.1212928, 41.5671174], [2.121245, 41.5669843], [2.1212723, 41.5668067], [2.1214055, 41.5666188], [2.1215865, 41.5664139], [2.1217641, 41.5661236], [2.1218017, 41.5658675], [2.121566, 41.564481], [2.1215216, 41.5642283], [2.1211665, 41.5623192], [2.1211528, 41.5621929], [2.1211528, 41.5620973], [2.1211665, 41.5619948], [2.121187, 41.5619163], [2.1212075, 41.5618548], [2.1212553, 41.5617421], [2.1212758, 41.5616635], [2.1213133, 41.5615713], [2.1213748, 41.5614825], [2.121508, 41.5613015], [2.1215421, 41.5612332], [2.1215592, 41.5611854], [2.1215695, 41.5611342], [2.1215729, 41.5610932], [2.121566, 41.5610488], [2.1215524, 41.5610078], [2.1215216, 41.5609566], [2.1214807, 41.560919], [2.1214329, 41.5608849], [2.1213577, 41.5608542], [2.121286, 41.5608303], [2.1212177, 41.5608268], [2.1211494, 41.5608268], [2.1210948, 41.5608337], [2.1210196, 41.5608542], [2.1209445, 41.5608849], [2.1208694, 41.560919], [2.1207123, 41.5609839], [2.1205791, 41.5610352], [2.1204356, 41.5610864], [2.1203059, 41.5611479], [2.1201215, 41.5612162], [2.1200156, 41.5612469], [2.1199165, 41.5612742], [2.1198141, 41.5612947], [2.1197014, 41.5613049], [2.119616, 41.5613118], [2.1195306, 41.5613084], [2.1194282, 41.5613015], [2.1193257, 41.5612845], [2.119196, 41.5612606], [2.1190901, 41.5612298], [2.1189808, 41.5611923], [2.1189091, 41.5611615], [2.1188066, 41.5611035], [2.1187179, 41.561042], [2.1186495, 41.5609839], [2.1185744, 41.5609088], [2.1184925, 41.5608029], [2.1184446, 41.5607176], [2.1184071, 41.5606219], [2.1183798, 41.5605161], [2.1183661, 41.5604102], [2.1183627, 41.5603043], [2.1183627, 41.560195], [2.11839, 41.5598672], [2.1183729, 41.559734], [2.118349, 41.5596486], [2.1183388, 41.5596042], [2.1183012, 41.559512], [2.1182568, 41.5594335], [2.1181885, 41.5593413], [2.1181236, 41.5592661], [2.1180553, 41.5591876], [2.1178812, 41.5589793], [2.1177924, 41.5588563], [2.1177343, 41.55873], [2.117707, 41.5585934], [2.117707, 41.5584841], [2.1177275, 41.5583475], [2.117765, 41.5582245], [2.1177924, 41.5581494], [2.1178129, 41.5580709], [2.1178333, 41.5579889], [2.1178368, 41.5579513], [2.117847, 41.5578762], [2.1178333, 41.5577567], [2.1177787, 41.5575518], [2.1177719, 41.5575415], [2.1176797, 41.5573947], [2.1169488, 41.5564931], [2.1169454, 41.5564931], [2.1151218, 41.5542016], [2.1142748, 41.5541503], [2.1142543, 41.5541606], [2.1142065, 41.5541776], [2.1141621, 41.5541879], [2.1141041, 41.5541947], [2.114087, 41.5541947], [2.1140084, 41.5541879], [2.1138274, 41.554123], [2.1136498, 41.5541128], [2.1123589, 41.5537644], [2.1099855, 41.5531053], [2.1090497, 41.5528458], [2.1062869, 41.5520398], [2.1023835, 41.551046]]], [[[2.0625737, 41.553358], [2.0625635, 41.5533546], [2.0612077, 41.5535288], [2.0596504, 41.553358], [2.0579872, 41.5534263], [2.0563719, 41.5538771], [2.053148, 41.5540854], [2.0502691, 41.555834], [2.0411986, 41.5569541], [2.0276475, 41.5588324], [2.0282008, 41.5598877], [2.0262644, 41.5687806], [2.0388217, 41.5676229], [2.0448733, 41.5669638], [2.0643735, 41.5651913], [2.0642608, 41.5650069], [2.0633831, 41.5635896], [2.0678329, 41.5625754], [2.0681745, 41.5617216], [2.0691751, 41.5607073], [2.06771, 41.5599321], [2.0667777, 41.5604341], [2.0651999, 41.5594062], [2.0656029, 41.5590544], [2.0641583, 41.5578762], [2.0672968, 41.5561789], [2.065357, 41.5553115], [2.0653058, 41.5543313], [2.0662381, 41.5535902], [2.0631884, 41.5536244], [2.0625737, 41.553358]]], [[[2.0648481, 41.5659563], [2.0643735, 41.5651913], [2.0448733, 41.5669638], [2.0388217, 41.5676229], [2.0262644, 41.5687806], [2.0260151, 41.5692006], [2.020749, 41.5725065], [2.0176345, 41.5750575], [2.0173134, 41.575522], [2.0185224, 41.5841758], [2.0204724, 41.5843432], [2.0263293, 41.5845822], [2.0255472, 41.5860439], [2.0227639, 41.5907396], [2.0226171, 41.5934137], [2.0229688, 41.5942777], [2.026541, 41.5935059], [2.0283579, 41.5923413], [2.0287301, 41.5929151], [2.0309328, 41.5947968], [2.0323843, 41.5943528], [2.0342728, 41.5951315], [2.0333234, 41.5959203], [2.0361135, 41.5983929], [2.0444669, 41.6038775], [2.044682, 41.6035599], [2.0492992, 41.6010771], [2.0517786, 41.5990247], [2.0547565, 41.597867], [2.0552791, 41.5971942], [2.0564812, 41.5969927], [2.0578609, 41.5962004], [2.0591688, 41.5949539], [2.0596435, 41.593943], [2.0617438, 41.592133], [2.0612999, 41.5917744], [2.0606578, 41.5912587], [2.061556, 41.5904903], [2.0626318, 41.5903025], [2.0625225, 41.5889126], [2.0624268, 41.587707], [2.0596401, 41.5873348], [2.0525401, 41.5885642], [2.0510102, 41.5895444], [2.0472502, 41.5871231], [2.0485957, 41.5861122], [2.0478615, 41.5856033], [2.0485889, 41.5846198], [2.0495656, 41.5847086], [2.0505662, 41.5833767], [2.0525777, 41.5812184], [2.0546199, 41.5815633], [2.0629938, 41.5791386], [2.0608491, 41.5776189], [2.0661698, 41.5754878], [2.0649165, 41.5729504], [2.0636255, 41.5732851], [2.0625498, 41.5722776], [2.061474, 41.5704642], [2.0631304, 41.5694021], [2.0661698, 41.5681317], [2.0648174, 41.5667759], [2.0648481, 41.5659563]]], [[[1.9891116, 41.5625139], [1.9874997, 41.5623739], [1.9836577, 41.5710277], [1.983644, 41.5710653], [1.9832103, 41.5720386], [1.9829064, 41.5720693], [1.9815881, 41.5721957], [1.9788629, 41.5724552], [1.9784975, 41.5726362], [1.9775891, 41.5730802], [1.9768275, 41.5734559], [1.9767455, 41.5734968], [1.9760625, 41.5738315], [1.9751951, 41.5742584], [1.9740271, 41.5738042], [1.9715375, 41.5732168], [1.9710697, 41.5727455], [1.9697651, 41.572264], [1.9691401, 41.5723801], [1.9684878, 41.5724996], [1.9680234, 41.5725884], [1.9670535, 41.5727694], [1.9664661, 41.5728787], [1.9660768, 41.5729504], [1.9658172, 41.5737222], [1.9651786, 41.5756005], [1.9611693, 41.5791693], [1.9608893, 41.5797123], [1.958106, 41.5820585], [1.9580581, 41.5820721], [1.9521773, 41.5843466], [1.9535092, 41.5859551], [1.9535263, 41.5859653], [1.9535366, 41.5859927], [1.9549163, 41.5876592], [1.9541274, 41.5892609], [1.9547421, 41.5899371], [1.9552885, 41.5914602], [1.9536561, 41.5927511], [1.9535263, 41.5930141], [1.9532429, 41.593079], [1.9481885, 41.5970781], [1.9467064, 41.5971122], [1.9464776, 41.5979353], [1.9454906, 41.599274], [1.9447154, 41.5999467], [1.944227, 41.5999911], [1.944005, 41.6002814], [1.9440289, 41.6004727], [1.945214, 41.6016406], [1.9452652, 41.6016714], [1.9473928, 41.6034506], [1.9477582, 41.6041473], [1.9512655, 41.6054485], [1.9526042, 41.6057046], [1.9534375, 41.606251], [1.9565487, 41.6111414], [1.9563335, 41.6112541], [1.9553841, 41.6117596], [1.9558144, 41.6134705], [1.9555617, 41.6144063], [1.954824, 41.6150995], [1.9543118, 41.6181799], [1.9543015, 41.6183063], [1.9540932, 41.6194947], [1.9544074, 41.6203007], [1.95396, 41.6211579], [1.9539634, 41.6211681], [1.954766, 41.6213935], [1.9550768, 41.6244774], [1.9663602, 41.6298493], [1.9669271, 41.630184], [1.9694133, 41.6324004], [1.9704037, 41.6334352], [1.9730128, 41.6339713], [1.9750073, 41.6346134], [1.9762094, 41.6352554], [1.9764484, 41.6367922], [1.975844, 41.6377962], [1.975803, 41.6380899], [1.9754854, 41.6383973], [1.9752156, 41.6388447], [1.9748707, 41.6389881], [1.9739452, 41.6398794], [1.9735661, 41.6412865], [1.9718005, 41.6419456], [1.9716741, 41.6420719], [1.9713292, 41.642731], [1.9711277, 41.644541], [1.9721522, 41.6456783], [1.9721932, 41.6476112], [1.9719029, 41.6488133], [1.9828107, 41.6483011], [1.9796859, 41.6233743], [1.984409, 41.6190713], [1.9844671, 41.6189586], [1.984689, 41.6188186], [1.9861746, 41.6174628], [1.9873904, 41.6170051], [1.9896136, 41.617234], [1.9895692, 41.6165817], [1.9895146, 41.6158133], [1.9985817, 41.6094236], [2.0003848, 41.6086757], [2.0019216, 41.6077741], [2.0077273, 41.6052709], [2.0088747, 41.6051616], [2.0212169, 41.6000492], [2.02037, 41.597563], [2.0199806, 41.5947421], [2.0228049, 41.5941001], [2.0229688, 41.5942777], [2.0226171, 41.5934137], [2.0227639, 41.5907396], [2.0255472, 41.5860439], [2.0263293, 41.5845822], [2.0204724, 41.5843432], [2.0185224, 41.5841758], [2.0173134, 41.575522], [2.0176345, 41.5750575], [2.020749, 41.5725065], [2.0260151, 41.5692006], [2.0262644, 41.5687806], [2.017713, 41.5696207], [2.0149775, 41.5700578], [2.0095885, 41.570331], [2.0062929, 41.5699007], [2.0042985, 41.569245], [2.0015323, 41.5683025], [1.9999135, 41.5675887], [1.9923525, 41.5637228], [1.9907099, 41.5629442], [1.9891116, 41.5625139]]], [[[2.0226376, 41.5308833], [2.023447, 41.5281034], [2.0206534, 41.5284825], [2.0199601, 41.5290186], [2.0197279, 41.5303027], [2.0191952, 41.5308082], [2.0176037, 41.5316005], [2.0156298, 41.5317849], [2.0143799, 41.5323108], [2.0113609, 41.5327821], [2.0069418, 41.5325464], [2.0066242, 41.5325738], [2.003998, 41.534295], [2.0039024, 41.5344691], [2.0020036, 41.5356029], [2.0001594, 41.5380311], [1.999934, 41.5383453], [2.0001389, 41.5394005], [1.9986363, 41.5412481], [1.9971985, 41.5421838], [1.993961, 41.5416272], [1.9924789, 41.5422043], [1.9916797, 41.5430376], [1.9907543, 41.5414359], [1.9906177, 41.5398684], [1.9870352, 41.5361972], [1.9861029, 41.5352409], [1.9830737, 41.5352819], [1.9807207, 41.5353127], [1.9786512, 41.5338203], [1.9745223, 41.534616], [1.9744608, 41.5346296], [1.9705881, 41.5388234], [1.9631637, 41.5391751], [1.9630066, 41.5391649], [1.9608244, 41.5393186], [1.9591305, 41.5389497], [1.9591954, 41.5400255], [1.9605682, 41.5400187], [1.9614186, 41.5409646], [1.9633379, 41.541634], [1.9642292, 41.5416613], [1.9648371, 41.5421565], [1.9654108, 41.542358], [1.9663466, 41.5426824], [1.9664524, 41.54272], [1.968061, 41.5432801], [1.9691674, 41.5435123], [1.9706393, 41.5451003], [1.9709091, 41.5453701], [1.972726, 41.5462205], [1.9726508, 41.5471221], [1.9728592, 41.5473304], [1.973549, 41.5472655], [1.9742798, 41.5487579], [1.9748331, 41.5493146], [1.975721, 41.5499805], [1.9761616, 41.5502537], [1.9771997, 41.5502605], [1.9776403, 41.5511689], [1.9791771, 41.5521218], [1.9801811, 41.5527399], [1.9817657, 41.5534161], [1.9820423, 41.5538942], [1.9822882, 41.5540445], [1.982681, 41.5542869], [1.9829883, 41.5544782], [1.9833708, 41.5547172], [1.9834016, 41.5547343], [1.9881759, 41.5608542], [1.9874997, 41.5623739], [1.9891116, 41.5625139], [1.9907099, 41.5629442], [1.9923525, 41.5637228], [1.9999135, 41.5675887], [2.0015323, 41.5683025], [2.0042985, 41.569245], [2.0062929, 41.5699007], [2.0095885, 41.570331], [2.0149775, 41.5700578], [2.017713, 41.5696207], [2.0262644, 41.5687806], [2.0282008, 41.5598877], [2.0276475, 41.5588324], [2.0257829, 41.5589622], [2.0245056, 41.5587505], [2.0220877, 41.5580094], [2.0216882, 41.5575996], [2.0201275, 41.5572581], [2.0177062, 41.5581187], [2.0110228, 41.5568858], [2.0081473, 41.5570634], [2.0074814, 41.5568619], [2.0073209, 41.5564009], [2.0091889, 41.5506259], [2.0109716, 41.5482251], [2.0120679, 41.5471323], [2.0144038, 41.5444549], [2.0163606, 41.5412959], [2.0179179, 41.5400972], [2.0192771, 41.5387892], [2.020066, 41.537471], [2.0206363, 41.5344657], [2.0212067, 41.5330314], [2.0226376, 41.5308833]]], [[[2.0355501, 41.5182816], [2.0348978, 41.5171717], [2.0336752, 41.5175508], [2.0319198, 41.5187734], [2.0306767, 41.5199174], [2.0303318, 41.520597], [2.0301849, 41.520679], [2.0276817, 41.5248147], [2.0276612, 41.5248898], [2.0269235, 41.5260987], [2.0268586, 41.5261739], [2.0260219, 41.527557], [2.0256224, 41.5276219], [2.0254858, 41.5277824], [2.023447, 41.5281034], [2.0226376, 41.5308833], [2.0212067, 41.5330314], [2.0206363, 41.5344657], [2.020066, 41.537471], [2.0192771, 41.5387892], [2.0179179, 41.5400972], [2.0163606, 41.5412959], [2.0144038, 41.5444549], [2.0120679, 41.5471323], [2.0109716, 41.5482251], [2.0091889, 41.5506259], [2.0073209, 41.5564009], [2.0074814, 41.5568619], [2.0081473, 41.5570634], [2.0110228, 41.5568858], [2.0177062, 41.5581187], [2.0201275, 41.5572581], [2.0216882, 41.5575996], [2.0220877, 41.5580094], [2.0245056, 41.5587505], [2.0257829, 41.5589622], [2.0276475, 41.5588324], [2.0411986, 41.5569541], [2.0502691, 41.555834], [2.053148, 41.5540854], [2.0563719, 41.5538771], [2.0579872, 41.5534263], [2.0596504, 41.553358], [2.0612077, 41.5535288], [2.0625635, 41.5533546], [2.0609242, 41.552815], [2.0624644, 41.549779], [2.0637656, 41.5481363], [2.0633148, 41.5477641], [2.0657531, 41.5445949], [2.0661527, 41.5439016], [2.0663815, 41.5425014], [2.0655175, 41.5425117], [2.0652785, 41.541593], [2.0644076, 41.5414701], [2.0640763, 41.5404695], [2.0629357, 41.5398342], [2.0626147, 41.5389976], [2.0607808, 41.5389224], [2.0596743, 41.5400221], [2.0579531, 41.5409749], [2.0555591, 41.5409476], [2.0537423, 41.5405548], [2.0528168, 41.5382087], [2.0520928, 41.5378467], [2.0512936, 41.5361733], [2.0518127, 41.5348106], [2.0515771, 41.5342403], [2.0498593, 41.5335197], [2.0500369, 41.5323313], [2.0546302, 41.5304257], [2.0569285, 41.5255216], [2.05518, 41.5257538], [2.0542511, 41.5254157], [2.0518913, 41.5255216], [2.0510682, 41.5251698], [2.0493607, 41.5257162], [2.0469872, 41.5255489], [2.0451704, 41.5246029], [2.044081, 41.5245995], [2.0429471, 41.5240565], [2.0417484, 41.5240531], [2.0407922, 41.5245449], [2.0408264, 41.5253577], [2.0390369, 41.5276048], [2.0367692, 41.5256104], [2.0363594, 41.526751], [2.0331322, 41.5280966], [2.0323808, 41.5250332], [2.0318925, 41.5222636], [2.0328248, 41.5222363], [2.0357959, 41.5216215], [2.0369946, 41.5211742], [2.0359599, 41.5200745], [2.0355501, 41.5182816]]], [[[1.8675957, 41.5197672], [1.8609738, 41.5151397], [1.8591024, 41.5175269], [1.8577534, 41.5177352], [1.8571899, 41.5159866], [1.8552809, 41.5162291], [1.8542495, 41.5200643], [1.8422933, 41.5235579], [1.8416751, 41.5252313], [1.8403228, 41.5249479], [1.8378229, 41.5288684], [1.8311874, 41.5324098], [1.8272054, 41.53896], [1.8309381, 41.54272], [1.8300809, 41.5444139], [1.8338955, 41.5458824], [1.8327037, 41.5483891], [1.8463982, 41.5693133], [1.8527195, 41.5706384], [1.8609124, 41.5741799], [1.8609192, 41.5809861], [1.8573709, 41.5833699], [1.8521561, 41.5909377], [1.8637196, 41.5923174], [1.8681353, 41.5906645], [1.8688559, 41.5889331], [1.8768028, 41.5899917], [1.8791114, 41.5894078], [1.8828099, 41.5858185], [1.8868466, 41.586078], [1.8912521, 41.5812354], [1.8850161, 41.5789883], [1.8819528, 41.5714409], [1.878746, 41.5689923], [1.8813483, 41.5618514], [1.8792992, 41.5599662], [1.879692, 41.5570805], [1.8760651, 41.5550724], [1.8733501, 41.5439802], [1.8826802, 41.541996], [1.8937485, 41.5329084], [1.8980857, 41.5346604], [1.9097038, 41.5344247], [1.9118724, 41.532683], [1.9121593, 41.5302856], [1.9030034, 41.52838], [1.9008075, 41.5267715], [1.8978159, 41.5269559], [1.8973036, 41.5255694], [1.8910403, 41.5238755], [1.8850946, 41.5247771], [1.8834076, 41.5235169], [1.8771204, 41.5226153], [1.8744805, 41.5248078], [1.8710415, 41.524439], [1.8664824, 41.5199174], [1.8675957, 41.5197672]]], [[[1.9295523, 41.4954414], [1.9265027, 41.4950043], [1.9247405, 41.4956498], [1.9247746, 41.4971865], [1.9231525, 41.4985458], [1.9205536, 41.4988531], [1.9198296, 41.4978422], [1.9108035, 41.5015237], [1.9053086, 41.5018652], [1.9031639, 41.5043719], [1.8865222, 41.5079612], [1.8681626, 41.5072099], [1.8644777, 41.5059907], [1.8612846, 41.5065405], [1.8600893, 41.5078246], [1.8559195, 41.5086135], [1.8557658, 41.5124828], [1.8540549, 41.5139137], [1.8552809, 41.5162291], [1.8571899, 41.5159866], [1.8577534, 41.5177352], [1.8591024, 41.5175269], [1.8609738, 41.5151397], [1.8675957, 41.5197672], [1.8664824, 41.5199174], [1.8710415, 41.524439], [1.8744805, 41.5248078], [1.8771204, 41.5226153], [1.8834076, 41.5235169], [1.8850946, 41.5247771], [1.8910403, 41.5238755], [1.8973036, 41.5255694], [1.8978159, 41.5269559], [1.9008075, 41.5267715], [1.9030034, 41.52838], [1.9121593, 41.5302856], [1.9118724, 41.532683], [1.9097038, 41.5344247], [1.8980857, 41.5346604], [1.8937485, 41.5329084], [1.8826802, 41.541996], [1.8733501, 41.5439802], [1.8760651, 41.5550724], [1.879692, 41.5570805], [1.8792992, 41.5599662], [1.8813483, 41.5618514], [1.878746, 41.5689923], [1.8819528, 41.5714409], [1.8850161, 41.5789883], [1.9009407, 41.5739545], [1.9095331, 41.5707511], [1.9207858, 41.5714546], [1.9205058, 41.5699656], [1.9238628, 41.5677663], [1.9208643, 41.5643034], [1.9219367, 41.564662], [1.9225651, 41.5636204], [1.9207653, 41.5620392], [1.9227529, 41.5598023], [1.918928, 41.556797], [1.9245356, 41.5553661], [1.9266461, 41.5523779], [1.9280804, 41.5524974], [1.9259084, 41.5510084], [1.9296548, 41.548109], [1.930027, 41.5440212], [1.9327762, 41.541897], [1.9314614, 41.5394415], [1.9336061, 41.5375496], [1.9324893, 41.5366958], [1.9366353, 41.5321332], [1.9366421, 41.5301866], [1.9391351, 41.528503], [1.9493428, 41.5255182], [1.951566, 41.5227827], [1.9516958, 41.5100478], [1.9370587, 41.5094262], [1.9314102, 41.4970295], [1.9295523, 41.4954414]]], [[[1.950603, 41.5349336], [1.942721, 41.5283595], [1.9391351, 41.528503], [1.9366421, 41.5301866], [1.9366353, 41.5321332], [1.9324893, 41.5366958], [1.9336061, 41.5375496], [1.9314614, 41.5394415], [1.9327762, 41.541897], [1.930027, 41.5440212], [1.9296548, 41.548109], [1.9259084, 41.5510084], [1.9280804, 41.5524974], [1.9266461, 41.5523779], [1.9245356, 41.5553661], [1.918928, 41.556797], [1.9227529, 41.5598023], [1.9207653, 41.5620392], [1.9225651, 41.5636204], [1.9219367, 41.564662], [1.9208643, 41.5643034], [1.9238628, 41.5677663], [1.9205058, 41.5699656], [1.9207858, 41.5714546], [1.9279609, 41.5709048], [1.9328991, 41.5757269], [1.9431615, 41.5809281], [1.9480519, 41.5805729], [1.9548684, 41.5778135], [1.9590656, 41.5779911], [1.9611693, 41.5791693], [1.9651786, 41.5756005], [1.9660768, 41.5729504], [1.9699768, 41.572223], [1.9751951, 41.5742584], [1.9788629, 41.5724552], [1.9832103, 41.5720386], [1.9881759, 41.5608542], [1.9834016, 41.5547343], [1.9751336, 41.5496185], [1.9692357, 41.5436899], [1.9585226, 41.5399572], [1.9591305, 41.5389497], [1.95702, 41.5364499], [1.9539942, 41.5368051], [1.9527921, 41.5355312], [1.9505927, 41.5365353], [1.950603, 41.5349336]]], [[[1.9207858, 41.5714546], [1.9095331, 41.5707511], [1.9009407, 41.5739545], [1.8850161, 41.5789883], [1.8912521, 41.5812354], [1.8868466, 41.586078], [1.8828099, 41.5858185], [1.8791114, 41.5894078], [1.8768028, 41.5899917], [1.8688559, 41.5889331], [1.8681353, 41.5906645], [1.8637196, 41.5923174], [1.8643035, 41.5980582], [1.8612641, 41.6071014], [1.8635283, 41.6135661], [1.8632415, 41.6167661], [1.8649251, 41.6181287], [1.8664858, 41.6181253], [1.8738487, 41.6125075], [1.8837047, 41.6149527], [1.8899885, 41.6147819], [1.8943222, 41.6192523], [1.9021223, 41.6265264], [1.9090857, 41.6302011], [1.9160388, 41.6280461], [1.9179854, 41.62918], [1.9205467, 41.6288077], [1.9302798, 41.6229884], [1.9352248, 41.625198], [1.9421575, 41.6243852], [1.944729, 41.6355389], [1.9558896, 41.643356], [1.9588607, 41.6415528], [1.9575083, 41.646474], [1.9619445, 41.6442303], [1.9719029, 41.6488133], [1.9711277, 41.644541], [1.9713702, 41.6423622], [1.975803, 41.6380899], [1.9762094, 41.6352554], [1.9704037, 41.6334352], [1.9663602, 41.6298493], [1.9550768, 41.6244774], [1.953861, 41.6208642], [1.9553841, 41.6117596], [1.9565487, 41.6111414], [1.9534375, 41.606251], [1.9477582, 41.6041473], [1.9439299, 41.600377], [1.9464536, 41.597119], [1.9481885, 41.5970781], [1.9552885, 41.5914602], [1.9541274, 41.5892609], [1.9549163, 41.5876592], [1.9521773, 41.5843466], [1.958106, 41.5820551], [1.9611693, 41.5791693], [1.9590656, 41.5779911], [1.9548684, 41.5778135], [1.9480519, 41.5805729], [1.9431615, 41.5809281], [1.9328991, 41.5757269], [1.9279609, 41.5709048], [1.9207858, 41.5714546]]], [[[1.8559195, 41.5086135], [1.8545705, 41.5069059], [1.8453976, 41.5069503], [1.8446907, 41.5073909], [1.8389089, 41.5109869], [1.8362281, 41.5111714], [1.8357978, 41.5112021], [1.834985, 41.5136132], [1.8348108, 41.5134322], [1.8334004, 41.5119773], [1.8312523, 41.5122471], [1.8299511, 41.5103756], [1.8290154, 41.5106762], [1.8277655, 41.5110792], [1.8268673, 41.5105737], [1.8257881, 41.5099658], [1.8240942, 41.5106557], [1.8222091, 41.5114207], [1.8213826, 41.5100854], [1.8211982, 41.5097882], [1.8204025, 41.5108025], [1.8198971, 41.511448], [1.8175133, 41.5119056], [1.8119023, 41.5129779], [1.8115916, 41.5139308], [1.811414, 41.5144772], [1.8106319, 41.5142928], [1.8093649, 41.5139956], [1.8081116, 41.5155359], [1.8076745, 41.5160754], [1.8057244, 41.5160925], [1.8057722, 41.5183601], [1.8042286, 41.5178957], [1.8028694, 41.5174893], [1.8028933, 41.5202453], [1.8019951, 41.5207678], [1.8009638, 41.5213688], [1.7901038, 41.5248147], [1.7836868, 41.5268535], [1.7803639, 41.5284347], [1.7792062, 41.5250093], [1.7787418, 41.5236399], [1.7661503, 41.5340866], [1.764412, 41.5340593], [1.7607476, 41.5365353], [1.7605154, 41.5435021], [1.7549112, 41.5553319], [1.7564446, 41.5587266], [1.7534564, 41.5612981], [1.7502189, 41.5611342], [1.7459705, 41.5648054], [1.7432521, 41.5685928], [1.7457656, 41.57182], [1.7429721, 41.5744462], [1.7536579, 41.5767753], [1.7653034, 41.5764748], [1.7718808, 41.5749141], [1.7739641, 41.5726294], [1.776218, 41.5729504], [1.7772186, 41.5748082], [1.785589, 41.5757815], [1.7919855, 41.5734524], [1.795305, 41.5692075], [1.7976238, 41.5683025], [1.7978117, 41.5648737], [1.7947927, 41.5618309], [1.798744, 41.5583611], [1.8017083, 41.5575791], [1.8029172, 41.5583816], [1.8056117, 41.5565682], [1.8177797, 41.5543211], [1.8175611, 41.5507386], [1.8205767, 41.5456775], [1.823961, 41.5428771], [1.8259691, 41.5426244], [1.8245997, 41.5403294], [1.8272054, 41.53896], [1.8311874, 41.5324098], [1.8348688, 41.5304462], [1.8378229, 41.5288684], [1.8403228, 41.5249479], [1.8416751, 41.5252313], [1.8419893, 41.5243775], [1.8422933, 41.5235579], [1.8542495, 41.5200643], [1.8543042, 41.5198559], [1.8552809, 41.5162291], [1.8540549, 41.5139137], [1.8557658, 41.5124828], [1.8558444, 41.5104679], [1.8559195, 41.5086135]]], [[[1.801377, 41.6591781], [1.7886524, 41.6529046], [1.7875493, 41.6559919], [1.7904931, 41.6597587], [1.7895984, 41.662723], [1.7938365, 41.6638602], [1.7916542, 41.6661586], [1.7935769, 41.6664933], [1.7970979, 41.6720155], [1.7944751, 41.676619], [1.7950967, 41.6778792], [1.8005915, 41.6826637], [1.8160244, 41.6867994], [1.8086204, 41.6904331], [1.8097986, 41.6906175], [1.8109017, 41.6944424], [1.8136406, 41.6949376], [1.8169533, 41.6939438], [1.8190638, 41.6913244], [1.8273044, 41.6959655], [1.8309005, 41.693213], [1.8359344, 41.6928305], [1.8399403, 41.690679], [1.8441886, 41.6952381], [1.8475423, 41.6938448], [1.8583784, 41.6941863], [1.8664038, 41.6884489], [1.8715811, 41.6884933], [1.8732204, 41.6903067], [1.8736404, 41.6900677], [1.881157, 41.6858091], [1.8888683, 41.6856588], [1.8932465, 41.6843132], [1.8952443, 41.6850202], [1.8964874, 41.6828687], [1.9040109, 41.677244], [1.9090925, 41.68042], [1.9138293, 41.6793784], [1.9156529, 41.6769879], [1.918303, 41.6780636], [1.9230876, 41.6729512], [1.9224899, 41.6713837], [1.9258811, 41.6700655], [1.9264788, 41.6671968], [1.928842, 41.6671763], [1.9300236, 41.6639285], [1.9330153, 41.6631772], [1.9307135, 41.6580102], [1.9266495, 41.6590415], [1.9224216, 41.6642017], [1.918986, 41.6660664], [1.9078802, 41.6648165], [1.9013778, 41.6570096], [1.8981403, 41.6575526], [1.8943496, 41.6558314], [1.8927342, 41.6570266], [1.896805, 41.6627025], [1.8963166, 41.6638876], [1.8910813, 41.6630748], [1.8937997, 41.6653629], [1.8933489, 41.666705], [1.893045, 41.6679276], [1.885945, 41.6659674], [1.8852688, 41.6630714], [1.8812834, 41.6597382], [1.8737497, 41.6568286], [1.8575143, 41.6570676], [1.8507217, 41.655203], [1.8472315, 41.6561968], [1.8447999, 41.6553259], [1.8440657, 41.6576721], [1.8424982, 41.6564768], [1.8408794, 41.657778], [1.8384615, 41.655927], [1.8377, 41.6566988], [1.8284621, 41.6557904], [1.8238074, 41.6566339], [1.82155, 41.6558314], [1.8173494, 41.6574638], [1.8098806, 41.6589015], [1.801377, 41.6591781]]], [[[2.0879649, 41.5833733], [2.0857929, 41.5804261], [2.0834877, 41.5829771], [2.0802673, 41.5827756], [2.0778972, 41.5848008], [2.0695746, 41.5852687], [2.0665455, 41.5862044], [2.0655687, 41.58783], [2.0624268, 41.587707], [2.0626318, 41.5903025], [2.0606578, 41.5912587], [2.0617438, 41.592133], [2.0595855, 41.5952134], [2.0444703, 41.6038775], [2.0459149, 41.6047689], [2.0466047, 41.6086791], [2.0433228, 41.610554], [2.0427252, 41.6146043], [2.0396311, 41.6149014], [2.0354032, 41.6245593], [2.0290136, 41.6264581], [2.0256668, 41.6297127], [2.0254858, 41.632315], [2.0315373, 41.6360716], [2.0410586, 41.6529114], [2.0508599, 41.6570813], [2.0665967, 41.6597724], [2.0722828, 41.6636895], [2.0803561, 41.6663669], [2.0853934, 41.6666026], [2.0889963, 41.6635597], [2.088624, 41.6611384], [2.0912263, 41.6595743], [2.0916703, 41.6548649], [2.0971515, 41.6518903], [2.0989957, 41.6486494], [2.0980565, 41.6475566], [2.1004232, 41.6434994], [2.0984288, 41.634972], [2.1044632, 41.6232445], [2.1064782, 41.6209564], [2.1190559, 41.6146624], [2.1174679, 41.6149288], [2.1136874, 41.6130641], [2.1125024, 41.6109741], [2.1183763, 41.604581], [2.1178129, 41.590183], [2.1111398, 41.5893907], [2.1062084, 41.5905382], [2.1059044, 41.587789], [2.1071304, 41.5865732], [2.1052624, 41.5864844], [2.1055902, 41.585173], [2.1014545, 41.5839504], [2.1012292, 41.5853404], [2.0992211, 41.5852687], [2.0936989, 41.5833699], [2.0879649, 41.5833733]]], [[[2.1502699, 41.5761162], [2.1373369, 41.5740672], [2.1266887, 41.5751122], [2.1263233, 41.5763621], [2.1178948, 41.578657], [2.1176831, 41.5852379], [2.1188545, 41.587731], [2.1178129, 41.590183], [2.1183763, 41.604581], [2.1125024, 41.6109741], [2.1136874, 41.6130641], [2.1174679, 41.6149288], [2.1190559, 41.6146624], [2.1064782, 41.6209564], [2.1044632, 41.6232445], [2.0984288, 41.634972], [2.1004232, 41.6434994], [2.0980565, 41.6475566], [2.0989957, 41.6486494], [2.0971515, 41.6518903], [2.0916703, 41.6548649], [2.0912263, 41.6595743], [2.0937877, 41.6592396], [2.0992996, 41.6591952], [2.1031621, 41.6612648], [2.1048594, 41.6646389], [2.1073148, 41.6647277], [2.1094288, 41.6665308], [2.1129566, 41.6667187], [2.1132742, 41.6691775], [2.1068162, 41.6781456], [2.1002524, 41.6815163], [2.0971447, 41.6815743], [2.0969056, 41.6880835], [2.0951435, 41.6887392], [2.0908814, 41.6942512], [2.0864042, 41.6952211], [2.0844645, 41.7021059], [2.0865477, 41.7040115], [2.0874253, 41.7078159], [2.0974418, 41.7089839], [2.0992245, 41.7105446], [2.1000885, 41.7147827], [2.1027284, 41.7153667], [2.1077486, 41.7142602], [2.1107231, 41.7172245], [2.1141963, 41.715575], [2.1253261, 41.7125663], [2.1333174, 41.7154657], [2.1341268, 41.704978], [2.135865, 41.7025157], [2.1351649, 41.700231], [2.1379892, 41.6985678], [2.13802, 41.6956479], [2.1400417, 41.6931174], [2.1387849, 41.6897432], [2.149662, 41.6813797], [2.1533947, 41.6776299], [2.1594394, 41.6785964], [2.1629228, 41.6768034], [2.1652861, 41.6770835], [2.1645826, 41.6744504], [2.165853, 41.6721418], [2.1642445, 41.6682794], [2.1655422, 41.6675281], [2.1635444, 41.6613331], [2.1644152, 41.6577916], [2.1683016, 41.6589596], [2.1797695, 41.6583961], [2.1873442, 41.6501691], [2.1881604, 41.6484206], [2.1946456, 41.6444352], [2.1986106, 41.6386568], [2.2001781, 41.638469], [2.2036956, 41.6344563], [2.2041499, 41.6293746], [2.1987677, 41.6280905], [2.2001918, 41.6207788], [2.1993858, 41.6152498], [2.197125, 41.6141296], [2.1922756, 41.6142287], [2.1913296, 41.611862], [2.1859167, 41.6121147], [2.1883414, 41.6062066], [2.1853907, 41.605305], [2.1852849, 41.6021666], [2.182645, 41.6014323], [2.1646133, 41.6012172], [2.1645382, 41.5996906], [2.1550169, 41.5923584], [2.1521277, 41.5837729], [2.153685, 41.5824171], [2.1516735, 41.5805012], [2.1529815, 41.5779638], [2.1494947, 41.5770793], [2.1502699, 41.5761162]]]]}}, {"type": "Feature", "properties": {"Zone": "Z3 - Nord-Est (Mollet, Badalona, S.Coloma)"}, "geometry": {"type": "MultiPolygon", "coordinates": [[[[2.3882713, 41.4994132], [2.376315, 41.4941676], [2.373238, 41.4967802], [2.3659741, 41.5018721], [2.3702191, 41.5042592], [2.3725892, 41.5084222], [2.3803312, 41.5124179], [2.3828857, 41.5144294], [2.3920381, 41.5161881], [2.4030006, 41.5061751], [2.3891968, 41.4988873], [2.3882713, 41.4994132]]], [[[2.349708, 41.4857187], [2.3469589, 41.4849161], [2.3443497, 41.4881365], [2.344056, 41.4883073], [2.3382914, 41.4929108], [2.3378167, 41.4949872], [2.3364848, 41.4944067], [2.336273, 41.4973436], [2.334224, 41.4993483], [2.3351085, 41.5019711], [2.3307064, 41.5074148], [2.3289545, 41.5079373], [2.327585, 41.5118271], [2.3252559, 41.5130906], [2.3231181, 41.5166458], [2.3314099, 41.5238277], [2.3326325, 41.5232266], [2.3340464, 41.5248522], [2.3392578, 41.5171444], [2.3489191, 41.5137327], [2.3659741, 41.5018721], [2.373238, 41.4967802], [2.376315, 41.4941676], [2.3694404, 41.4915482], [2.3694165, 41.4905305], [2.3659878, 41.4894582], [2.3687813, 41.4913809], [2.351238, 41.4859987], [2.3507462, 41.4849468], [2.349708, 41.4857187]]], [[[2.297761, 41.4764842], [2.2958178, 41.4757193], [2.29577, 41.4770204], [2.2922866, 41.4824675], [2.2832913, 41.4901993], [2.2801391, 41.4950248], [2.2770519, 41.4975554], [2.2695011, 41.5007007], [2.2683775, 41.5041294], [2.2669569, 41.5046417], [2.2686507, 41.5092487], [2.2822428, 41.5139171], [2.2851183, 41.5152524], [2.2908523, 41.5143303], [2.3033959, 41.515109], [2.3075316, 41.5131077], [2.3070159, 41.5069366], [2.309649, 41.490131], [2.3057387, 41.4892123], [2.3037579, 41.4868695], [2.3071594, 41.4821431], [2.3042463, 41.4811219], [2.3046561, 41.4802238], [2.2997349, 41.4758149], [2.297761, 41.4764842]]], [[[2.3828857, 41.5144294], [2.3803312, 41.5124179], [2.372193, 41.5160686], [2.3607558, 41.5247669], [2.3456748, 41.531037], [2.3432808, 41.5306067], [2.3442097, 41.5330314], [2.343233, 41.5348311], [2.3488474, 41.5383862], [2.350012, 41.5407529], [2.3520713, 41.5410261], [2.3627673, 41.543724], [2.3677295, 41.5431674], [2.3693721, 41.5432972], [2.3711855, 41.5419072], [2.3741874, 41.5416852], [2.374809, 41.5425356], [2.3773259, 41.5412686], [2.3753656, 41.5380106], [2.37875, 41.5357259], [2.3803722, 41.5281785], [2.3858397, 41.524357], [2.3920381, 41.5161881], [2.3828857, 41.5144294]]], [[[2.3426217, 41.561083], [2.3406102, 41.5604136], [2.3377893, 41.5612025], [2.3237396, 41.5643444], [2.3146965, 41.5635828], [2.3077775, 41.5662637], [2.3121078, 41.5716868], [2.3089147, 41.5722162], [2.3094099, 41.5736915], [2.3048883, 41.5721547], [2.3032149, 41.5765807], [2.2979249, 41.575037], [2.2948855, 41.5775847], [2.2919349, 41.5769768], [2.2935161, 41.5807539], [2.2926998, 41.583223], [2.2950836, 41.5875875], [2.296856, 41.6014528], [2.299028, 41.6067155], [2.3014527, 41.6057217], [2.3033891, 41.6074326], [2.3105198, 41.6077502], [2.3129479, 41.6101442], [2.319259, 41.6126407], [2.3177052, 41.6180741], [2.3268405, 41.6324038], [2.3309045, 41.6353954], [2.3313041, 41.6342787], [2.3433047, 41.6328648], [2.3433901, 41.6344563], [2.3470784, 41.6358291], [2.3511833, 41.636116], [2.3513985, 41.6349276], [2.3529114, 41.6362697], [2.3532426, 41.633319], [2.358519, 41.6338211], [2.3573305, 41.6281862], [2.3582833, 41.6252321], [2.3562001, 41.626161], [2.35355, 41.6247267], [2.3518049, 41.6258058], [2.3475975, 41.6246891], [2.3468154, 41.6271377], [2.3453435, 41.6270455], [2.3448927, 41.6256692], [2.3508555, 41.6165441], [2.356265, 41.6189722], [2.3612135, 41.6196313], [2.3639899, 41.6153454], [2.3757993, 41.6066233], [2.3777425, 41.6009952], [2.3757993, 41.5974264], [2.3830564, 41.5969756], [2.380963, 41.5950393], [2.3754237, 41.5953261], [2.3689008, 41.5854155], [2.3565382, 41.5737052], [2.3490387, 41.5696958], [2.3477785, 41.567056], [2.3445683, 41.5653757], [2.3426217, 41.561083]]], [[[2.2821199, 41.5731622], [2.2697265, 41.5642624], [2.2675545, 41.5654031], [2.264638, 41.568743], [2.2567935, 41.573712], [2.258764, 41.5815121], [2.2622338, 41.5963438], [2.2682444, 41.6081259], [2.2662021, 41.614881], [2.2776939, 41.615342], [2.2829805, 41.6139077], [2.2861053, 41.6170803], [2.2871811, 41.6217146], [2.288834, 41.6225615], [2.291829, 41.6216463], [2.2957529, 41.6219912], [2.2929457, 41.6167114], [2.3029315, 41.6141057], [2.3033891, 41.6074326], [2.3014527, 41.6057217], [2.299028, 41.6067155], [2.296856, 41.6014528], [2.2950836, 41.5875875], [2.2926998, 41.583223], [2.2935161, 41.5807539], [2.2919349, 41.5769768], [2.2889876, 41.5719976], [2.2831103, 41.5737291], [2.2821199, 41.5731622]]], [[[2.3098983, 41.5161062], [2.3075316, 41.5131077], [2.3033959, 41.515109], [2.2908523, 41.5143303], [2.2851183, 41.5152524], [2.2822428, 41.5139171], [2.279743, 41.5178137], [2.2736504, 41.5193266], [2.269829, 41.5216728], [2.2728821, 41.5234315], [2.2731621, 41.529046], [2.2802006, 41.5323654], [2.2807334, 41.536969], [2.28449, 41.5447008], [2.2849203, 41.5474772], [2.276304, 41.5561038], [2.2770246, 41.5580777], [2.2799615, 41.5584533], [2.2781686, 41.5613084], [2.2807094, 41.5621792], [2.2797259, 41.5638355], [2.2812354, 41.5646927], [2.2821199, 41.5731622], [2.2831103, 41.5737291], [2.2889876, 41.5719976], [2.2919349, 41.5769768], [2.2948855, 41.5775847], [2.2979249, 41.575037], [2.3032149, 41.5765807], [2.3048883, 41.5721547], [2.3094099, 41.5736915], [2.3089147, 41.5722162], [2.3121078, 41.5716868], [2.3077775, 41.5662637], [2.3146965, 41.5635828], [2.3237396, 41.5643444], [2.3377893, 41.5612025], [2.3382094, 41.5564555], [2.3398281, 41.5548675], [2.3386499, 41.5507523], [2.3360203, 41.5490584], [2.3358427, 41.5455989], [2.3343333, 41.5449125], [2.3355968, 41.5438197], [2.3284354, 41.5410739], [2.3291321, 41.5393561], [2.3166328, 41.5332124], [2.3193547, 41.5327992], [2.3211339, 41.5293602], [2.3250135, 41.5300773], [2.3290262, 41.528462], [2.3296956, 41.5243605], [2.3314099, 41.5238277], [2.3231181, 41.5166458], [2.3167763, 41.5174039], [2.3098983, 41.5161062]]], [[[2.2728821, 41.5234315], [2.269829, 41.5216728], [2.2638799, 41.5264368], [2.254724, 41.5308833], [2.2534433, 41.5317234], [2.2494238, 41.5338954], [2.2500692, 41.5354971], [2.2329767, 41.5420677], [2.231194, 41.5409066], [2.2312623, 41.5416169], [2.2322288, 41.5446871], [2.2426107, 41.5521149], [2.2435976, 41.5548607], [2.248167, 41.5563701], [2.2465756, 41.5637638], [2.2484368, 41.5681078], [2.2548367, 41.5707306], [2.2567935, 41.573712], [2.264638, 41.568743], [2.2675545, 41.5654031], [2.2697265, 41.5642624], [2.2821199, 41.5731622], [2.2812354, 41.5646927], [2.2797259, 41.5638355], [2.2807094, 41.5621792], [2.2781686, 41.5613084], [2.2799615, 41.5584533], [2.2770246, 41.5580777], [2.276304, 41.5561038], [2.2849203, 41.5474772], [2.28449, 41.5447008], [2.2807334, 41.536969], [2.2802006, 41.5323654], [2.2731621, 41.529046], [2.2728821, 41.5234315]]], [[[2.2077255, 41.5782199], [2.2026882, 41.5768368], [2.2010831, 41.5788278], [2.2017012, 41.5805285], [2.2071483, 41.5799753], [2.206216, 41.5827005], [2.2091769, 41.5844661], [2.2117109, 41.5830181], [2.210799, 41.5813755], [2.209112, 41.5777145], [2.2077255, 41.5782199]]], [[[2.2426107, 41.5521149], [2.2322288, 41.5446871], [2.2339841, 41.5547582], [2.226365, 41.5562643], [2.2125203, 41.556657], [2.208668, 41.5653484], [2.2046553, 41.5685928], [2.2093237, 41.5684118], [2.2233017, 41.5762289], [2.2479143, 41.5809554], [2.258764, 41.5815121], [2.2567935, 41.573712], [2.2548367, 41.5707306], [2.2484368, 41.5681078], [2.2465756, 41.5637638], [2.248167, 41.5563701], [2.2435976, 41.5548607], [2.2426107, 41.5521149]]], [[[2.1744829, 41.5553729], [2.1712659, 41.5550041], [2.1686909, 41.5623773], [2.1650436, 41.565205], [2.157585, 41.5653074], [2.1502699, 41.5761162], [2.1494947, 41.5770793], [2.1529815, 41.5779638], [2.1516735, 41.5805012], [2.153685, 41.5824171], [2.1521277, 41.5837729], [2.1550169, 41.5923584], [2.1645382, 41.5996906], [2.1646133, 41.6012172], [2.182645, 41.6014323], [2.1852849, 41.6021666], [2.1853907, 41.605305], [2.1883414, 41.6062066], [2.1894889, 41.603437], [2.1892054, 41.5982631], [2.191111, 41.5973479], [2.1924088, 41.5932019], [2.1958683, 41.5907499], [2.1982896, 41.5843124], [2.2017012, 41.5805285], [2.2010831, 41.5788278], [2.2026882, 41.5768368], [2.2031526, 41.5756176], [2.1986584, 41.5757406], [2.1969747, 41.5749722], [2.1869105, 41.5723767], [2.1878394, 41.5660144], [2.1901241, 41.5570053], [2.1868012, 41.5572649], [2.1835159, 41.5572512], [2.1802374, 41.5555266], [2.1744829, 41.5553729]]], [[[2.2025277, 41.5373993], [2.2006699, 41.5373378], [2.2011616, 41.5385638], [2.2008304, 41.540145], [2.19984, 41.5410978], [2.1987643, 41.5446393], [2.1987096, 41.5448544], [2.1942871, 41.5468796], [2.1944339, 41.5483652], [2.1945261, 41.5492975], [2.1929859, 41.5519954], [2.1901241, 41.5570053], [2.189424, 41.5606834], [2.1878394, 41.5660144], [2.1907524, 41.5663046], [2.1907422, 41.5667384], [2.1936621, 41.5674692], [2.1939831, 41.5692485], [2.1940617, 41.5693031], [2.1973811, 41.5715502], [2.1972138, 41.5729504], [2.19803, 41.5731861], [2.1969747, 41.5749722], [2.1980232, 41.5751941], [2.1986584, 41.5757406], [2.2000688, 41.5752898], [2.2031526, 41.5756176], [2.20332, 41.5745863], [2.2034839, 41.5714], [2.2046553, 41.5685928], [2.2067795, 41.566875], [2.208668, 41.5653484], [2.2103824, 41.5614791], [2.2125203, 41.556657], [2.2193436, 41.5562916], [2.224859, 41.5558852], [2.2252927, 41.5559706], [2.2210477, 41.5538122], [2.2174209, 41.5497619], [2.2161573, 41.5471835], [2.2166286, 41.5469855], [2.2143439, 41.544629], [2.2141697, 41.5439255], [2.2163008, 41.5435396], [2.214443, 41.5417194], [2.211523, 41.537833], [2.2091154, 41.5376793], [2.2043001, 41.5375871], [2.2042318, 41.5382804], [2.2024355, 41.5381643], [2.2025277, 41.5373993]]], [[[2.1724339, 41.5172639], [2.1712762, 41.5150953], [2.1626599, 41.5161472], [2.1614065, 41.5160071], [2.158893, 41.5197467], [2.1534323, 41.5193266], [2.1501401, 41.5228612], [2.1500992, 41.5248693], [2.1444438, 41.528923], [2.1409296, 41.5293328], [2.1388703, 41.531638], [2.1382044, 41.5330553], [2.1406462, 41.5374027], [2.1457825, 41.5382633], [2.1462742, 41.5409783], [2.1505158, 41.5409851], [2.1564649, 41.5396806], [2.1585891, 41.5367129], [2.1693261, 41.5412379], [2.1678542, 41.5450115], [2.1700809, 41.5479656], [2.1738887, 41.5477846], [2.1744829, 41.5553729], [2.1802374, 41.5555266], [2.1835159, 41.5572512], [2.1868012, 41.5572649], [2.1901241, 41.5570053], [2.1945261, 41.5492975], [2.1942871, 41.5468796], [2.1987096, 41.5448544], [2.2007962, 41.5368529], [2.2043821, 41.5306681], [2.208265, 41.5294011], [2.206759, 41.5281102], [2.2023023, 41.519289], [2.1984501, 41.5157749], [2.1964249, 41.5168097], [2.1893966, 41.515652], [2.1868012, 41.5170487], [2.1819347, 41.5175917], [2.1753469, 41.5207644], [2.174582, 41.5176532], [2.1724339, 41.5172639]]], [[[2.2031936, 41.5334753], [2.2037435, 41.5319898], [2.2036991, 41.5320512], [2.2036308, 41.5321469], [2.2035659, 41.5322698], [2.2035249, 41.5323552], [2.2034668, 41.532502], [2.2034429, 41.5325977], [2.2033746, 41.5328333], [2.2032961, 41.5331236], [2.203197, 41.5334617], [2.2031936, 41.5334753]]], [[[2.2037435, 41.5319898], [2.204044, 41.5317268], [2.2039791, 41.5317678], [2.203921, 41.5318122], [2.2038391, 41.5318907], [2.2037435, 41.5319898]]], [[[2.2056798, 41.5303198], [2.2055979, 41.530272], [2.2043821, 41.5306681], [2.2056798, 41.5303198]]], [[[2.2029921, 41.5025278], [2.2007382, 41.5008441], [2.2005264, 41.5011993], [2.1996624, 41.5026541], [2.1939319, 41.5078041], [2.1894479, 41.5155632], [2.1898235, 41.5156929], [2.1899738, 41.5157476], [2.1925215, 41.5161676], [2.1924907, 41.5161062], [2.1923063, 41.5157647], [2.1937475, 41.5153412], [2.193809, 41.5154505], [2.1940924, 41.5159832], [2.1943554, 41.5164409], [2.1943315, 41.5164374], [2.194352, 41.5164682], [2.1962678, 41.5167824], [2.1962712, 41.5167824], [2.1963771, 41.5167311], [2.1965171, 41.5166492], [2.1966401, 41.5165877], [2.196763, 41.516516], [2.1968962, 41.5164443], [2.1971557, 41.5163077], [2.1974665, 41.5161198], [2.1980334, 41.5157988], [2.1981803, 41.5159115], [2.1984501, 41.5157749], [2.2023023, 41.519289], [2.206759, 41.5281102], [2.2080601, 41.5272872], [2.2075137, 41.5264437], [2.2141083, 41.5245619], [2.2157987, 41.5238858], [2.2158124, 41.5238823], [2.2153309, 41.52281], [2.2115128, 41.513661], [2.2114889, 41.5136063], [2.2043035, 41.5035079], [2.2039347, 41.5036786], [2.2029921, 41.5025278]]], [[[2.2209794, 41.5311906], [2.2158124, 41.5238823], [2.2157987, 41.5238858], [2.2141083, 41.5245619], [2.2075137, 41.5264437], [2.2080601, 41.5272872], [2.206759, 41.5281102], [2.208125, 41.5292782], [2.208265, 41.5294011], [2.2067726, 41.5303505], [2.2064414, 41.5301149], [2.2043821, 41.5306681], [2.2045938, 41.5312385], [2.2037435, 41.5319898], [2.2028999, 41.5342676], [2.2010626, 41.5363952], [2.2006699, 41.5373378], [2.2025277, 41.5373993], [2.2024355, 41.5381643], [2.2042318, 41.5382804], [2.2043001, 41.5375871], [2.2091154, 41.5376793], [2.211523, 41.537833], [2.213333, 41.5376452], [2.214098, 41.5373344], [2.2171136, 41.5350292], [2.2213278, 41.5315458], [2.2209794, 41.5311906]]], [[[2.2295035, 41.5398684], [2.2213278, 41.5315458], [2.2171136, 41.5350292], [2.214098, 41.5373344], [2.213333, 41.5376452], [2.211523, 41.537833], [2.214443, 41.5417194], [2.2163008, 41.5435396], [2.2141697, 41.5439255], [2.2143439, 41.544629], [2.2166286, 41.5469855], [2.2161573, 41.5471835], [2.2174209, 41.5497619], [2.2210477, 41.5538122], [2.2252927, 41.5559706], [2.226365, 41.5562643], [2.2275296, 41.5554788], [2.2339841, 41.5547582], [2.2328059, 41.5480066], [2.2323107, 41.5467942], [2.232543, 41.5464903], [2.2322288, 41.5446871], [2.2315457, 41.5445368], [2.2312623, 41.5416169], [2.2311974, 41.5409373], [2.2295035, 41.5398684]]], [[[2.2528628, 41.4922347], [2.2473064, 41.4886556], [2.2460223, 41.4904008], [2.2354902, 41.4920946], [2.231375, 41.492904], [2.2252142, 41.492221], [2.2236705, 41.4958034], [2.2110244, 41.4989078], [2.2043035, 41.5035079], [2.2114889, 41.5136063], [2.2153309, 41.52281], [2.2158124, 41.5238823], [2.2209794, 41.5311906], [2.231194, 41.5409066], [2.2329767, 41.5420677], [2.2500692, 41.5354971], [2.2494238, 41.5338954], [2.2534433, 41.5317234], [2.254724, 41.5308833], [2.2638799, 41.5264368], [2.269829, 41.5216728], [2.2736504, 41.5193266], [2.279743, 41.5178137], [2.2822428, 41.5139171], [2.2686507, 41.5092487], [2.2669569, 41.5046417], [2.2635349, 41.5040919], [2.2633881, 41.5016842], [2.2596417, 41.4975451], [2.2556734, 41.4958717], [2.2546181, 41.4920093], [2.2528628, 41.4922347]]], [[[2.1936621, 41.5674692], [2.1878394, 41.5660144], [2.1869105, 41.5723767], [2.1969747, 41.5749722], [2.1973811, 41.5715502], [2.1939831, 41.5692485], [2.1936621, 41.5674692]]], [[[2.1591526, 41.4505193], [2.154368, 41.4493718], [2.1587018, 41.4535587], [2.1575167, 41.4586609], [2.1599756, 41.4641421], [2.1590262, 41.4682983], [2.1562839, 41.4669527], [2.1575543, 41.4718021], [2.1546412, 41.4752207], [2.1603991, 41.4845507], [2.153043, 41.4894548], [2.158473, 41.4880238], [2.1608909, 41.4902437], [2.1683767, 41.4890791], [2.1730213, 41.4926684], [2.1700911, 41.4944442], [2.1708151, 41.4950419], [2.1684041, 41.496343], [2.159033, 41.5073977], [2.161188, 41.5088525], [2.1626599, 41.5161472], [2.1712762, 41.5150953], [2.1724339, 41.5172639], [2.174582, 41.5176532], [2.1753469, 41.5207644], [2.1819347, 41.5175917], [2.1868012, 41.5170487], [2.1893966, 41.515652], [2.1939319, 41.5078041], [2.2007382, 41.5008441], [2.2043035, 41.5035079], [2.2110244, 41.4989078], [2.2236705, 41.4958034], [2.2252142, 41.492221], [2.2236091, 41.490411], [2.216031, 41.4870198], [2.216977, 41.4855206], [2.215669, 41.4829695], [2.212288, 41.480357], [2.2181381, 41.4777615], [2.2139922, 41.4717714], [2.2116767, 41.4711123], [2.2060896, 41.4704122], [2.2028487, 41.4720446], [2.2003728, 41.4732911], [2.1932045, 41.4718158], [2.1893898, 41.470682], [2.1870539, 41.4674308], [2.1861386, 41.4677006], [2.1789021, 41.4678919], [2.1794177, 41.4659931], [2.1804696, 41.4666249], [2.180374, 41.4647841], [2.175002, 41.463483], [2.165006, 41.4580666], [2.1638073, 41.4558912], [2.1656549, 41.4514789], [2.1642479, 41.4499011], [2.1591526, 41.4505193]]], [[[2.1608909, 41.4902437], [2.158473, 41.4880238], [2.153043, 41.4894548], [2.1481286, 41.4932763], [2.1495869, 41.4941232], [2.1415239, 41.4988224], [2.1349703, 41.5066054], [2.1360939, 41.5067112], [2.1349395, 41.5081627], [2.1387337, 41.5075172], [2.1459532, 41.510461], [2.149201, 41.5100171], [2.1499489, 41.5086647], [2.1550715, 41.5113387], [2.159033, 41.5073977], [2.1684041, 41.496343], [2.1708151, 41.4950419], [2.1700911, 41.4944442], [2.1730213, 41.4926684], [2.1683767, 41.4890791], [2.1608909, 41.4902437]]], [[[2.1693261, 41.5412379], [2.1585891, 41.5367129], [2.1564649, 41.5396806], [2.1505158, 41.5409851], [2.1452907, 41.5515173], [2.1408921, 41.5543791], [2.1413053, 41.5588085], [2.1404344, 41.5597852], [2.1391504, 41.5591603], [2.1389318, 41.5612298], [2.1360699, 41.5632379], [2.1316269, 41.5625207], [2.1289768, 41.5662842], [2.1266887, 41.5751122], [2.1373369, 41.5740672], [2.1502699, 41.5761162], [2.157585, 41.5653074], [2.1650436, 41.565205], [2.1686909, 41.5623773], [2.1712659, 41.5550041], [2.1744829, 41.5553729], [2.1738887, 41.5477846], [2.1700809, 41.5479656], [2.1678542, 41.5450115], [2.1693261, 41.5412379]]], [[[2.1652861, 41.6770835], [2.1629228, 41.6768034], [2.1594394, 41.6785964], [2.1533947, 41.6776299], [2.149662, 41.6813797], [2.1387849, 41.6897432], [2.1400417, 41.6931174], [2.13802, 41.6956479], [2.1379892, 41.6985678], [2.1351649, 41.700231], [2.135865, 41.7025157], [2.1341268, 41.704978], [2.1333174, 41.7154657], [2.1425894, 41.7131332], [2.1573528, 41.7162512], [2.1640362, 41.7153735], [2.1670995, 41.712679], [2.1706205, 41.711774], [2.1723895, 41.7133245], [2.1762007, 41.7130444], [2.1793324, 41.7165825], [2.182727, 41.7159063], [2.186709, 41.7182217], [2.1866065, 41.7163161], [2.189079, 41.7148203], [2.1863504, 41.7101894], [2.1850083, 41.7012555], [2.1889151, 41.6917684], [2.1841442, 41.6872605], [2.1789396, 41.6846787], [2.1722802, 41.6840059], [2.1692237, 41.6789925], [2.1652861, 41.6770835]]], [[[2.1943349, 41.6544073], [2.1952365, 41.6501247], [2.1873442, 41.6501691], [2.1797695, 41.6583961], [2.1683016, 41.6589596], [2.1644152, 41.6577916], [2.1635444, 41.6613331], [2.1655422, 41.6675281], [2.1642445, 41.6682794], [2.165853, 41.6721418], [2.1645826, 41.6744504], [2.1652861, 41.6770835], [2.1692237, 41.6789925], [2.1722802, 41.6840059], [2.1789396, 41.6846787], [2.1841442, 41.6872605], [2.1889151, 41.6917684], [2.1850083, 41.7012555], [2.1863504, 41.7101894], [2.189079, 41.7148203], [2.1920092, 41.7155511], [2.1939934, 41.7103636], [2.1953696, 41.7102748], [2.1966981, 41.7066582], [2.2046246, 41.709001], [2.2068136, 41.7107836], [2.2087739, 41.7093356], [2.2117314, 41.7113061], [2.2127047, 41.7084545], [2.215324, 41.7065523], [2.2140468, 41.7042608], [2.223271, 41.7055688], [2.2269968, 41.7076588], [2.2334616, 41.7090283], [2.2384886, 41.7087824], [2.2407767, 41.7053263], [2.2419618, 41.7031919], [2.2328127, 41.6971847], [2.2386184, 41.693674], [2.2375358, 41.6905219], [2.2418423, 41.6880118], [2.2475557, 41.6786647], [2.2445197, 41.6772474], [2.239964, 41.6720087], [2.2350804, 41.6702977], [2.2321024, 41.6676134], [2.2315731, 41.6652536], [2.2280521, 41.6647379], [2.2277038, 41.6623883], [2.2246541, 41.6621015], [2.2211263, 41.6598953], [2.2085895, 41.6595675], [2.2044401, 41.6638978], [2.205936, 41.6665274], [2.203378, 41.6665104], [2.2011992, 41.6634777], [2.1979617, 41.662624], [2.1990955, 41.6618078], [2.1967391, 41.6590962], [2.1968757, 41.6564529], [2.1943349, 41.6544073]]], [[[2.2233017, 41.5762289], [2.2093237, 41.5684118], [2.2046553, 41.5685928], [2.2031526, 41.5756176], [2.2026882, 41.5768368], [2.2077255, 41.5782199], [2.209112, 41.5777145], [2.210799, 41.5813755], [2.2117109, 41.5830181], [2.2091769, 41.5844661], [2.206216, 41.5827005], [2.2071483, 41.5799753], [2.2017012, 41.5805285], [2.1982896, 41.5843124], [2.1958683, 41.5907499], [2.1924088, 41.5932019], [2.191111, 41.5973479], [2.1892054, 41.5982631], [2.1894889, 41.603437], [2.1883414, 41.6062066], [2.1859167, 41.6121147], [2.1913296, 41.611862], [2.1922756, 41.6142287], [2.197125, 41.6141296], [2.1993858, 41.6152498], [2.2001918, 41.6207788], [2.1987677, 41.6280905], [2.2041499, 41.6293746], [2.2036956, 41.6344563], [2.2001781, 41.638469], [2.1986106, 41.6386568], [2.1946456, 41.6444352], [2.1881604, 41.6484206], [2.1873442, 41.6501691], [2.1952365, 41.6501247], [2.1943349, 41.6544073], [2.1968757, 41.6564529], [2.1967391, 41.6590962], [2.1990955, 41.6618078], [2.1979617, 41.662624], [2.2011992, 41.6634777], [2.203378, 41.6665104], [2.205936, 41.6665274], [2.2044401, 41.6638978], [2.2085895, 41.6595675], [2.2211263, 41.6598953], [2.2246541, 41.6621015], [2.2277038, 41.6623883], [2.2280521, 41.6647379], [2.2315731, 41.6652536], [2.2344998, 41.6643349], [2.2345886, 41.6621732], [2.2430785, 41.6607218], [2.2443284, 41.6590996], [2.2437342, 41.65341], [2.2473269, 41.6502443], [2.2473713, 41.6401322], [2.2539829, 41.6385237], [2.2535424, 41.6308738], [2.2541059, 41.6258707], [2.2513055, 41.6188971], [2.2624728, 41.6166739], [2.2662021, 41.614881], [2.2682444, 41.6081259], [2.2622338, 41.5963438], [2.258764, 41.5815121], [2.2479143, 41.5809554], [2.2233017, 41.5762289]]]]}}, {"type": "Feature", "properties": {"Zone": "Z4 - Sud-Ouest (Martorell, Sant Boi, Gav\u00e0)"}, "geometry": {"type": "MultiPolygon", "coordinates": [[[[2.0026183, 41.377911], [2.0002619, 41.3716647], [1.9949241, 41.3756331], [1.9907679, 41.3759848], [1.9892653, 41.3767806], [1.9861746, 41.3755921], [1.9801231, 41.3777709], [1.9791395, 41.3802196], [1.982179, 41.3805747], [1.9812671, 41.3814866], [1.9835177, 41.3868175], [1.9895863, 41.3940883], [1.9950573, 41.3958778], [1.9957232, 41.4017278], [1.9915363, 41.4045316], [1.9893404, 41.4077896], [1.9889716, 41.4083429], [1.9910582, 41.4093606], [1.992875, 41.4088927], [1.998387, 41.4057884], [2.0027788, 41.408739], [2.0097388, 41.4109383], [2.012826, 41.4072295], [2.0221458, 41.3894574], [2.0271182, 41.3832761], [2.0157493, 41.3796868], [2.0026183, 41.377911]]], [[[1.9808539, 41.3685673], [1.9650557, 41.3646604], [1.9542264, 41.3677715], [1.9507533, 41.3697352], [1.950784, 41.3748647], [1.948793, 41.3780817], [1.9489296, 41.3850553], [1.9411159, 41.3962842], [1.9378613, 41.3978585], [1.9334285, 41.3986713], [1.9277082, 41.3963764], [1.9276023, 41.3935897], [1.9246756, 41.3926607], [1.9224694, 41.3898843], [1.917538, 41.3882416], [1.9162335, 41.3893242], [1.9005719, 41.3907585], [1.8786709, 41.3888495], [1.8767823, 41.389495], [1.8750748, 41.3949591], [1.8759183, 41.3988865], [1.8779708, 41.4040945], [1.8828748, 41.4055152], [1.8854464, 41.4081141], [1.8926557, 41.4069358], [1.9002133, 41.408377], [1.9051993, 41.4045624], [1.9089969, 41.4044975], [1.9206185, 41.4068197], [1.9222816, 41.409241], [1.9236852, 41.4078682], [1.9274794, 41.4115462], [1.933548, 41.4148862], [1.9369938, 41.4151013], [1.9357268, 41.4171436], [1.9399103, 41.418998], [1.9453164, 41.4175602], [1.9475806, 41.4166894], [1.9528604, 41.41783], [1.9556129, 41.4175295], [1.9557564, 41.4164435], [1.9642121, 41.4186257], [1.9632559, 41.4170821], [1.9658446, 41.4177822], [1.9673813, 41.4173997], [1.9666847, 41.4164025], [1.9685459, 41.4163478], [1.9703661, 41.4177754], [1.9701749, 41.4169796], [1.9735797, 41.4177514], [1.9734978, 41.4151184], [1.9762196, 41.4158014], [1.9759771, 41.4143705], [1.9785658, 41.4144217], [1.9776471, 41.4133528], [1.9832103, 41.4146335], [1.9840607, 41.4135782], [1.9819228, 41.4126732], [1.9834938, 41.4111467], [1.9877285, 41.4115018], [1.9889716, 41.4083429], [1.9893404, 41.4077896], [1.9915363, 41.4045316], [1.9957232, 41.4017278], [1.9950573, 41.3958778], [1.9895863, 41.3940883], [1.9835177, 41.3868175], [1.9812671, 41.3814866], [1.982179, 41.3805747], [1.9791395, 41.3802196], [1.9801231, 41.3777709], [1.9861746, 41.3755921], [1.9892653, 41.3767806], [1.9907679, 41.3759848], [1.9871582, 41.3728395], [1.9823326, 41.3724366], [1.9808539, 41.3685673]]], [[[1.9907406, 41.3189596], [1.9884593, 41.3141443], [1.9835552, 41.3156094], [1.9811066, 41.3182356], [1.9754615, 41.3197041], [1.9654894, 41.3211009], [1.9643931, 41.3224088], [1.9586455, 41.3207833], [1.9574229, 41.3226206], [1.9560262, 41.3223098], [1.9554114, 41.3233173], [1.9616645, 41.3268929], [1.9615176, 41.3286994], [1.9586933, 41.3300723], [1.9595061, 41.3333508], [1.9495409, 41.3349149], [1.9472186, 41.3365849], [1.9443056, 41.3368888], [1.9453062, 41.3417519], [1.9445344, 41.3500028], [1.9476421, 41.3522021], [1.9455726, 41.3542273], [1.9490355, 41.3622459], [1.9514568, 41.3634344], [1.9542264, 41.3677715], [1.9650557, 41.3646604], [1.9808539, 41.3685673], [1.9823326, 41.3724366], [1.9871582, 41.3728395], [1.9907679, 41.3759848], [1.9949241, 41.3756331], [2.0002619, 41.3716647], [2.0034755, 41.3694552], [2.0006614, 41.3649507], [1.9983904, 41.3639603], [1.9995242, 41.3603369], [1.9984724, 41.35643], [1.9995379, 41.3561397], [1.9997086, 41.3524514], [2.0056577, 41.3473117], [2.0059685, 41.3438761], [2.0114258, 41.3377938], [2.0099744, 41.3369298], [2.0083454, 41.330827], [2.004582, 41.3265957], [1.9977859, 41.3230304], [1.9894668, 41.3212136], [1.9907406, 41.3189596]]], [[[2.0681369, 41.2880564], [2.0705582, 41.2852663], [2.0667128, 41.2883262], [2.0592337, 41.2916149], [2.0562626, 41.2976631], [2.0527655, 41.2987559], [2.0508053, 41.3045684], [2.049149, 41.3053846], [2.0474585, 41.3089978], [2.0295531, 41.3247482], [2.0161352, 41.3370664], [2.0114258, 41.3377938], [2.0059685, 41.3438761], [2.0056577, 41.3473117], [1.9997086, 41.3524514], [1.9995379, 41.3561397], [1.9984724, 41.35643], [1.9995242, 41.3603369], [1.9983904, 41.3639603], [2.0006614, 41.3649507], [2.0034755, 41.3694552], [2.0002619, 41.3716647], [2.0026183, 41.377911], [2.0157493, 41.3796868], [2.0271182, 41.3832761], [2.0272821, 41.3799839], [2.0361545, 41.3705822], [2.0379816, 41.3687107], [2.0437087, 41.3667573], [2.0486469, 41.3616756], [2.0489441, 41.3603642], [2.0363014, 41.3560134], [2.0362126, 41.3539985], [2.0399555, 41.350013], [2.0457851, 41.353032], [2.0460583, 41.3488587], [2.0495588, 41.3474483], [2.0579804, 41.349552], [2.0697488, 41.3450646], [2.0723682, 41.3387979], [2.0771732, 41.3424042], [2.0790208, 41.3397097], [2.0714359, 41.3349593], [2.0725321, 41.3318686], [2.0676998, 41.3291741], [2.0730956, 41.323768], [2.0704079, 41.3223918], [2.0708895, 41.3196699], [2.0630621, 41.3160533], [2.0673787, 41.3078435], [2.0587659, 41.3056032], [2.0598758, 41.3030145], [2.0577584, 41.3024783], [2.0623722, 41.2917584], [2.0681369, 41.2880564]]], [[[2.0748407, 41.2772715], [2.0465262, 41.270677], [2.0230167, 41.2928751], [2.0245295, 41.2954569], [2.0207593, 41.2999887], [2.0119074, 41.306334], [2.0070579, 41.3066618], [2.0023861, 41.3116649], [1.9884593, 41.3141443], [1.9907406, 41.3189596], [1.9894668, 41.3212136], [1.9977859, 41.3230304], [2.004582, 41.3265957], [2.0083454, 41.330827], [2.0099744, 41.3369298], [2.0114258, 41.3377938], [2.0161352, 41.3370664], [2.0295531, 41.3247482], [2.0474585, 41.3089978], [2.049149, 41.3053846], [2.0508053, 41.3045684], [2.0527655, 41.2987559], [2.0562626, 41.2976631], [2.0592337, 41.2916149], [2.0667128, 41.2883262], [2.0705582, 41.2852663], [2.0709441, 41.2817931], [2.0748407, 41.2772715]]], [[[2.0268518, 41.2668692], [2.0031818, 41.2647245], [1.9879641, 41.2912529], [1.9853926, 41.2910036], [1.9842622, 41.2921784], [1.9783062, 41.2965873], [1.9713838, 41.2932781], [1.9637238, 41.2922433], [1.9539942, 41.2837295], [1.9501829, 41.2835177], [1.9479631, 41.2808676], [1.9430146, 41.2802597], [1.9359659, 41.2835075], [1.9292347, 41.2868201], [1.9248566, 41.2909968], [1.9152192, 41.2888624], [1.9296787, 41.2941319], [1.9315331, 41.3019456], [1.9458219, 41.3175116], [1.9554114, 41.3233173], [1.9560262, 41.3223098], [1.9574229, 41.3226206], [1.9586455, 41.3207833], [1.9643931, 41.3224088], [1.9654894, 41.3211009], [1.9754615, 41.3197041], [1.9811066, 41.3182356], [1.9835552, 41.3156094], [1.9884593, 41.3141443], [2.0023861, 41.3116649], [2.0070579, 41.3066618], [2.0119074, 41.306334], [2.0207593, 41.2999887], [2.0245295, 41.2954569], [2.0230167, 41.2928751], [2.0465262, 41.270677], [2.0268518, 41.2668692]]], [[[1.9612513, 41.264581], [1.9446915, 41.2638024], [1.9430556, 41.266292], [1.9397976, 41.269287], [1.9401221, 41.2704379], [1.9375983, 41.2747853], [1.9436635, 41.2792147], [1.9430146, 41.2802597], [1.9448827, 41.2798807], [1.9479631, 41.2808676], [1.9501829, 41.2835177], [1.9527101, 41.2833265], [1.9539942, 41.2837295], [1.9551792, 41.2847677], [1.9611215, 41.2812535], [1.9628598, 41.2813013], [1.9709638, 41.2764861], [1.9737642, 41.2748195], [1.972101, 41.2729651], [1.9692289, 41.2710834], [1.9710389, 41.2675214], [1.9717219, 41.2643556], [1.9612513, 41.264581]]], [[[1.9999443, 41.2645059], [1.9795971, 41.2641849], [1.9717219, 41.2643556], [1.9710389, 41.2675214], [1.9692289, 41.2710834], [1.972101, 41.2729651], [1.9737642, 41.2748195], [1.9709638, 41.2764861], [1.9628598, 41.2813013], [1.9611215, 41.2812535], [1.9551792, 41.2847677], [1.9579557, 41.2871958], [1.9597828, 41.2878378], [1.9609507, 41.2898152], [1.9637238, 41.2922433], [1.9713838, 41.2932781], [1.9754854, 41.2952383], [1.9783062, 41.2965873], [1.9830396, 41.2930834], [1.9842622, 41.2921784], [1.9853926, 41.2910036], [1.9879641, 41.2912529], [1.9901703, 41.2874075], [1.9896922, 41.2870216], [1.9999409, 41.2694544], [2.0008937, 41.2687133], [2.0008834, 41.2671902], [2.0014981, 41.2662613], [2.0021709, 41.2662203], [2.0022768, 41.2646835], [2.0031818, 41.2647245], [1.9999443, 41.2645059]]], [[[1.7031862, 41.2902762], [1.6937162, 41.2803998], [1.6843588, 41.2884355], [1.6871899, 41.3000809], [1.6928043, 41.3104321], [1.686524, 41.3159441], [1.6839046, 41.3164017], [1.683126, 41.3234914], [1.6738608, 41.327552], [1.6656577, 41.3294337], [1.6642063, 41.340082], [1.6659993, 41.3459354], [1.6735978, 41.347742], [1.6769105, 41.3502794], [1.6778906, 41.3561295], [1.6843998, 41.3607364], [1.6843725, 41.3624918], [1.6881461, 41.3643086], [1.6963219, 41.369783], [1.6944436, 41.3720848], [1.6962433, 41.3731708], [1.6981831, 41.3773509], [1.697582, 41.3801205], [1.6994262, 41.3834776], [1.7031008, 41.3828936], [1.7052967, 41.3864965], [1.7053377, 41.3864624], [1.7078547, 41.3843382], [1.7097227, 41.3848573], [1.7099652, 41.3849256], [1.7213033, 41.3800044], [1.7292536, 41.3830097], [1.7296259, 41.386155], [1.7294756, 41.3848709], [1.7296259, 41.3861516], [1.7327336, 41.3848197], [1.7431189, 41.3938082], [1.7403664, 41.3955704], [1.7390276, 41.3947679], [1.7363707, 41.3960485], [1.7362477, 41.393354], [1.7308587, 41.3924319], [1.7291, 41.3935487], [1.7265386, 41.3918719], [1.723547, 41.3933096], [1.7199919, 41.3924217], [1.7157743, 41.3942863], [1.7142955, 41.3935179], [1.7118845, 41.3942556], [1.7132198, 41.3968511], [1.7156377, 41.3968955], [1.7183663, 41.4008706], [1.7280515, 41.4053137], [1.748665, 41.4175465], [1.7511751, 41.4235571], [1.7575955, 41.421911], [1.7685648, 41.4215764], [1.7807294, 41.4166928], [1.7826725, 41.412038], [1.794639, 41.4095211], [1.8032348, 41.416464], [1.8008477, 41.4259101], [1.8056117, 41.4309679], [1.8073876, 41.4359095], [1.8137841, 41.4366301], [1.8158912, 41.4389353], [1.8232097, 41.4335531], [1.8354938, 41.4296701], [1.8396261, 41.4232907], [1.8545432, 41.4095245], [1.8587335, 41.4046033], [1.8622169, 41.4038623], [1.8647509, 41.4062289], [1.8663253, 41.4109964], [1.8759183, 41.3988865], [1.8750748, 41.3949591], [1.8767823, 41.389495], [1.869754, 41.3871351], [1.8709288, 41.3806328], [1.8819528, 41.3731503], [1.8887864, 41.3703909], [1.8912726, 41.3629119], [1.8982496, 41.3548078], [1.896221, 41.3514747], [1.8922766, 41.3505082], [1.8827826, 41.3438693], [1.8739956, 41.3442791], [1.8701468, 41.3426433], [1.8719055, 41.3385452], [1.86137, 41.3337333], [1.8604923, 41.330284], [1.8564659, 41.3270704], [1.8528937, 41.3200012], [1.8480921, 41.3193387], [1.8409511, 41.3158314], [1.8338614, 41.3203803], [1.8294457, 41.3213946], [1.8254022, 41.3191884], [1.8198493, 41.3213023], [1.8142451, 41.3206091], [1.8086034, 41.3234743], [1.7900526, 41.3227845], [1.787925, 41.3258786], [1.7858998, 41.3262508], [1.7780519, 41.3292083], [1.7719184, 41.3250316], [1.7684521, 41.3241779], [1.7634558, 41.3211623], [1.7632611, 41.3157221], [1.7655356, 41.3128636], [1.7631382, 41.3104423], [1.7584083, 41.3083079], [1.7589923, 41.3071126], [1.7567349, 41.3043054], [1.7585073, 41.3034141], [1.7544707, 41.3010884], [1.7533779, 41.3018534], [1.7472341, 41.3010816], [1.7436687, 41.2965634], [1.7398609, 41.2967307], [1.7384744, 41.2947329], [1.7256234, 41.3002859], [1.7126836, 41.3011328], [1.7085821, 41.3010235], [1.7030564, 41.2989164], [1.7011645, 41.2955457], [1.7037258, 41.2921374], [1.7031862, 41.2902762]]], [[[1.8418459, 41.2686177], [1.8351625, 41.2682762], [1.8260921, 41.2736106], [1.8261569, 41.2749595], [1.8247875, 41.2748536], [1.8239064, 41.2796997], [1.8179471, 41.2785454], [1.8137636, 41.2871924], [1.8160824, 41.2890399], [1.8157204, 41.2928375], [1.8097303, 41.2919155], [1.80693, 41.2926292], [1.8005642, 41.2904982], [1.7951547, 41.2921033], [1.783639, 41.2945997], [1.7776216, 41.2893405], [1.7700333, 41.2892244], [1.7614682, 41.2827801], [1.7545253, 41.2823669], [1.7495086, 41.2877149], [1.7506253, 41.2909182], [1.7457895, 41.2930356], [1.7456666, 41.2951291], [1.7436687, 41.2965634], [1.7472341, 41.3010816], [1.7533779, 41.3018534], [1.7544707, 41.3010884], [1.7585073, 41.3034141], [1.7567349, 41.3043054], [1.7589923, 41.3071126], [1.7584083, 41.3083079], [1.7631382, 41.3104423], [1.7655356, 41.3128636], [1.7632611, 41.3157221], [1.7634558, 41.3211623], [1.7684521, 41.3241779], [1.7719184, 41.3250316], [1.7780519, 41.3292083], [1.7858998, 41.3262508], [1.787925, 41.3258786], [1.7900526, 41.3227845], [1.8086034, 41.3234743], [1.8142451, 41.3206091], [1.8198493, 41.3213023], [1.8254022, 41.3191884], [1.8294457, 41.3213946], [1.8338614, 41.3203803], [1.8409511, 41.3158314], [1.8480921, 41.3193387], [1.8507081, 41.3161421], [1.8470812, 41.3063989], [1.851374, 41.3017987], [1.8547959, 41.3004361], [1.8554311, 41.2987354], [1.8591502, 41.2980182], [1.8604377, 41.2992443], [1.8627224, 41.296437], [1.8695218, 41.2962014], [1.8732443, 41.2934523], [1.8696584, 41.2811989], [1.8713865, 41.2805295], [1.8717348, 41.278822], [1.8600893, 41.2713122], [1.8615817, 41.2698881], [1.8565513, 41.2691299], [1.8510188, 41.2717869], [1.8451551, 41.272347], [1.8417434, 41.2707829], [1.8418459, 41.2686177]]], [[[1.7635822, 41.2199253], [1.7617448, 41.2186002], [1.7566324, 41.219413], [1.7571071, 41.2264378], [1.7628684, 41.2334798], [1.7657781, 41.2338213], [1.7707948, 41.2396269], [1.7732366, 41.2394357], [1.7847455, 41.232626], [1.786395, 41.2376189], [1.7894242, 41.2414096], [1.791685, 41.2423112], [1.7916952, 41.2437421], [1.7983649, 41.2462044], [1.7997105, 41.2496059], [1.8099899, 41.2549095], [1.8168611, 41.2560023], [1.8257335, 41.2600116], [1.8344795, 41.2606503], [1.8365935, 41.2648508], [1.8351625, 41.2682762], [1.8418459, 41.2686177], [1.8417434, 41.2707829], [1.8451551, 41.272347], [1.8510188, 41.2717869], [1.8565513, 41.2691299], [1.8615817, 41.2698881], [1.8600893, 41.2713122], [1.8717348, 41.278822], [1.8741766, 41.2793786], [1.883148, 41.2782209], [1.8860884, 41.2800036], [1.8859279, 41.2818751], [1.8895752, 41.2834221], [1.9017603, 41.2802017], [1.9059814, 41.2826776], [1.9087681, 41.2824386], [1.9152192, 41.2888624], [1.9248566, 41.2909968], [1.9292347, 41.2868201], [1.9359659, 41.2835075], [1.9430146, 41.2802597], [1.9436635, 41.2792147], [1.9375983, 41.2747853], [1.9397976, 41.269287], [1.9445002, 41.2640927], [1.9288591, 41.2617431], [1.9302149, 41.2586354], [1.9291528, 41.2591647], [1.9239789, 41.2565522], [1.9229202, 41.2566102], [1.9288283, 41.2593286], [1.9282273, 41.2607937], [1.9277082, 41.2594447], [1.9267827, 41.2603736], [1.9272813, 41.2593184], [1.9267486, 41.26036], [1.9268852, 41.2592057], [1.925502, 41.259998], [1.9260348, 41.2589564], [1.9249215, 41.2598306], [1.9250205, 41.2586012], [1.9246175, 41.2597862], [1.9228861, 41.2593013], [1.9245595, 41.2589291], [1.9232856, 41.2572659], [1.9235315, 41.2583041], [1.9220426, 41.2580206], [1.9209292, 41.2591442], [1.9033073, 41.2538576], [1.9014837, 41.2506884], [1.9016305, 41.2519179], [1.8999981, 41.2518257], [1.8992775, 41.2513134], [1.9009065, 41.2512246], [1.8967333, 41.2497288], [1.8855625, 41.2477412], [1.8694808, 41.2429191], [1.8663219, 41.2396133], [1.8677904, 41.2379296], [1.8660862, 41.2365738], [1.8674693, 41.2379467], [1.865936, 41.2397328], [1.8638049, 41.2386195], [1.8624423, 41.2394698], [1.8614485, 41.2367548], [1.8536006, 41.2343643], [1.8402237, 41.2347502], [1.8290871, 41.2366797], [1.8276528, 41.2361675], [1.8270585, 41.2330051], [1.8242308, 41.2319908], [1.8268161, 41.2332885], [1.8259247, 41.2347092], [1.8244733, 41.2339852], [1.8238791, 41.2346819], [1.8239269, 41.2338793], [1.8233839, 41.2346512], [1.8234317, 41.2338486], [1.8229263, 41.2346272], [1.8229775, 41.233794], [1.8225267, 41.2346033], [1.8225813, 41.2337701], [1.8221169, 41.2345794], [1.8221715, 41.2337496], [1.821608, 41.2345487], [1.8218676, 41.2333568], [1.8251802, 41.2335242], [1.8216661, 41.2331041], [1.8206723, 41.2357337], [1.814771, 41.2360001], [1.8100514, 41.2330085], [1.8083233, 41.2341799], [1.806025, 41.2335208], [1.8063016, 41.232766], [1.8032758, 41.232667], [1.8030333, 41.2314922], [1.8023059, 41.2322982], [1.8000417, 41.2317108], [1.799147, 41.2301569], [1.7983649, 41.2308706], [1.7963807, 41.230232], [1.7883279, 41.2250889], [1.7833043, 41.2234701], [1.7764127, 41.2235589], [1.7710168, 41.2208473], [1.7675232, 41.2211274], [1.7662767, 41.2197135], [1.7635822, 41.2199253]]], [[[1.8860884, 41.2800036], [1.883148, 41.2782209], [1.8741766, 41.2793786], [1.8717348, 41.278822], [1.8713865, 41.2805295], [1.8696584, 41.2811989], [1.8732443, 41.2934523], [1.8695218, 41.2962014], [1.8627224, 41.296437], [1.8604377, 41.2992443], [1.8591502, 41.2980182], [1.8554311, 41.2987354], [1.8547959, 41.3004361], [1.851374, 41.3017987], [1.8470812, 41.3063989], [1.8507081, 41.3161421], [1.8480921, 41.3193387], [1.8528937, 41.3200012], [1.8564659, 41.3270704], [1.8604923, 41.330284], [1.86137, 41.3337333], [1.8719055, 41.3385452], [1.8701468, 41.3426433], [1.8739956, 41.3442791], [1.8827826, 41.3438693], [1.8922766, 41.3505082], [1.896221, 41.3514747], [1.8982496, 41.3548078], [1.900343, 41.3556206], [1.9042602, 41.3547942], [1.9066883, 41.3527827], [1.9102366, 41.3524343], [1.9115514, 41.3558085], [1.9124461, 41.3543297], [1.9282922, 41.3507234], [1.9379262, 41.3514269], [1.9445344, 41.3500028], [1.9453062, 41.3417519], [1.9443056, 41.3368888], [1.9472186, 41.3365849], [1.9495409, 41.3349149], [1.9595061, 41.3333508], [1.9586933, 41.3300723], [1.9615176, 41.3286994], [1.9616645, 41.3268929], [1.9554114, 41.3233173], [1.9458219, 41.3175116], [1.9315331, 41.3019456], [1.9296787, 41.2941319], [1.9152192, 41.2888624], [1.9087681, 41.2824386], [1.9059814, 41.2826776], [1.9017603, 41.2802017], [1.8895752, 41.2834221], [1.8859279, 41.2818751], [1.8860884, 41.2800036]]], [[[1.9476421, 41.3522021], [1.9445344, 41.3500028], [1.9379262, 41.3514269], [1.9282922, 41.3507234], [1.9124461, 41.3543297], [1.9115514, 41.3558085], [1.9102366, 41.3524343], [1.9066883, 41.3527827], [1.9042602, 41.3547942], [1.900343, 41.3556206], [1.8982496, 41.3548078], [1.8912726, 41.3629119], [1.8887864, 41.3703909], [1.8819528, 41.3731503], [1.8709288, 41.3806328], [1.869754, 41.3871351], [1.8767823, 41.389495], [1.8786709, 41.3888495], [1.9005719, 41.3907585], [1.9162335, 41.3893242], [1.917538, 41.3882416], [1.9224694, 41.3898843], [1.9246756, 41.3926607], [1.9276023, 41.3935897], [1.9277082, 41.3963764], [1.9334285, 41.3986713], [1.9378613, 41.3978585], [1.9411159, 41.3962842], [1.9489296, 41.3850553], [1.948793, 41.3780817], [1.950784, 41.3748647], [1.9507533, 41.3697352], [1.9542264, 41.3677715], [1.9514568, 41.3634344], [1.9490355, 41.3622459], [1.9455726, 41.3542273], [1.9476421, 41.3522021]]], [[[1.6659993, 41.3459354], [1.6620548, 41.3457271], [1.6580728, 41.3526939], [1.6544562, 41.3547771], [1.6535956, 41.3565939], [1.6489067, 41.3578985], [1.6501054, 41.3591211], [1.6482476, 41.3598793], [1.6491492, 41.3611053], [1.6474758, 41.3621264], [1.6466459, 41.3662484], [1.6474519, 41.3673037], [1.6624544, 41.3707222], [1.653138, 41.3809948], [1.6435143, 41.3947371], [1.6390507, 41.3980327], [1.6380979, 41.4001261], [1.6392488, 41.4003208], [1.6392727, 41.4028343], [1.6425444, 41.4027626], [1.6440197, 41.4046751], [1.6455394, 41.4072159], [1.6413013, 41.4105046], [1.629427, 41.4149169], [1.6303422, 41.4159893], [1.6281839, 41.4169113], [1.6243078, 41.4174475], [1.6216918, 41.4158048], [1.6075636, 41.4186257], [1.6021233, 41.4213714], [1.5985648, 41.4204699], [1.5890196, 41.4285705], [1.5859904, 41.4285568], [1.5818035, 41.4311181], [1.5788016, 41.4316236], [1.5724666, 41.4433032], [1.5945657, 41.4510384], [1.5985341, 41.4489244], [1.5997123, 41.4491669], [1.5992444, 41.4506969], [1.6022189, 41.4502529], [1.6120681, 41.4544603], [1.6137278, 41.4517077], [1.6200492, 41.4519502], [1.6267393, 41.4455503], [1.6313429, 41.4468481], [1.637835, 41.4437403], [1.6458229, 41.4535553], [1.6419809, 41.4541973], [1.6400036, 41.4595283], [1.638016, 41.4593302], [1.6437909, 41.4641284], [1.64598, 41.4630937], [1.6544528, 41.4665873], [1.6587968, 41.4655389], [1.6612728, 41.4663448], [1.6602482, 41.4739332], [1.664862, 41.4705147], [1.6881598, 41.4710133], [1.6958813, 41.4723622], [1.702732, 41.4742064], [1.7082781, 41.4719558], [1.712325, 41.4676562], [1.71643, 41.4660101], [1.7224917, 41.465573], [1.7258556, 41.4634352], [1.7301177, 41.4641421], [1.7376855, 41.4607407], [1.7418622, 41.461352], [1.7476234, 41.4586643], [1.7519094, 41.4576602], [1.7496281, 41.4532958], [1.7528656, 41.4512979], [1.7692102, 41.445704], [1.7764981, 41.4507754], [1.7746368, 41.4630458], [1.7777548, 41.4647431], [1.7802547, 41.4634215], [1.7828501, 41.4653613], [1.7858144, 41.4651461], [1.7877303, 41.4670825], [1.7982351, 41.4671747], [1.7972687, 41.4703029], [1.7929656, 41.4737966], [1.7905853, 41.4858348], [1.7845304, 41.502094], [1.78382, 41.5036752], [1.780504, 41.505171], [1.7830653, 41.5101776], [1.7866375, 41.5124896], [1.7822866, 41.5173219], [1.7833726, 41.5195383], [1.7817846, 41.5199482], [1.7824745, 41.5214849], [1.7787418, 41.5236399], [1.7803639, 41.5284347], [1.7836868, 41.5268535], [1.8009638, 41.5213688], [1.8028933, 41.5202453], [1.8028694, 41.5174893], [1.8057722, 41.5183601], [1.8057244, 41.5160925], [1.8076745, 41.5160754], [1.8093649, 41.5139956], [1.811414, 41.5144772], [1.8119023, 41.5129779], [1.8198971, 41.511448], [1.8211982, 41.5097882], [1.8222091, 41.5114207], [1.8257881, 41.5099658], [1.8277655, 41.5110792], [1.8299511, 41.5103756], [1.8312523, 41.5122471], [1.8334004, 41.5119773], [1.834985, 41.5136132], [1.8357978, 41.5112021], [1.8389089, 41.5109869], [1.8453976, 41.5069503], [1.8545705, 41.5069059], [1.8559195, 41.5086135], [1.8600893, 41.5078246], [1.8612846, 41.5065405], [1.8644777, 41.5059907], [1.8681626, 41.5072099], [1.8865222, 41.5079612], [1.9031639, 41.5043719], [1.9053086, 41.5018652], [1.9025833, 41.5011242], [1.8995473, 41.502941], [1.8946228, 41.503402], [1.8900431, 41.5011412], [1.898574, 41.4957966], [1.898393, 41.4929245], [1.8936973, 41.4928972], [1.8951555, 41.4909745], [1.8927001, 41.4896904], [1.895357, 41.4861558], [1.8995712, 41.4861729], [1.8998308, 41.482768], [1.897669, 41.4779083], [1.9022521, 41.4755451], [1.906176, 41.4753231], [1.9056808, 41.4716348], [1.906982, 41.4695345], [1.9115889, 41.4682197], [1.9096458, 41.4654979], [1.9067805, 41.4651222], [1.8936529, 41.4626395], [1.8841692, 41.4589102], [1.8820757, 41.4552458], [1.8773663, 41.4551672], [1.8751704, 41.4579881], [1.8610455, 41.4576329], [1.8614178, 41.4595727], [1.8574255, 41.4597674], [1.8558478, 41.4615637], [1.8543042, 41.4599996], [1.8523473, 41.4601977], [1.8524463, 41.4620042], [1.8503153, 41.4616969], [1.8478394, 41.4631449], [1.848577, 41.4650403], [1.8375804, 41.4631278], [1.8360846, 41.461048], [1.8368838, 41.4575031], [1.8333969, 41.4538934], [1.832871, 41.4508369], [1.8273317, 41.45055], [1.8263072, 41.4477121], [1.8251666, 41.447975], [1.8244084, 41.4466295], [1.821591, 41.4471896], [1.8203069, 41.4452259], [1.8155428, 41.4432554], [1.8158912, 41.4389353], [1.8137841, 41.4366301], [1.8073876, 41.4359095], [1.8056117, 41.4309679], [1.8008477, 41.4259101], [1.8032348, 41.416464], [1.794639, 41.4095211], [1.7826725, 41.412038], [1.7807294, 41.4166928], [1.7685648, 41.4215764], [1.7575955, 41.421911], [1.7511751, 41.4235571], [1.748665, 41.4175465], [1.7280515, 41.4053137], [1.7183663, 41.4008706], [1.7156377, 41.3968955], [1.7132198, 41.3968511], [1.7118845, 41.3942556], [1.7142955, 41.3935179], [1.7157743, 41.3942863], [1.7199919, 41.3924217], [1.723547, 41.3933096], [1.7265386, 41.3918719], [1.7291, 41.3935487], [1.7308587, 41.3924319], [1.7362477, 41.393354], [1.7363707, 41.3960485], [1.7390276, 41.3947679], [1.7403664, 41.3955704], [1.7431189, 41.3938082], [1.7327336, 41.3848197], [1.7296259, 41.386155], [1.7292536, 41.3830097], [1.7213033, 41.3800044], [1.7099652, 41.3849256], [1.7078547, 41.3843382], [1.7052967, 41.3864965], [1.7031008, 41.3828936], [1.6994262, 41.3834776], [1.697582, 41.3801205], [1.6981831, 41.3773509], [1.6962433, 41.3731708], [1.6944436, 41.3720848], [1.6963219, 41.369783], [1.6881461, 41.3643086], [1.6843725, 41.3624918], [1.6843998, 41.3607364], [1.6778906, 41.3561295], [1.6769105, 41.3502794], [1.6735978, 41.347742], [1.6659993, 41.3459354]]], [[[1.8779708, 41.4040945], [1.8759183, 41.3988865], [1.8663253, 41.4109964], [1.8647509, 41.4062289], [1.8622169, 41.4038623], [1.8587335, 41.4046033], [1.8545432, 41.4095245], [1.8396261, 41.4232907], [1.8354938, 41.4296701], [1.8232097, 41.4335531], [1.8158912, 41.4389353], [1.8155428, 41.4432554], [1.8203069, 41.4452259], [1.821591, 41.4471896], [1.8244084, 41.4466295], [1.8251666, 41.447975], [1.8263072, 41.4477121], [1.8273317, 41.45055], [1.832871, 41.4508369], [1.8333969, 41.4538934], [1.8368838, 41.4575031], [1.8360846, 41.461048], [1.8375804, 41.4631278], [1.848577, 41.4650403], [1.8478394, 41.4631449], [1.8503153, 41.4616969], [1.8524463, 41.4620042], [1.8523473, 41.4601977], [1.8543042, 41.4599996], [1.8558478, 41.4615637], [1.8574255, 41.4597674], [1.8614178, 41.4595727], [1.8610455, 41.4576329], [1.8751704, 41.4579881], [1.8773663, 41.4551672], [1.8820757, 41.4552458], [1.8841692, 41.4589102], [1.8936529, 41.4626395], [1.9067805, 41.4651222], [1.9074977, 41.458917], [1.9103322, 41.4541666], [1.9136517, 41.4559425], [1.9157519, 41.4552389], [1.918928, 41.455922], [1.9204887, 41.4580632], [1.9194232, 41.4591424], [1.9317209, 41.4658735], [1.9360069, 41.465696], [1.9380252, 41.4633054], [1.9447734, 41.4602762], [1.947584, 41.4610207], [1.9543972, 41.464347], [1.9508386, 41.4670381], [1.9536049, 41.4693365], [1.951771, 41.4697497], [1.9511153, 41.4719968], [1.9455077, 41.4672328], [1.9384384, 41.4751728], [1.934593, 41.4776693], [1.9330289, 41.4855684], [1.9249488, 41.4881297], [1.9223977, 41.4901856], [1.9214654, 41.49399], [1.9247746, 41.4971865], [1.9247405, 41.4956498], [1.9265027, 41.4950043], [1.9295523, 41.4954414], [1.9314102, 41.4970295], [1.9370587, 41.5094262], [1.9516958, 41.5100478], [1.951566, 41.5227827], [1.9493428, 41.5255182], [1.9391351, 41.528503], [1.942721, 41.5283595], [1.950603, 41.5349336], [1.9505927, 41.5365353], [1.9527921, 41.5355312], [1.9539942, 41.5368051], [1.95702, 41.5364499], [1.9591305, 41.5389497], [1.9631637, 41.5391751], [1.9705881, 41.5388234], [1.9744608, 41.5346296], [1.9786512, 41.5338203], [1.9807207, 41.5353127], [1.9861029, 41.5352409], [1.9848837, 41.5279122], [1.9865366, 41.5235716], [1.9821414, 41.525122], [1.978839, 41.5231686], [1.981554, 41.5156246], [1.9854438, 41.5146445], [1.9862634, 41.5125545], [1.988333, 41.4942701], [1.991328, 41.4866646], [1.9952827, 41.4857733], [1.9963516, 41.4842707], [1.9970346, 41.4752616], [1.9983802, 41.4728369], [2.0031101, 41.4731887], [2.0061358, 41.4686261], [2.005808, 41.4630151], [2.0037282, 41.462899], [2.0031306, 41.4616627], [2.000016, 41.4600337], [2.0013001, 41.456062], [1.9963106, 41.4518956], [1.9952314, 41.4358071], [1.9905152, 41.439813], [1.986318, 41.4344137], [1.9830088, 41.4346288], [1.9745155, 41.4321358], [1.9717527, 41.4279216], [1.968966, 41.4277748], [1.9641814, 41.4223072], [1.9558725, 41.4196878], [1.9456409, 41.4202376], [1.9453164, 41.4175602], [1.9399103, 41.418998], [1.9357268, 41.4171436], [1.9369938, 41.4151013], [1.933548, 41.4148862], [1.9274794, 41.4115462], [1.9236852, 41.4078682], [1.9222816, 41.409241], [1.9206185, 41.4068197], [1.9089969, 41.4044975], [1.9051993, 41.4045624], [1.9002133, 41.408377], [1.8926557, 41.4069358], [1.8854464, 41.4081141], [1.8828748, 41.4055152], [1.8779708, 41.4040945]]], [[[1.9136517, 41.4559425], [1.9103322, 41.4541666], [1.9074977, 41.458917], [1.9067805, 41.4651222], [1.9096458, 41.4654979], [1.9115889, 41.4682197], [1.906982, 41.4695345], [1.9056808, 41.4716348], [1.906176, 41.4753231], [1.9022521, 41.4755451], [1.897669, 41.4779083], [1.8998308, 41.482768], [1.8995712, 41.4861729], [1.895357, 41.4861558], [1.8927001, 41.4896904], [1.8951555, 41.4909745], [1.8936973, 41.4928972], [1.898393, 41.4929245], [1.898574, 41.4957966], [1.8900431, 41.5011412], [1.8946228, 41.503402], [1.8995473, 41.502941], [1.9025833, 41.5011242], [1.9053086, 41.5018652], [1.9108035, 41.5015237], [1.9198296, 41.4978422], [1.9205536, 41.4988531], [1.9231525, 41.4985458], [1.9247746, 41.4971865], [1.9214654, 41.49399], [1.9223977, 41.4901856], [1.9249488, 41.4881297], [1.9330289, 41.4855684], [1.934593, 41.4776693], [1.9384384, 41.4751728], [1.9455077, 41.4672328], [1.9511153, 41.4719968], [1.951771, 41.4697497], [1.9536049, 41.4693365], [1.9508386, 41.4670381], [1.9543972, 41.464347], [1.947584, 41.4610207], [1.9447734, 41.4602762], [1.9380252, 41.4633054], [1.9360069, 41.465696], [1.9317209, 41.4658735], [1.9194232, 41.4591424], [1.9204887, 41.4580632], [1.918928, 41.455922], [1.9157519, 41.4552389], [1.9136517, 41.4559425]]]]}}, {"type": "Feature", "properties": {"Zone": "Z5 - Barcelone Nord (Cerdanyola, Hospitalet N.)"}, "geometry": {"type": "MultiPolygon", "coordinates": [[[[2.2384067, 41.437115], [2.2360332, 41.4347996], [2.2321024, 41.437518], [2.2287146, 41.4396559], [2.237669, 41.4443755], [2.2405513, 41.445984], [2.2428121, 41.4479306], [2.2429351, 41.4480024], [2.2437581, 41.4476164], [2.2452061, 41.4450141], [2.2461453, 41.4442014], [2.2480441, 41.4421181], [2.2459745, 41.4397788], [2.2446221, 41.43746], [2.2426926, 41.4385699], [2.2406572, 41.4361144], [2.2384067, 41.437115]]], [[[2.2403123, 41.4311318], [2.2374641, 41.4258896], [2.23632, 41.4267946], [2.2338134, 41.4291544], [2.2316277, 41.4309269], [2.2269217, 41.4298375], [2.2264504, 41.4299263], [2.2246438, 41.4292911], [2.2225128, 41.4323954], [2.220737, 41.4316236], [2.219651, 41.4328871], [2.2174414, 41.4321871], [2.216492, 41.4331194], [2.2170453, 41.4334267], [2.2146923, 41.4348577], [2.2136028, 41.4364764], [2.2130872, 41.4391778], [2.2132886, 41.4399496], [2.2145556, 41.4416332], [2.2166593, 41.4432895], [2.2186503, 41.4451268], [2.2199549, 41.4465407], [2.2208155, 41.4471622], [2.2235886, 41.441821], [2.2245004, 41.4427807], [2.2252312, 41.4419918], [2.2263582, 41.4399564], [2.2272905, 41.438908], [2.2287146, 41.4396559], [2.2321024, 41.437518], [2.2360332, 41.4347996], [2.2384067, 41.437115], [2.2406572, 41.4361144], [2.2426926, 41.4385699], [2.2446221, 41.43746], [2.2409236, 41.4311318], [2.2403123, 41.4311318]]], [[[2.2273998, 41.4126083], [2.225139, 41.4121814], [2.2225401, 41.4124239], [2.2211024, 41.4130284], [2.2213995, 41.413527], [2.2197705, 41.4152482], [2.2179912, 41.4166313], [2.2166798, 41.4181715], [2.2143883, 41.4198927], [2.2116221, 41.4213817], [2.2114821, 41.4218222], [2.2110313, 41.4231746], [2.2094159, 41.4242504], [2.2090027, 41.4250222], [2.2074488, 41.4250085], [2.2060555, 41.4255686], [2.2071961, 41.427563], [2.2072371, 41.429093], [2.2076093, 41.4296428], [2.2067385, 41.4300697], [2.206216, 41.43259], [2.2080636, 41.4331399], [2.2093715, 41.4332594], [2.2105088, 41.4336624], [2.2109083, 41.4336692], [2.2146923, 41.4348577], [2.2170453, 41.4334267], [2.216492, 41.4331194], [2.2174414, 41.4321871], [2.219651, 41.4328871], [2.220737, 41.4316236], [2.2225128, 41.4323954], [2.2246438, 41.4292911], [2.2264504, 41.4299263], [2.2269217, 41.4298375], [2.2316277, 41.4309269], [2.2338134, 41.4291544], [2.23632, 41.4267946], [2.2374641, 41.4258896], [2.2356234, 41.4233966], [2.233448, 41.4207601], [2.2325771, 41.4182603], [2.2304085, 41.416703], [2.2291449, 41.4152926], [2.2282331, 41.4135953], [2.2288615, 41.4131001], [2.2273998, 41.4126083]]], [[[2.2084153, 41.4195375], [2.2050207, 41.4170035], [2.198836, 41.4217027], [2.1954516, 41.4223345], [2.195899, 41.4244519], [2.196541, 41.4265931], [2.1963498, 41.4267127], [2.1973265, 41.4288539], [2.1979993, 41.4295233], [2.1992629, 41.4300594], [2.2008338, 41.4301312], [2.2035249, 41.4292569], [2.2071961, 41.427563], [2.2060555, 41.4255686], [2.2074488, 41.4250085], [2.2090027, 41.4250222], [2.2094159, 41.4242504], [2.2110313, 41.4231746], [2.2114821, 41.4218222], [2.2084153, 41.4195375]]], [[[2.1940412, 41.4189741], [2.1923644, 41.4145686], [2.191193, 41.4153848], [2.191415, 41.4169489], [2.1839359, 41.4226726], [2.1842023, 41.4247592], [2.1842979, 41.4276279], [2.1840998, 41.4286558], [2.1872929, 41.4286251], [2.1889254, 41.4280445], [2.1908788, 41.4277201], [2.193686, 41.4279831], [2.1959366, 41.4269312], [2.1963498, 41.4267127], [2.196541, 41.4265931], [2.195899, 41.4244519], [2.1954516, 41.4223345], [2.1951921, 41.4223618], [2.1940412, 41.4189741]]], [[[2.1555838, 41.4150979], [2.1550306, 41.4149818], [2.1529439, 41.4166245], [2.1519296, 41.4169079], [2.1509359, 41.4180042], [2.1516086, 41.4191585], [2.1517452, 41.4201454], [2.1493922, 41.4203606], [2.1495254, 41.4206816], [2.1509188, 41.4223789], [2.1517623, 41.4252715], [2.151793, 41.4264599], [2.1549691, 41.4282494], [2.1569806, 41.4289974], [2.1577524, 41.4284748], [2.1583398, 41.4255925], [2.1629467, 41.4275801], [2.163739, 41.4280241], [2.170156, 41.4271566], [2.1723553, 41.4265214], [2.1725227, 41.4250666], [2.171826, 41.4239977], [2.1719114, 41.4231712], [2.1709756, 41.4229082], [2.1694969, 41.4211836], [2.1690359, 41.4214432], [2.1696198, 41.4227033], [2.1679669, 41.4231985], [2.1670312, 41.4217403], [2.1664506, 41.4212519], [2.1655764, 41.4215798], [2.1648148, 41.4206474], [2.1653851, 41.4201147], [2.1630833, 41.4199132], [2.1617139, 41.419237], [2.1611743, 41.4181852], [2.1594941, 41.4176387], [2.1585686, 41.4169045], [2.1570694, 41.4178027], [2.1555838, 41.4150979]]], [[[2.1773687, 41.4254866], [2.1761632, 41.4254388], [2.1723553, 41.4265214], [2.170156, 41.4271566], [2.163739, 41.4280241], [2.1661774, 41.4296018], [2.1638278, 41.4310806], [2.1658188, 41.4304044], [2.166273, 41.4304693], [2.1746878, 41.4303088], [2.1830173, 41.4301926], [2.1840998, 41.4286558], [2.1842979, 41.4276279], [2.1798139, 41.4278055], [2.1773243, 41.4281607], [2.1773687, 41.4254866]]], [[[2.1839291, 41.4217642], [2.1807189, 41.4193907], [2.1807565, 41.420364], [2.1761632, 41.4254388], [2.1773687, 41.4254866], [2.1773243, 41.4281607], [2.1798139, 41.4278055], [2.1842979, 41.4276279], [2.1842023, 41.4247592], [2.1839359, 41.4226726], [2.1839291, 41.4217642]]], [[[2.1825938, 41.4310157], [2.1830173, 41.4301926], [2.1746878, 41.4303088], [2.174681, 41.4306195], [2.1720514, 41.4353631], [2.1744419, 41.4381874], [2.1748825, 41.4383991], [2.1854454, 41.4397071], [2.1839257, 41.4347894], [2.1825938, 41.4310157]]], [[[2.174681, 41.4306195], [2.1746878, 41.4303088], [2.166273, 41.4304693], [2.1658188, 41.4304044], [2.1638278, 41.4310806], [2.1631585, 41.4321529], [2.1631482, 41.4330818], [2.1642684, 41.4362818], [2.1633566, 41.4368555], [2.163681, 41.4378868], [2.1619939, 41.4389968], [2.1615295, 41.4399291], [2.1619256, 41.4407521], [2.1627931, 41.4412166], [2.1590638, 41.4425041], [2.1575885, 41.4449493], [2.1562361, 41.4455025], [2.1572299, 41.4460284], [2.1576124, 41.4475242], [2.1583534, 41.4481082], [2.1594907, 41.449768], [2.1591252, 41.4504612], [2.1624311, 41.4501197], [2.164084, 41.4498226], [2.163903, 41.4478589], [2.1655422, 41.4461514], [2.1660067, 41.446066], [2.1666999, 41.4473671], [2.1678098, 41.4474935], [2.168807, 41.4469812], [2.1699989, 41.4446761], [2.1711054, 41.4445429], [2.1717577, 41.4433168], [2.172649, 41.4421147], [2.1729564, 41.4410902], [2.1751113, 41.439007], [2.1748825, 41.4383991], [2.1744419, 41.4381874], [2.1720514, 41.4353631], [2.174681, 41.4306195]]], [[[2.17798, 41.442364], [2.1751113, 41.439007], [2.1729564, 41.4410902], [2.172649, 41.4421147], [2.1717577, 41.4433168], [2.1711054, 41.4445429], [2.1699989, 41.4446761], [2.168807, 41.4469812], [2.1678098, 41.4474935], [2.1675844, 41.4490576], [2.1688002, 41.4494538], [2.169473, 41.4487127], [2.1701355, 41.4487059], [2.171522, 41.4495152], [2.1724202, 41.449242], [2.1747561, 41.4506012], [2.1760368, 41.4506251], [2.1770203, 41.4513423], [2.1782429, 41.4515643], [2.1788782, 41.4521312], [2.1818595, 41.4528655], [2.1821874, 41.4532479], [2.1843662, 41.4544945], [2.1831334, 41.4523737], [2.180152, 41.4501539], [2.1792606, 41.4487776], [2.179428, 41.4479443], [2.1803945, 41.4470871], [2.1796124, 41.4460865], [2.17798, 41.442364]]], [[[2.1854454, 41.4397071], [2.1748825, 41.4383991], [2.1751113, 41.439007], [2.17798, 41.442364], [2.1796124, 41.4460865], [2.1834305, 41.4466056], [2.1876925, 41.4469642], [2.1854454, 41.4397071]]], [[[2.1962098, 41.4276928], [2.1959366, 41.4269312], [2.193686, 41.4279831], [2.1908788, 41.4277201], [2.189745, 41.4300936], [2.1892942, 41.43217], [2.1893932, 41.4338741], [2.1897006, 41.4354007], [2.1897006, 41.4369614], [2.1891644, 41.4376512], [2.1911315, 41.4377058], [2.1908207, 41.4421318], [2.1929996, 41.4422616], [2.1927264, 41.4460284], [2.1962303, 41.447251], [2.1944681, 41.447596], [2.1923883, 41.4469232], [2.1876925, 41.4469642], [2.1887785, 41.4507959], [2.1889151, 41.4526947], [2.1884233, 41.4549316], [2.1883892, 41.4559117], [2.1877233, 41.4569465], [2.1888468, 41.457329], [2.1880545, 41.4584321], [2.1875901, 41.4602899], [2.1874569, 41.4621272], [2.1881126, 41.4604879], [2.1891371, 41.4588965], [2.1906636, 41.4572914], [2.1964761, 41.453026], [2.1995566, 41.4508847], [2.2012675, 41.4494948], [2.201329, 41.449003], [2.20332, 41.4469983], [2.1993038, 41.4450346], [2.1997171, 41.442808], [2.1956019, 41.4424904], [2.1937099, 41.4370365], [2.1936553, 41.4357012], [2.1940822, 41.4345844], [2.1954755, 41.4326549], [2.1961722, 41.4312752], [2.1964078, 41.4299194], [2.1962098, 41.4276928]]], [[[2.189745, 41.4300936], [2.1908788, 41.4277201], [2.1889254, 41.4280445], [2.1872929, 41.4286251], [2.1840998, 41.4286558], [2.1830173, 41.4301926], [2.1825938, 41.4310157], [2.1839257, 41.4347894], [2.1854454, 41.4397071], [2.1876925, 41.4469642], [2.1923883, 41.4469232], [2.1944681, 41.447596], [2.1962303, 41.447251], [2.1927264, 41.4460284], [2.1929996, 41.4422616], [2.1908207, 41.4421318], [2.1911315, 41.4377058], [2.1891644, 41.4376512], [2.1897006, 41.4369614], [2.1897006, 41.4354007], [2.1893932, 41.4338741], [2.1892942, 41.43217], [2.189745, 41.4300936]]], [[[2.1973265, 41.4288539], [2.1963498, 41.4267127], [2.1959366, 41.4269312], [2.1962098, 41.4276928], [2.1964078, 41.4299194], [2.1961722, 41.4312752], [2.1954755, 41.4326549], [2.1940822, 41.4345844], [2.1936553, 41.4357012], [2.1937099, 41.4370365], [2.1956019, 41.4424904], [2.1997171, 41.442808], [2.1993038, 41.4450346], [2.20332, 41.4469983], [2.2057652, 41.4444028], [2.2074488, 41.4421762], [2.2083368, 41.4402091], [2.2097028, 41.4351992], [2.2105088, 41.4336624], [2.2093715, 41.4332594], [2.2080636, 41.4331399], [2.206216, 41.43259], [2.2067385, 41.4300697], [2.2076093, 41.4296428], [2.2072371, 41.429093], [2.2071961, 41.427563], [2.2035249, 41.4292569], [2.2008338, 41.4301312], [2.1992629, 41.4300594], [2.1979993, 41.4295233], [2.1973265, 41.4288539]]], [[[2.216434, 41.4511921], [2.2151157, 41.4508779], [2.2148425, 41.4514038], [2.2116221, 41.4536578], [2.2092076, 41.4558605], [2.2085075, 41.457066], [2.2063355, 41.4553346], [2.204826, 41.4543544], [2.2004103, 41.4517316], [2.1995566, 41.4508847], [2.1964761, 41.453026], [2.1906636, 41.4572914], [2.1891371, 41.4588965], [2.1881126, 41.4604879], [2.1874569, 41.4621272], [2.1870539, 41.4674308], [2.1873476, 41.4674445], [2.1893898, 41.470682], [2.1905749, 41.4703781], [2.1932045, 41.4718158], [2.2003728, 41.4732911], [2.2004616, 41.4732467], [2.2058813, 41.4705181], [2.2060896, 41.4704122], [2.2107034, 41.4706069], [2.2116767, 41.4711123], [2.2218059, 41.4652691], [2.2219937, 41.4638279], [2.2207062, 41.4623662], [2.2210204, 41.4614817], [2.2206072, 41.4606075], [2.2186469, 41.4604606], [2.2178956, 41.4583501], [2.2163827, 41.4576261], [2.2199617, 41.4552833], [2.2182952, 41.4536031], [2.2168506, 41.4523703], [2.216434, 41.4511921]]], [[[2.1666999, 41.4473671], [2.1660067, 41.446066], [2.1655422, 41.4461514], [2.163903, 41.4478589], [2.164084, 41.4498226], [2.1642479, 41.4499011], [2.1656549, 41.4514789], [2.165047, 41.4529338], [2.1649856, 41.4545628], [2.1638073, 41.4558912], [2.165006, 41.4580666], [2.1697769, 41.4606519], [2.1716382, 41.4609934], [2.1720138, 41.4615193], [2.1735301, 41.4623048], [2.175002, 41.463483], [2.1772116, 41.4640191], [2.180374, 41.4647841], [2.1804696, 41.4666249], [2.1794177, 41.4659931], [2.1791992, 41.4667956], [2.1789021, 41.4678919], [2.1796773, 41.4675504], [2.1816444, 41.4678201], [2.1825733, 41.4677962], [2.1861455, 41.4676972], [2.1870368, 41.4674342], [2.1870539, 41.4674308], [2.1874569, 41.4621272], [2.1875901, 41.4602899], [2.1880545, 41.4584321], [2.1888468, 41.457329], [2.1877233, 41.4569465], [2.1883892, 41.4559117], [2.1884233, 41.4549316], [2.1889151, 41.4526947], [2.1887785, 41.4507959], [2.1876925, 41.4469642], [2.1834305, 41.4466056], [2.1796124, 41.4460865], [2.1803945, 41.4470871], [2.179428, 41.4479443], [2.1792606, 41.4487776], [2.180152, 41.4501539], [2.1831334, 41.4523737], [2.1843662, 41.4544945], [2.1821874, 41.4532479], [2.1818595, 41.4528655], [2.1788782, 41.4521312], [2.1782429, 41.4515643], [2.1770203, 41.4513423], [2.1760368, 41.4506251], [2.1747561, 41.4506012], [2.1724202, 41.449242], [2.171522, 41.4495152], [2.1701355, 41.4487059], [2.169473, 41.4487127], [2.1688002, 41.4494538], [2.1675844, 41.4490576], [2.1678098, 41.4474935], [2.1666999, 41.4473671]]], [[[2.2224923, 41.4492454], [2.2209897, 41.4487708], [2.2205047, 41.4492933], [2.2223557, 41.4508676], [2.2182952, 41.4536031], [2.2199617, 41.4552833], [2.2163827, 41.4576261], [2.2178956, 41.4583501], [2.2186469, 41.4604606], [2.2206072, 41.4606075], [2.2210204, 41.4614817], [2.2207062, 41.4623662], [2.2219937, 41.4638279], [2.2218059, 41.4652691], [2.2116767, 41.4711123], [2.212148, 41.4712455], [2.2139922, 41.4717714], [2.217257, 41.4754426], [2.2181381, 41.4777615], [2.212288, 41.480357], [2.2144873, 41.4820577], [2.215669, 41.4829695], [2.216977, 41.4855206], [2.216031, 41.4870198], [2.2236091, 41.490411], [2.2252142, 41.492221], [2.231375, 41.492904], [2.2354902, 41.4920946], [2.2460223, 41.4904008], [2.2473064, 41.4886556], [2.2478118, 41.4854352], [2.2588016, 41.4733458], [2.2604648, 41.4709928], [2.2610214, 41.4705454], [2.262507, 41.4691247], [2.2611, 41.4686364], [2.2601677, 41.4688071], [2.2591226, 41.4675538], [2.258426, 41.4676016], [2.2551201, 41.4664165], [2.2532487, 41.4652315], [2.2533272, 41.4636196], [2.251746, 41.4624721], [2.2513874, 41.4610139], [2.2504654, 41.4603787], [2.2510596, 41.4619667], [2.2505303, 41.4625438], [2.2502707, 41.4648149], [2.2499736, 41.4651564], [2.2470093, 41.4661741], [2.2465687, 41.4666795], [2.2455169, 41.4665463], [2.2431161, 41.4674103], [2.2416954, 41.4674616], [2.2405479, 41.4671235], [2.2392024, 41.4662936], [2.2383418, 41.4653749], [2.2386389, 41.4647056], [2.2372353, 41.4636025], [2.234896, 41.4623765], [2.2320717, 41.4616115], [2.2293942, 41.4611334], [2.2306339, 41.4587633], [2.2310984, 41.4559903], [2.2319351, 41.4528006], [2.2327547, 41.4530191], [2.2323346, 41.4518375], [2.2328332, 41.4511067], [2.2312316, 41.450147], [2.2299407, 41.4501334], [2.22727, 41.4513867], [2.2250024, 41.4501607], [2.224234, 41.4504681], [2.2224923, 41.4492454]]], [[[2.2109083, 41.4336692], [2.2105088, 41.4336624], [2.2097028, 41.4351992], [2.2083368, 41.4402091], [2.2074488, 41.4421762], [2.2057652, 41.4444028], [2.20332, 41.4469983], [2.201329, 41.449003], [2.2012675, 41.4494948], [2.1995566, 41.4508847], [2.2004103, 41.4517316], [2.204826, 41.4543544], [2.2063355, 41.4553346], [2.2085075, 41.457066], [2.2092076, 41.4558605], [2.2116221, 41.4536578], [2.2148425, 41.4514038], [2.2151157, 41.4508779], [2.216434, 41.4511921], [2.2168506, 41.4523703], [2.2182952, 41.4536031], [2.2223557, 41.4508676], [2.2205047, 41.4492933], [2.2209897, 41.4487708], [2.2216864, 41.4480092], [2.2208155, 41.4471622], [2.2199549, 41.4465407], [2.2186503, 41.4451268], [2.2166593, 41.4432895], [2.2145556, 41.4416332], [2.2132886, 41.4399496], [2.2130872, 41.4391778], [2.2136028, 41.4364764], [2.2146923, 41.4348577], [2.2109083, 41.4336692]]], [[[2.2287146, 41.4396559], [2.2272905, 41.438908], [2.2263582, 41.4399564], [2.2252312, 41.4419918], [2.2245004, 41.4427807], [2.2235886, 41.441821], [2.2208155, 41.4471622], [2.2216864, 41.4480092], [2.2209897, 41.4487708], [2.2224923, 41.4492454], [2.224234, 41.4504681], [2.2250024, 41.4501607], [2.22727, 41.4513867], [2.2299407, 41.4501334], [2.2312316, 41.450147], [2.2328332, 41.4511067], [2.2348242, 41.4490508], [2.2353126, 41.4487503], [2.238936, 41.4484361], [2.2428121, 41.4479306], [2.2405513, 41.445984], [2.237669, 41.4443755], [2.2287146, 41.4396559]]], [[[2.2427882, 41.4537534], [2.2398034, 41.4513935], [2.236525, 41.4542383], [2.2327547, 41.4530191], [2.2319351, 41.4528006], [2.2310984, 41.4559903], [2.2306339, 41.4587633], [2.2293942, 41.4611334], [2.2320717, 41.4616115], [2.234896, 41.4623765], [2.2372353, 41.4636025], [2.2386389, 41.4647056], [2.2383418, 41.4653749], [2.2392024, 41.4662936], [2.2405479, 41.4671235], [2.2416954, 41.4674616], [2.2431161, 41.4674103], [2.2455169, 41.4665463], [2.2465687, 41.4666795], [2.2470093, 41.4661741], [2.2499736, 41.4651564], [2.2502707, 41.4648149], [2.2505303, 41.4625438], [2.2510596, 41.4619667], [2.2504654, 41.4603787], [2.2506395, 41.4598186], [2.2515445, 41.4591765], [2.2529686, 41.4586404], [2.2510391, 41.4581588], [2.2480987, 41.4566084], [2.2449329, 41.454754], [2.2427882, 41.4537534]]], [[[2.2429351, 41.4480024], [2.2428121, 41.4479306], [2.238936, 41.4484361], [2.2353126, 41.4487503], [2.2348242, 41.4490508], [2.2328332, 41.4511067], [2.2323346, 41.4518375], [2.2327547, 41.4530191], [2.236525, 41.4542383], [2.2398034, 41.4513935], [2.2427882, 41.4537534], [2.2449329, 41.454754], [2.2480987, 41.4566084], [2.2480441, 41.4556488], [2.2485085, 41.4546481], [2.2506703, 41.4529713], [2.2483617, 41.4508403], [2.2465448, 41.4496553], [2.2429351, 41.4480024]]], [[[2.2547718, 41.4497201], [2.2480441, 41.4421181], [2.2461453, 41.4442014], [2.2452061, 41.4450141], [2.2437581, 41.4476164], [2.2429351, 41.4480024], [2.2465448, 41.4496553], [2.2483617, 41.4508403], [2.2506703, 41.4529713], [2.2547718, 41.4497201]]], [[[2.2676774, 41.4593985], [2.2547718, 41.4497201], [2.2506703, 41.4529713], [2.2485085, 41.4546481], [2.2480441, 41.4556488], [2.2480987, 41.4566084], [2.2510391, 41.4581588], [2.2529686, 41.4586404], [2.2515445, 41.4591765], [2.2506395, 41.4598186], [2.2504654, 41.4603787], [2.2513874, 41.4610139], [2.251746, 41.4624721], [2.2533272, 41.4636196], [2.2532487, 41.4652315], [2.2551201, 41.4664165], [2.258426, 41.4676016], [2.2591226, 41.4675538], [2.2601677, 41.4688071], [2.2611, 41.4686364], [2.262507, 41.4691247], [2.2633198, 41.4682505], [2.2650307, 41.4655525], [2.2655772, 41.4652793], [2.2681624, 41.4632712], [2.2700817, 41.4605323], [2.2676774, 41.4593985]]], [[[2.2967365, 41.4722939], [2.270652, 41.4608021], [2.2683297, 41.4639065], [2.2650307, 41.4655525], [2.2618035, 41.4706342], [2.2704095, 41.4721027], [2.2726567, 41.471044], [2.2760957, 41.4732911], [2.2762971, 41.4750294], [2.2779091, 41.4758695], [2.2792785, 41.474442], [2.2814266, 41.4764296], [2.2862043, 41.4776044], [2.2922866, 41.4824675], [2.29577, 41.4770204], [2.2958178, 41.4757193], [2.2967365, 41.4722939]]], [[[2.3094543, 41.4763408], [2.2967365, 41.4722939], [2.2958178, 41.4757193], [2.297761, 41.4764842], [2.2997349, 41.4758149], [2.3046561, 41.4802238], [2.3042463, 41.4811219], [2.3071594, 41.4821431], [2.3037579, 41.4868695], [2.3057387, 41.4892123], [2.309649, 41.490131], [2.3096182, 41.4882527], [2.3136105, 41.4885156], [2.3153283, 41.4876482], [2.3176437, 41.4885225], [2.3186443, 41.4903837], [2.3210349, 41.4878633], [2.3241665, 41.489284], [2.3249315, 41.4868798], [2.3288896, 41.4889152], [2.3316046, 41.4874638], [2.3335102, 41.4888913], [2.3377108, 41.4843936], [2.344056, 41.4883073], [2.3443497, 41.4881365], [2.3469589, 41.4849161], [2.3226127, 41.4792983], [2.3166601, 41.4763955], [2.3164689, 41.4779288], [2.3131289, 41.4769282], [2.3138768, 41.4762554], [2.3094543, 41.4763408]]], [[[2.2704095, 41.4721027], [2.2618035, 41.4706342], [2.2478118, 41.4854352], [2.2473064, 41.4886556], [2.2528628, 41.4922347], [2.2546181, 41.4920093], [2.2556734, 41.4958717], [2.2596417, 41.4975451], [2.2633881, 41.5016842], [2.2635349, 41.5040919], [2.2669569, 41.5046417], [2.2683775, 41.5041294], [2.2695011, 41.5007007], [2.2770519, 41.4975554], [2.2801391, 41.4950248], [2.2832913, 41.4901993], [2.2922866, 41.4824675], [2.2862043, 41.4776044], [2.2814266, 41.4764296], [2.2792785, 41.474442], [2.2779091, 41.4758695], [2.2762971, 41.4750294], [2.2760957, 41.4732911], [2.2726567, 41.471044], [2.2704095, 41.4721027]]]]}}, {"type": "Feature", "properties": {"Zone": "Z6 - Barcelone Sud-Ouest (Hospitalet S., Cornell\u00e0)"}, "geometry": {"type": "MultiPolygon", "coordinates": [[[[2.1641318, 41.3863053], [2.1585754, 41.3821286], [2.1544466, 41.3852432], [2.1516633, 41.38734], [2.1584798, 41.3924627], [2.1618676, 41.3898945], [2.1653715, 41.3872444], [2.1641318, 41.3863053]]], [[[2.1762759, 41.4007272], [2.1733218, 41.3999861], [2.1697872, 41.4026704], [2.1720446, 41.4043506], [2.1686568, 41.4069666], [2.1742917, 41.4112081], [2.1744112, 41.4061709], [2.1789396, 41.4027353], [2.1762759, 41.4007272]]], [[[2.1652451, 41.4009731], [2.1595521, 41.3966837], [2.1577968, 41.3978824], [2.1533128, 41.4016664], [2.1526434, 41.4024279], [2.1552081, 41.4039237], [2.1548154, 41.4042823], [2.157626, 41.4061709], [2.1592892, 41.4071305], [2.1608669, 41.4077725], [2.1635102, 41.4049107], [2.1616217, 41.4037257], [2.1652451, 41.4009731]]], [[[2.1697872, 41.4026704], [2.1674581, 41.4009287], [2.1663345, 41.4017927], [2.1652451, 41.4009731], [2.1616217, 41.4037257], [2.1635102, 41.4049107], [2.1608669, 41.4077725], [2.1581929, 41.4105968], [2.1620178, 41.4126425], [2.1634897, 41.4109042], [2.1686568, 41.4069666], [2.1720446, 41.4043506], [2.1697872, 41.4026704]]], [[[2.1742917, 41.4112081], [2.1686568, 41.4069666], [2.1634897, 41.4109042], [2.1620178, 41.4126425], [2.1613929, 41.4137011], [2.1596204, 41.4141212], [2.1581929, 41.4154053], [2.1575919, 41.4164913], [2.156663, 41.4156546], [2.1555838, 41.4150979], [2.1570694, 41.4178027], [2.1585686, 41.4169045], [2.1594941, 41.4176387], [2.1611743, 41.4181852], [2.1617139, 41.419237], [2.1630833, 41.4199132], [2.1653851, 41.4201147], [2.1657915, 41.4192063], [2.1648285, 41.4187316], [2.1653783, 41.4181169], [2.1670107, 41.4185608], [2.1675503, 41.4176456], [2.1661877, 41.4165971], [2.1672976, 41.4154531], [2.1681821, 41.415757], [2.1692544, 41.4156068], [2.1695857, 41.4147871], [2.1742917, 41.4112081]]], [[[2.1854864, 41.4030392], [2.1762759, 41.4007272], [2.1789396, 41.4027353], [2.1744112, 41.4061709], [2.1742917, 41.4112081], [2.1754221, 41.4120414], [2.1833656, 41.4060343], [2.1859645, 41.404074], [2.1854864, 41.4030392]]], [[[2.1754221, 41.4120414], [2.1742917, 41.4112081], [2.1695857, 41.4147871], [2.1692544, 41.4156068], [2.1681821, 41.415757], [2.1672976, 41.4154531], [2.1661877, 41.4165971], [2.1675503, 41.4176456], [2.1670107, 41.4185608], [2.1653783, 41.4181169], [2.1648285, 41.4187316], [2.1657915, 41.4192063], [2.1653851, 41.4201147], [2.1648148, 41.4206474], [2.1655764, 41.4215798], [2.1664506, 41.4212519], [2.1670312, 41.4217403], [2.1679669, 41.4231985], [2.1696198, 41.4227033], [2.1690359, 41.4214432], [2.1694969, 41.4211836], [2.1709756, 41.4229082], [2.1719114, 41.4231712], [2.171826, 41.4239977], [2.1725227, 41.4250666], [2.1723553, 41.4265214], [2.1761632, 41.4254388], [2.1807565, 41.420364], [2.1807189, 41.4193907], [2.180432, 41.4178163], [2.1804525, 41.4158629], [2.1802339, 41.415576], [2.1754221, 41.4120414]]], [[[2.1511544, 41.4014717], [2.1511749, 41.400536], [2.150106, 41.400956], [2.1476198, 41.4011609], [2.144898, 41.4026875], [2.1433304, 41.4031656], [2.1419815, 41.4039579], [2.1406837, 41.4044257], [2.1394987, 41.4051941], [2.1372516, 41.4094733], [2.1371355, 41.410228], [2.137979, 41.4106583], [2.1383, 41.4114233], [2.1376887, 41.4138582], [2.1378697, 41.4140256], [2.1406872, 41.4118638], [2.1419098, 41.4116179], [2.1445155, 41.4113994], [2.1453317, 41.4111227], [2.1459498, 41.4101051], [2.1475856, 41.4080628], [2.1490678, 41.4068334], [2.1499386, 41.4061231], [2.1503587, 41.4043506], [2.1499728, 41.4030426], [2.1511544, 41.4014717]]], [[[2.1547061, 41.3953484], [2.1495698, 41.3940609], [2.1452361, 41.3973599], [2.1379243, 41.4028172], [2.1406837, 41.4044257], [2.1419815, 41.4039579], [2.1433304, 41.4031656], [2.144898, 41.4026875], [2.1476198, 41.4011609], [2.150106, 41.400956], [2.1511749, 41.400536], [2.1549657, 41.396735], [2.1556658, 41.3955909], [2.1547061, 41.3953484]]], [[[2.1357728, 41.3922885], [2.1364354, 41.391585], [2.1299467, 41.3925412], [2.1259852, 41.3956148], [2.1262515, 41.396513], [2.1281674, 41.3977766], [2.1261149, 41.3981454], [2.1240112, 41.3996924], [2.1228774, 41.4007238], [2.1252099, 41.4020284], [2.1300047, 41.4047058], [2.1341609, 41.3993338], [2.1329895, 41.3979849], [2.1329759, 41.3969023], [2.1345707, 41.395106], [2.1357728, 41.3922885]]], [[[2.1382112, 41.3828219], [2.1335564, 41.3811416], [2.131784, 41.384806], [2.1337852, 41.3861004], [2.138925, 41.3890544], [2.1370911, 41.3908029], [2.1383273, 41.3912537], [2.1440203, 41.3926129], [2.1443823, 41.3923841], [2.1436241, 41.3904956], [2.1430436, 41.3882314], [2.1426303, 41.385472], [2.1402466, 41.3838976], [2.1382112, 41.3828219]]], [[[2.1032236, 41.3690351], [2.0990264, 41.3686321], [2.0986405, 41.3701006], [2.1012838, 41.3739153], [2.1003754, 41.3764595], [2.1008159, 41.3769342], [2.10224, 41.377689], [2.1018268, 41.378997], [2.101779, 41.379557], [2.1029777, 41.3804006], [2.1047569, 41.3794307], [2.10572, 41.3794238], [2.1077895, 41.3781603], [2.1086502, 41.3779485], [2.1092546, 41.3771187], [2.1095995, 41.3759746], [2.1095381, 41.3746598], [2.1086945, 41.3745232], [2.1065157, 41.3733484], [2.1047194, 41.3714872], [2.1048457, 41.3711252], [2.1036026, 41.3701997], [2.1032236, 41.3690351]]], [[[2.1062084, 41.3652239], [2.1043301, 41.3647833], [2.1032236, 41.3690351], [2.1036026, 41.3701997], [2.1048457, 41.3711252], [2.1047194, 41.3714872], [2.1065157, 41.3733484], [2.1086945, 41.3745232], [2.1095381, 41.3746598], [2.1113515, 41.3744685], [2.1166278, 41.3693561], [2.1166449, 41.3691649], [2.1167508, 41.3679218], [2.1155282, 41.3678535], [2.1108187, 41.3662587], [2.1081174, 41.3654629], [2.1062084, 41.3652239]]], [[[2.1220476, 41.3729283], [2.1166278, 41.3693561], [2.1113515, 41.3744685], [2.1095381, 41.3746598], [2.1095995, 41.3759746], [2.1178504, 41.3758277], [2.1214431, 41.3779724], [2.1217539, 41.3756911], [2.123458, 41.3747213], [2.1238542, 41.374209], [2.1220476, 41.3729283]]], [[[2.1197082, 41.3681574], [2.1189569, 41.3676486], [2.1167508, 41.3679218], [2.1166449, 41.3691649], [2.1166278, 41.3693561], [2.1220476, 41.3729283], [2.1238542, 41.374209], [2.1242742, 41.3736148], [2.1271497, 41.3718014], [2.1288743, 41.3709783], [2.1299569, 41.3701143], [2.1306946, 41.3693732], [2.1282186, 41.3681267], [2.1262174, 41.3682531], [2.1226042, 41.3680652], [2.1197082, 41.3681574]]], [[[2.1404925, 41.3764903], [2.1404515, 41.3753052], [2.1361417, 41.3753872], [2.1359948, 41.3760087], [2.1335564, 41.3811416], [2.1382112, 41.3828219], [2.1402466, 41.3838976], [2.1426303, 41.385472], [2.1423264, 41.3808411], [2.1425484, 41.3806533], [2.1429787, 41.3802844], [2.1421625, 41.3796868], [2.141838, 41.3784164], [2.1418244, 41.3769513], [2.1404925, 41.3764903]]], [[[2.1504202, 41.3759985], [2.1498191, 41.375295], [2.1490712, 41.3756775], [2.1429787, 41.3802844], [2.1425484, 41.3806533], [2.1443755, 41.3809367], [2.1486443, 41.3828082], [2.1544466, 41.3852432], [2.1585754, 41.3821286], [2.1504202, 41.3759985]]], [[[2.1467694, 41.3732459], [2.1423469, 41.3698923], [2.1424664, 41.3726995], [2.1414556, 41.37286], [2.1411379, 41.3738026], [2.1410457, 41.3748579], [2.1404515, 41.3753052], [2.1404925, 41.3764903], [2.1418244, 41.3769513], [2.141838, 41.3784164], [2.1421625, 41.3796868], [2.1429787, 41.3802844], [2.1490712, 41.3756775], [2.1485385, 41.37467], [2.1472407, 41.3736865], [2.1467694, 41.3732459]]], [[[2.1394816, 41.3677579], [2.1339253, 41.3635402], [2.1327334, 41.3655039], [2.1316781, 41.3677954], [2.1306946, 41.3693732], [2.1299569, 41.3701143], [2.1288743, 41.3709783], [2.1271497, 41.3718014], [2.1242742, 41.3736148], [2.1238542, 41.374209], [2.123458, 41.3747213], [2.1217539, 41.3756911], [2.122816, 41.3756843], [2.1269687, 41.3782251], [2.1291407, 41.3794341], [2.1291441, 41.3794341], [2.1304419, 41.3755136], [2.1317669, 41.3718731], [2.1316918, 41.3716716], [2.1319889, 41.3708349], [2.1336213, 41.3711798], [2.1353289, 41.371091], [2.1380575, 41.3719789], [2.1378629, 41.3723409], [2.1404105, 41.3731947], [2.1411379, 41.3738026], [2.1414556, 41.37286], [2.1424664, 41.3726995], [2.1423469, 41.3698923], [2.1394816, 41.3677579]]], [[[2.1263916, 41.344928], [2.1154633, 41.3412909], [2.1141758, 41.3424725], [2.1139026, 41.3464511], [2.1140392, 41.3473083], [2.1153301, 41.3502043], [2.1189774, 41.3527349], [2.1219246, 41.3548932], [2.1251758, 41.357335], [2.1268492, 41.3583766], [2.1261832, 41.359466], [2.1254422, 41.3591382], [2.1240522, 41.3614126], [2.127037, 41.3626216], [2.1307287, 41.36506], [2.1327334, 41.3655039], [2.1339253, 41.3635402], [2.1358275, 41.3619386], [2.1334574, 41.360091], [2.1331398, 41.3570481], [2.1328393, 41.3560612], [2.1320128, 41.3556138], [2.1337511, 41.3530935], [2.1345844, 41.3523695], [2.1375009, 41.3490022], [2.1360324, 41.3484797], [2.1348542, 41.3490944], [2.1337067, 41.3486026], [2.1334472, 41.3478615], [2.1325763, 41.3478308], [2.1304077, 41.3464067], [2.1286933, 41.3461369], [2.1282699, 41.3466697], [2.1269107, 41.3458842], [2.1272624, 41.3453583], [2.1263916, 41.344928]]], [[[2.1189774, 41.3527349], [2.1153301, 41.3502043], [2.1153403, 41.3521167], [2.1158833, 41.3565564], [2.1159926, 41.3594865], [2.1159755, 41.3594831], [2.116177, 41.3628675], [2.1165015, 41.3649029], [2.1168737, 41.3660367], [2.1176489, 41.3668324], [2.1189569, 41.3676486], [2.1197082, 41.3681574], [2.1226042, 41.3680652], [2.1262174, 41.3682531], [2.1282186, 41.3681267], [2.1306946, 41.3693732], [2.1316781, 41.3677954], [2.1327334, 41.3655039], [2.1307287, 41.36506], [2.127037, 41.3626216], [2.1240522, 41.3614126], [2.1254422, 41.3591382], [2.1261832, 41.359466], [2.1268492, 41.3583766], [2.1251758, 41.357335], [2.1219246, 41.3548932], [2.1189774, 41.3527349]]], [[[2.116177, 41.3628675], [2.1072841, 41.359647], [2.1063074, 41.3610745], [2.1043301, 41.3647833], [2.1062084, 41.3652239], [2.1081174, 41.3654629], [2.1108187, 41.3662587], [2.1155282, 41.3678535], [2.1167508, 41.3679218], [2.1189569, 41.3676486], [2.1176489, 41.3668324], [2.1168737, 41.3660367], [2.1165015, 41.3649029], [2.116177, 41.3628675]]], [[[2.1026088, 41.3369537], [2.1009969, 41.3361204], [2.0923772, 41.3407479], [2.094942, 41.3425374], [2.0885899, 41.3458979], [2.0899696, 41.3463794], [2.0915747, 41.3477488], [2.0951161, 41.3496852], [2.0974896, 41.3509112], [2.0998699, 41.3519665], [2.0969227, 41.3563549], [2.0970183, 41.3567818], [2.0955977, 41.3591177], [2.0936852, 41.3585781], [2.0922475, 41.3602481], [2.0905604, 41.3615561], [2.0905092, 41.3616073], [2.0892866, 41.3628948], [2.0891192, 41.3633831], [2.0876951, 41.3639671], [2.0863735, 41.3666172], [2.0872887, 41.3669758], [2.0869541, 41.3678979], [2.0874219, 41.3689293], [2.0924968, 41.3688883], [2.0925309, 41.3688883], [2.0927631, 41.3679184], [2.094399, 41.3669758], [2.0954406, 41.3675017], [2.0968373, 41.3680652], [2.0977082, 41.3682906], [2.0990196, 41.3684307], [2.0989752, 41.3686185], [2.0990264, 41.3686321], [2.1032236, 41.3690351], [2.1043301, 41.3647833], [2.1063074, 41.3610745], [2.1072841, 41.359647], [2.116177, 41.3628675], [2.1159755, 41.3594831], [2.1159926, 41.3594865], [2.1158833, 41.3565564], [2.1153403, 41.3521167], [2.1153301, 41.3502043], [2.1140392, 41.3473083], [2.1139026, 41.3464511], [2.1141758, 41.3424725], [2.1154633, 41.3412909], [2.1075505, 41.3386579], [2.1026088, 41.3369537]]], [[[2.0923772, 41.3407479], [2.0921177, 41.340584], [2.0894949, 41.341711], [2.087702, 41.3428038], [2.0865135, 41.3437703], [2.0859364, 41.3450099], [2.0805098, 41.3467311], [2.0789764, 41.3475747], [2.0756638, 41.354702], [2.0745709, 41.3556036], [2.0726448, 41.35657], [2.0728702, 41.3567988], [2.0747075, 41.3565051], [2.0771459, 41.356512], [2.0788091, 41.3567852], [2.0814592, 41.3577175], [2.0872443, 41.3604393], [2.0905604, 41.3615561], [2.0922475, 41.3602481], [2.0936852, 41.3585781], [2.0955977, 41.3591177], [2.0970183, 41.3567818], [2.0969227, 41.3563549], [2.0998699, 41.3519665], [2.0974896, 41.3509112], [2.0951161, 41.3496852], [2.0915747, 41.3477488], [2.0899696, 41.3463794], [2.0885899, 41.3458979], [2.094942, 41.3425374], [2.0923772, 41.3407479]]], [[[2.0872443, 41.3604393], [2.0814592, 41.3577175], [2.0807522, 41.3585986], [2.0804585, 41.3599066], [2.079574, 41.3599749], [2.0796697, 41.36172], [2.0794682, 41.3625533], [2.0795809, 41.3643462], [2.0786793, 41.366146], [2.0812372, 41.3666958], [2.0823812, 41.3669553], [2.0833614, 41.3659991], [2.0848845, 41.3662962], [2.0853046, 41.3659103], [2.0863735, 41.3666172], [2.0876951, 41.3639671], [2.0891192, 41.3633831], [2.0892866, 41.3628948], [2.0905092, 41.3616073], [2.0905604, 41.3615561], [2.0872443, 41.3604393]]], [[[2.0863735, 41.3666172], [2.0833614, 41.3659991], [2.0815104, 41.3678603], [2.0804381, 41.3673686], [2.0791437, 41.3696737], [2.0753018, 41.3733108], [2.076719, 41.3757014], [2.0801034, 41.3775455], [2.0801922, 41.380964], [2.0827774, 41.3829209], [2.0851099, 41.3886412], [2.0900515, 41.3902429], [2.0927153, 41.3932481], [2.0979336, 41.3940302], [2.1000851, 41.3899014], [2.1021239, 41.3873844], [2.1009969, 41.3869712], [2.1035924, 41.3847104], [2.1016799, 41.3835732], [2.1029777, 41.3804006], [2.1016731, 41.3794819], [2.10224, 41.377689], [2.0999485, 41.3764732], [2.1012838, 41.3739153], [2.0986405, 41.3701006], [2.0990196, 41.3684307], [2.095082, 41.3680106], [2.094399, 41.3669758], [2.0925309, 41.3688883], [2.0874219, 41.3689293], [2.0863735, 41.3666172]]], [[[2.0575159, 41.3542136], [2.0495588, 41.3474483], [2.0460583, 41.3488587], [2.0457851, 41.353032], [2.0399555, 41.350013], [2.0362126, 41.3539985], [2.0363014, 41.3560134], [2.0489441, 41.3603642], [2.0486469, 41.3616756], [2.0437087, 41.3667573], [2.0379816, 41.3687107], [2.0361545, 41.3705822], [2.0466389, 41.3752267], [2.0525333, 41.3792975], [2.0587932, 41.3778529], [2.0595411, 41.3793043], [2.0650872, 41.3792702], [2.0674573, 41.3770264], [2.0728326, 41.3753223], [2.0753018, 41.3733108], [2.0791437, 41.3696737], [2.0651453, 41.3625225], [2.0611564, 41.3649233], [2.0587385, 41.3634344], [2.0600841, 41.3622323], [2.0582741, 41.3610472], [2.0590835, 41.3592782], [2.0548351, 41.3563515], [2.0575159, 41.3542136]]], [[[2.0562319, 41.3512971], [2.0537798, 41.3510376], [2.0575159, 41.3542136], [2.0561738, 41.3552825], [2.0548351, 41.3563515], [2.0574511, 41.3581546], [2.0590835, 41.3592782], [2.0582741, 41.3610472], [2.05894, 41.3614843], [2.0600841, 41.3622323], [2.0589127, 41.3632807], [2.0587385, 41.3634344], [2.0603334, 41.3644179], [2.0611564, 41.3649233], [2.0634343, 41.3634617], [2.0651453, 41.3625225], [2.0700528, 41.3650292], [2.0724399, 41.3660128], [2.0730512, 41.3658044], [2.0739323, 41.3667231], [2.0768829, 41.3685194], [2.0791437, 41.3696737], [2.0804381, 41.3673686], [2.0805371, 41.367413], [2.0807078, 41.3671261], [2.0815104, 41.3678603], [2.0823812, 41.3669553], [2.0812372, 41.3666958], [2.0786793, 41.366146], [2.0795809, 41.3643462], [2.0794682, 41.3625533], [2.0796697, 41.36172], [2.079574, 41.3599749], [2.0804585, 41.3599066], [2.0807522, 41.3585986], [2.0814592, 41.3577175], [2.0788091, 41.3567852], [2.0771459, 41.356512], [2.0747075, 41.3565051], [2.0728702, 41.3567988], [2.0726448, 41.35657], [2.0708587, 41.3574067], [2.0688677, 41.356734], [2.0678056, 41.3567408], [2.0579394, 41.3528749], [2.056669, 41.3520075], [2.0562319, 41.3512971]]], [[[2.1056585, 41.286301], [2.0918035, 41.2822439], [2.0901779, 41.2850853], [2.0887606, 41.2882306], [2.0899115, 41.2887087], [2.0945731, 41.2914203], [2.0999485, 41.2943675], [2.1001534, 41.2948217], [2.0985381, 41.297325], [2.0984595, 41.2986603], [2.1010789, 41.3027789], [2.101096, 41.3036531], [2.0981282, 41.3073312], [2.0966598, 41.3096261], [2.0952732, 41.3111493], [2.0942931, 41.3119143], [2.0924387, 41.3129456], [2.0928622, 41.3147932], [2.0935315, 41.3194138], [2.0937774, 41.3217019], [2.0947371, 41.3219751], [2.0941702, 41.3228767], [2.0928997, 41.3260903], [2.0927119, 41.3267221], [2.0926197, 41.3291024], [2.0937467, 41.3320326], [2.0936715, 41.3324868], [2.0923875, 41.3342626], [2.0910624, 41.3338289], [2.0900891, 41.336117], [2.0870053, 41.3354886], [2.0870531, 41.3371313], [2.086674, 41.3385691], [2.0856871, 41.3397268], [2.0846318, 41.3401605], [2.0835424, 41.3411714], [2.0774874, 41.3419466], [2.0771732, 41.3424042], [2.0758277, 41.3413933], [2.0730512, 41.3400717], [2.0734678, 41.3396243], [2.0723682, 41.3387979], [2.0697488, 41.3450646], [2.0712002, 41.3450304], [2.0726004, 41.3454505], [2.0759779, 41.3481757], [2.0766029, 41.3484523], [2.0778631, 41.3483397], [2.0789764, 41.3475747], [2.0805098, 41.3467311], [2.0859364, 41.3450099], [2.0865135, 41.3437703], [2.087702, 41.3428038], [2.0894949, 41.341711], [2.0921177, 41.340584], [2.0923772, 41.3407479], [2.1009969, 41.3361204], [2.1048662, 41.3339928], [2.1055561, 41.3333781], [2.1083291, 41.33109], [2.1107129, 41.3282418], [2.112861, 41.3256771], [2.1191721, 41.3228289], [2.1313366, 41.3208072], [2.139608, 41.3211589], [2.1471963, 41.3200456], [2.1491907, 41.3203256], [2.1506763, 41.3209643], [2.1458371, 41.314479], [2.1385425, 41.3056783], [2.1198039, 41.2920657], [2.1056585, 41.286301]]], [[[2.0918035, 41.2822439], [2.0748407, 41.2772715], [2.0709441, 41.2817931], [2.0705582, 41.2852663], [2.0681369, 41.2880564], [2.0623722, 41.2917584], [2.0611701, 41.2945519], [2.0577584, 41.3024783], [2.0598758, 41.3030145], [2.0587659, 41.3056032], [2.0637109, 41.3065799], [2.0666308, 41.3076488], [2.0673787, 41.3078435], [2.0673446, 41.3079118], [2.067348, 41.3079118], [2.0738572, 41.3091446], [2.077525, 41.3101043], [2.0779314, 41.3109307], [2.0785188, 41.3135569], [2.0785939, 41.3148717], [2.0783548, 41.316248], [2.0793145, 41.3165724], [2.0842322, 41.3194719], [2.0863667, 41.3195026], [2.0913937, 41.319325], [2.0935315, 41.3194138], [2.0928622, 41.3147932], [2.0924387, 41.3129456], [2.0942931, 41.3119143], [2.0952732, 41.3111493], [2.0966598, 41.3096261], [2.0981282, 41.3073312], [2.101096, 41.3036531], [2.1010789, 41.3027789], [2.0984595, 41.2986603], [2.0985381, 41.297325], [2.1001534, 41.2948217], [2.0999485, 41.2943675], [2.0945731, 41.2914203], [2.0899115, 41.2887087], [2.0887606, 41.2882306], [2.0901779, 41.2850853], [2.0918035, 41.2822439]]], [[[2.0738572, 41.3091446], [2.067348, 41.3079118], [2.0644144, 41.3143834], [2.0630621, 41.3160533], [2.0708895, 41.3196699], [2.070565, 41.3215073], [2.0707699, 41.3216643], [2.0704079, 41.3223918], [2.0718388, 41.323126], [2.0730956, 41.323768], [2.0685194, 41.3283545], [2.0676998, 41.3291741], [2.0725321, 41.3318686], [2.0718525, 41.3337811], [2.0723784, 41.3340441], [2.0714359, 41.3349593], [2.0725936, 41.3351403], [2.0741304, 41.3362878], [2.073905, 41.3365029], [2.0790208, 41.3397097], [2.0790037, 41.3397336], [2.0774874, 41.3419466], [2.0835424, 41.3411714], [2.0846318, 41.3401605], [2.0856871, 41.3397268], [2.086674, 41.3385691], [2.0870531, 41.3371313], [2.0870053, 41.3354886], [2.0900891, 41.336117], [2.0910624, 41.3338289], [2.0923875, 41.3342626], [2.0936715, 41.3324868], [2.0937467, 41.3320326], [2.0926197, 41.3291024], [2.0927119, 41.3267221], [2.0928997, 41.3260903], [2.0941702, 41.3228767], [2.0947371, 41.3219751], [2.0937774, 41.3217019], [2.0935315, 41.3194138], [2.0913937, 41.319325], [2.0863667, 41.3195026], [2.0842322, 41.3194719], [2.0793145, 41.3165724], [2.0783548, 41.316248], [2.0785939, 41.3148717], [2.0785188, 41.3135569], [2.0779314, 41.3109307], [2.077525, 41.3101043], [2.0738572, 41.3091446]]], [[[2.0726004, 41.3454505], [2.0712002, 41.3450304], [2.0697488, 41.3450646], [2.0688028, 41.3455017], [2.0673241, 41.3459901], [2.0631679, 41.3475747], [2.0616004, 41.348927], [2.0579804, 41.349552], [2.0495588, 41.3474483], [2.0537798, 41.3510376], [2.0562319, 41.3512971], [2.056669, 41.3520075], [2.0579394, 41.3528749], [2.0678056, 41.3567408], [2.0688677, 41.356734], [2.0708587, 41.3574067], [2.0726448, 41.35657], [2.0745709, 41.3556036], [2.0756638, 41.354702], [2.0789764, 41.3475747], [2.0778631, 41.3483397], [2.0766029, 41.3484523], [2.0759779, 41.3481757], [2.0726004, 41.3454505]]], [[[2.1731886, 41.3170881], [2.1723451, 41.3169242], [2.1691895, 41.3263362], [2.1712181, 41.3351164], [2.169835, 41.3352803], [2.1703951, 41.3378656], [2.1697906, 41.3379373], [2.172147, 41.3487734], [2.1723929, 41.3493539], [2.1821532, 41.3644623], [2.180374, 41.3651112], [2.1791992, 41.3641003], [2.1759958, 41.3652649], [2.1733662, 41.3618156], [2.176771, 41.3605589], [2.1754562, 41.3585303], [2.1709586, 41.36019], [2.1699682, 41.3586567], [2.173134, 41.3565325], [2.1674444, 41.3478718], [2.1675093, 41.3484387], [2.1633156, 41.3512698], [2.162554, 41.3518948], [2.1615056, 41.3511503], [2.1659452, 41.345891], [2.1654124, 41.3456349], [2.1617412, 41.3499823], [2.160423, 41.3493505], [2.160423, 41.3487324], [2.1615739, 41.3473663], [2.1533264, 41.3426535], [2.1529064, 41.3427184], [2.1531522, 41.3444225], [2.1529405, 41.3455529], [2.1508812, 41.3457476], [2.149621, 41.336619], [2.1456732, 41.3365029], [2.144355, 41.3347681], [2.1473568, 41.3337162], [2.1459225, 41.3313905], [2.1459806, 41.3310115], [2.1485146, 41.3301235], [2.1557238, 41.3418339], [2.1592277, 41.3434219], [2.1606996, 41.3428482], [2.1666111, 41.3418851], [2.1657847, 41.3400034], [2.1649651, 41.3401366], [2.1591799, 41.3269816], [2.1588452, 41.3277774], [2.1546412, 41.3278047], [2.1538284, 41.3271422], [2.152418, 41.3231431], [2.1510281, 41.3209438], [2.1506763, 41.3209643], [2.1491907, 41.3203256], [2.1471963, 41.3200456], [2.139608, 41.3211589], [2.1313366, 41.3208072], [2.1191721, 41.3228289], [2.112861, 41.3256771], [2.1107129, 41.3282418], [2.1083291, 41.33109], [2.1055561, 41.3333781], [2.1048662, 41.3339928], [2.1009969, 41.3361204], [2.1026088, 41.3369537], [2.1075505, 41.3386579], [2.1154633, 41.3412909], [2.1263916, 41.344928], [2.1272624, 41.3453583], [2.1269107, 41.3458842], [2.1282699, 41.3466697], [2.1286933, 41.3461369], [2.1304077, 41.3464067], [2.1325763, 41.3478308], [2.1334472, 41.3478615], [2.1337067, 41.3486026], [2.1348542, 41.3490944], [2.1360324, 41.3484797], [2.1375009, 41.3490022], [2.1345844, 41.3523695], [2.1337511, 41.3530935], [2.1320128, 41.3556138], [2.1328393, 41.3560612], [2.1331398, 41.3570481], [2.1334574, 41.360091], [2.1358275, 41.3619386], [2.1339253, 41.3635402], [2.1394816, 41.3677579], [2.1423469, 41.3698923], [2.1467694, 41.3732459], [2.1472407, 41.3736865], [2.1504372, 41.3712823], [2.1495049, 41.3707393], [2.1491668, 41.3697523], [2.1482277, 41.3694244], [2.1470256, 41.3694962], [2.1459601, 41.369199], [2.1453351, 41.3685194], [2.1433953, 41.3674915], [2.1421454, 41.3660401], [2.1421283, 41.3654117], [2.1441842, 41.3637588], [2.1474012, 41.3625635], [2.1484292, 41.3618327], [2.1492898, 41.3607057], [2.148979, 41.3597495], [2.1463699, 41.3599646], [2.1446862, 41.3591143], [2.1448399, 41.3579224], [2.1457381, 41.3568706], [2.1465816, 41.3550469], [2.1508266, 41.3527827], [2.152821, 41.3521475], [2.1546481, 41.3521236], [2.1564956, 41.3526632], [2.1592277, 41.3544629], [2.1631892, 41.3580385], [2.1667716, 41.3604906], [2.1691725, 41.3623347], [2.1709278, 41.3646672], [2.1721436, 41.3667538], [2.1733833, 41.3683931], [2.1738477, 41.3700597], [2.1763954, 41.373024], [2.1776385, 41.3723], [2.1771296, 41.3720916], [2.1764603, 41.3674608], [2.1765935, 41.3671466], [2.1796534, 41.3660367], [2.1805447, 41.3653741], [2.1823206, 41.3647287], [2.1831709, 41.364838], [2.1835466, 41.3632739], [2.1831675, 41.3632056], [2.1773789, 41.3541658], [2.1760914, 41.352004], [2.1752889, 41.3502897], [2.1719763, 41.3350037], [2.1700023, 41.326466], [2.1731886, 41.3170881]]]]}}, {"type": "Feature", "properties": {"Zone": "Z7 - Barcelone Sud-Est & Littoral"}, "geometry": {"type": "MultiPolygon", "coordinates": [[[[2.1836046, 41.3812748], [2.1824674, 41.3812714], [2.1822523, 41.3812953], [2.1750157, 41.3867629], [2.1728164, 41.3884773], [2.1734379, 41.3889827], [2.1758421, 41.388952], [2.1773687, 41.3901097], [2.1798412, 41.3910386], [2.1802169, 41.3913596], [2.1813507, 41.3922236], [2.1823957, 41.3914279], [2.1846053, 41.3897579], [2.1868695, 41.3914108], [2.1879452, 41.3905707], [2.1935596, 41.3862916], [2.1912681, 41.384789], [2.1857391, 41.3821969], [2.1845711, 41.3826853], [2.1836046, 41.3812748]]], [[[2.1868661, 41.4086502], [2.1833656, 41.4060343], [2.1754221, 41.4120414], [2.1802339, 41.415576], [2.1804525, 41.4158629], [2.1833519, 41.4179564], [2.1868866, 41.4152687], [2.1868661, 41.4086502]]], [[[2.1866065, 41.4043643], [2.1859645, 41.404074], [2.1833656, 41.4060343], [2.1868661, 41.4086502], [2.1868866, 41.4152687], [2.1889698, 41.413667], [2.191193, 41.4153848], [2.1923644, 41.4145686], [2.1970806, 41.4110442], [2.1914252, 41.4067958], [2.1879657, 41.4041969], [2.1866065, 41.4043643]]], [[[2.2053042, 41.3916328], [2.2063082, 41.3907449], [2.2046621, 41.3920563], [2.2043377, 41.3918001], [2.2008475, 41.3945186], [2.1998127, 41.3936238], [2.196039, 41.3964617], [2.1938807, 41.3981044], [2.1973333, 41.4023221], [2.193785, 41.4050131], [2.2039518, 41.4075676], [2.2099794, 41.402988], [2.2068546, 41.4004096], [2.2109561, 41.3975614], [2.2103278, 41.396892], [2.2092452, 41.3964993], [2.2114718, 41.3948191], [2.2097233, 41.395888], [2.2068068, 41.3937741], [2.2053042, 41.3916328]]], [[[2.2236398, 41.4062016], [2.2216659, 41.4046307], [2.2188211, 41.4067378], [2.2211809, 41.4089917], [2.2207745, 41.4099172], [2.2192002, 41.4107368], [2.2192207, 41.4113857], [2.2141322, 41.4101153], [2.2118714, 41.4118194], [2.2073361, 41.408418], [2.2039518, 41.4075676], [2.193785, 41.4050131], [2.1914252, 41.4067958], [2.1970806, 41.4110442], [2.2050207, 41.4170035], [2.2084153, 41.4195375], [2.2114821, 41.4218222], [2.2116221, 41.4213817], [2.2143883, 41.4198927], [2.2166798, 41.4181715], [2.2179912, 41.4166313], [2.2197705, 41.4152482], [2.2213995, 41.413527], [2.2211024, 41.4130284], [2.2225401, 41.4124239], [2.2232539, 41.4119902], [2.2292064, 41.4095723], [2.2261328, 41.4052829], [2.2246917, 41.4063519], [2.2236398, 41.4062016]]], [[[2.2050207, 41.4170035], [2.1970806, 41.4110442], [2.1923644, 41.4145686], [2.1940412, 41.4189741], [2.1951921, 41.4223618], [2.1954516, 41.4223345], [2.198836, 41.4217027], [2.2050207, 41.4170035]]], [[[2.191193, 41.4153848], [2.1889698, 41.413667], [2.1868866, 41.4152687], [2.1833519, 41.4179564], [2.1804525, 41.4158629], [2.180432, 41.4178163], [2.1807189, 41.4193907], [2.1839291, 41.4217642], [2.1839359, 41.4226726], [2.191415, 41.4169489], [2.191193, 41.4153848]]]]}}]}